--------------------------------------------------------
--  File created - sábado-noviembre-11-2023   
--------------------------------------------------------
DROP TABLE "SYSTEM"."FACTURAC" cascade constraints;
DROP TABLE "SYSTEM"."DETALLECOT" cascade constraints;
DROP TABLE "SYSTEM"."SUCURSAL" cascade constraints;
DROP TABLE "SYSTEM"."CODPAIS" cascade constraints;
DROP TABLE "SYSTEM"."TRASLADO" cascade constraints;
DROP TABLE "SYSTEM"."ORDENCOMPRA" cascade constraints;
DROP TABLE "SYSTEM"."FACTURAV" cascade constraints;
DROP TABLE "SYSTEM"."CUADRES" cascade constraints;
DROP TABLE "SYSTEM"."ESTADO_CIVIL" cascade constraints;
DROP TABLE "SYSTEM"."FORMAPAGO" cascade constraints;
DROP TABLE "SYSTEM"."PROVEEDOR" cascade constraints;
DROP TABLE "SYSTEM"."DETALLEFACC" cascade constraints;
DROP TABLE "SYSTEM"."ACCESO" cascade constraints;
DROP TABLE "SYSTEM"."MONEDA" cascade constraints;
DROP TABLE "SYSTEM"."CATCOLA" cascade constraints;
DROP TABLE "SYSTEM"."INVENTARIO" cascade constraints;
DROP TABLE "SYSTEM"."DETALLETRAS" cascade constraints;
DROP TABLE "SYSTEM"."DETALLEOC" cascade constraints;
DROP TABLE "SYSTEM"."COTIZACION" cascade constraints;
DROP TABLE "SYSTEM"."CLIENTES" cascade constraints;
DROP TABLE "SYSTEM"."BODEGA" cascade constraints;
DROP TABLE "SYSTEM"."DEPARTAMENTO" cascade constraints;
DROP TABLE "SYSTEM"."EMPRESA" cascade constraints;
DROP TABLE "SYSTEM"."ROL" cascade constraints;
DROP TABLE "SYSTEM"."COLABORADOR" cascade constraints;
DROP TABLE "SYSTEM"."GENERO" cascade constraints;
DROP TABLE "SYSTEM"."BITACORA" cascade constraints;
DROP TABLE "SYSTEM"."MUNICIPIO" cascade constraints;
DROP TABLE "SYSTEM"."DETALLEFACV" cascade constraints;
DROP TABLE "SYSTEM"."ESTADO" cascade constraints;
DROP TABLE "SYSTEM"."ENVIO" cascade constraints;
DROP TABLE "SYSTEM"."USUARIO" cascade constraints;
DROP TABLE "SYSTEM"."BODEGA" cascade constraints;
DROP TABLE "SYSTEM"."USUARIO" cascade constraints;
DROP TABLE "SYSTEM"."ESTADO" cascade constraints;
DROP TABLE "SYSTEM"."PROVEEDOR" cascade constraints;
DROP TABLE "SYSTEM"."FORMAPAGO" cascade constraints;
DROP TABLE "SYSTEM"."COTIZACION" cascade constraints;
DROP TABLE "SYSTEM"."INVENTARIO" cascade constraints;
DROP TABLE "SYSTEM"."SUCURSAL" cascade constraints;
DROP TABLE "SYSTEM"."CLIENTES" cascade constraints;
DROP TABLE "SYSTEM"."MONEDA" cascade constraints;
DROP TABLE "SYSTEM"."CODPAIS" cascade constraints;
DROP TABLE "SYSTEM"."MUNICIPIO" cascade constraints;
DROP TABLE "SYSTEM"."DEPARTAMENTO" cascade constraints;
DROP TABLE "SYSTEM"."FACTURAC" cascade constraints;
DROP TABLE "SYSTEM"."TRASLADO" cascade constraints;
DROP TABLE "SYSTEM"."ORDENCOMPRA" cascade constraints;
DROP TABLE "SYSTEM"."GENERO" cascade constraints;
DROP TABLE "SYSTEM"."CATCOLA" cascade constraints;
DROP TABLE "SYSTEM"."ESTADO_CIVIL" cascade constraints;
DROP TABLE "SYSTEM"."FACTURAV" cascade constraints;
DROP TABLE "SYSTEM"."COLABORADOR" cascade constraints;
DROP TABLE "SYSTEM"."ROL" cascade constraints;
DROP TABLE "SYSTEM"."DETALLECOT" cascade constraints;
DROP TABLE "SYSTEM"."CUADRES" cascade constraints;
DROP TABLE "SYSTEM"."DETALLEFACC" cascade constraints;
DROP TABLE "SYSTEM"."ACCESO" cascade constraints;
DROP TABLE "SYSTEM"."DETALLETRAS" cascade constraints;
DROP TABLE "SYSTEM"."DETALLEOC" cascade constraints;
DROP TABLE "SYSTEM"."EMPRESA" cascade constraints;
DROP TABLE "SYSTEM"."BITACORA" cascade constraints;
DROP TABLE "SYSTEM"."DETALLEFACV" cascade constraints;
DROP TABLE "SYSTEM"."ENVIO" cascade constraints;
--------------------------------------------------------
--  DDL for Sequence PROVEEDOR_SEQ
--------------------------------------------------------

   CREATE SEQUENCE  "SYSTEM"."PROVEEDOR_SEQ"  MINVALUE 1 MAXVALUE 9999999999999999999999999999 INCREMENT BY 1 START WITH 1 CACHE 20 NOORDER  NOCYCLE  NOKEEP  NOSCALE  GLOBAL ;
--------------------------------------------------------
--  DDL for Table FACTURAC
--------------------------------------------------------

  CREATE TABLE "SYSTEM"."FACTURAC" 
   (	"NUMFACC" NUMBER DEFAULT "SYSTEM"."SEQ_FACC"."NEXTVAL", 
	"IDPROVEEDOR" NUMBER, 
	"FECHACOMPRA" DATE, 
	"METODOPAGO" NUMBER, 
	"UBICACION" NUMBER, 
	"IDUSUARIOCREA" NUMBER, 
	"FECHACREACION" DATE DEFAULT SYSDATE, 
	"IDUSUARIOMODIF" NUMBER, 
	"FECHAMODIF" DATE DEFAULT NULL, 
	"ESTADO" NUMBER
   ) PCTFREE 10 PCTUSED 40 INITRANS 1 MAXTRANS 255 
 NOCOMPRESS LOGGING
  STORAGE(INITIAL 65536 NEXT 1048576 MINEXTENTS 1 MAXEXTENTS 2147483645
  PCTINCREASE 0 FREELISTS 1 FREELIST GROUPS 1
  BUFFER_POOL DEFAULT FLASH_CACHE DEFAULT CELL_FLASH_CACHE DEFAULT)
  TABLESPACE "SYSTEM" ;
--------------------------------------------------------
--  DDL for Table DETALLECOT
--------------------------------------------------------

  CREATE TABLE "SYSTEM"."DETALLECOT" 
   (	"NUMDETALLECOT" NUMBER DEFAULT "SYSTEM"."SEQ_DETACOT"."NEXTVAL", 
	"IDCOTI" NUMBER, 
	"PRODUCTO" NUMBER, 
	"CANTIDAD" NUMBER, 
	"IDUSUARIOCREA" NUMBER, 
	"FECHACREACION" DATE DEFAULT SYSDATE, 
	"IDUSUARIOMODIF" NUMBER, 
	"FECHAMODIF" DATE, 
	"ESTADO" NUMBER
   ) PCTFREE 10 PCTUSED 40 INITRANS 1 MAXTRANS 255 
 NOCOMPRESS LOGGING
  STORAGE(INITIAL 65536 NEXT 1048576 MINEXTENTS 1 MAXEXTENTS 2147483645
  PCTINCREASE 0 FREELISTS 1 FREELIST GROUPS 1
  BUFFER_POOL DEFAULT FLASH_CACHE DEFAULT CELL_FLASH_CACHE DEFAULT)
  TABLESPACE "SYSTEM" ;
--------------------------------------------------------
--  DDL for Table SUCURSAL
--------------------------------------------------------

  CREATE TABLE "SYSTEM"."SUCURSAL" 
   (	"IDSUCURSAL" NUMBER DEFAULT "SYSTEM"."SEQ_SUCURSAL"."NEXTVAL", 
	"NOMBRESUCURSAL" VARCHAR2(50 BYTE), 
	"IDENCARGADO" NUMBER, 
	"IDUSUARIOCREA" NUMBER, 
	"FECHACREA" DATE DEFAULT SYSDATE, 
	"IDUSUARIOMODIF" NUMBER, 
	"FECHAMODIF" DATE, 
	"ESTADO" NUMBER
   ) PCTFREE 10 PCTUSED 40 INITRANS 1 MAXTRANS 255 
 NOCOMPRESS LOGGING
  STORAGE(INITIAL 65536 NEXT 1048576 MINEXTENTS 1 MAXEXTENTS 2147483645
  PCTINCREASE 0 FREELISTS 1 FREELIST GROUPS 1
  BUFFER_POOL DEFAULT FLASH_CACHE DEFAULT CELL_FLASH_CACHE DEFAULT)
  TABLESPACE "SYSTEM" ;
--------------------------------------------------------
--  DDL for Table CODPAIS
--------------------------------------------------------

  CREATE TABLE "SYSTEM"."CODPAIS" 
   (	"IDCOD" NUMBER DEFAULT "SYSTEM"."SEQ_CODPAIS"."NEXTVAL", 
	"PAIS" VARCHAR2(50 BYTE), 
	"CODIGO" VARCHAR2(10 BYTE), 
	"IDUSUARIOCREA" NUMBER, 
	"FECHACREACION" DATE DEFAULT SYSDATE, 
	"IDUSUARIOMODIF" NUMBER, 
	"FECHAMODIF" DATE, 
	"ESTADO" NUMBER
   ) PCTFREE 10 PCTUSED 40 INITRANS 1 MAXTRANS 255 
 NOCOMPRESS LOGGING
  STORAGE(INITIAL 65536 NEXT 1048576 MINEXTENTS 1 MAXEXTENTS 2147483645
  PCTINCREASE 0 FREELISTS 1 FREELIST GROUPS 1
  BUFFER_POOL DEFAULT FLASH_CACHE DEFAULT CELL_FLASH_CACHE DEFAULT)
  TABLESPACE "SYSTEM" ;
--------------------------------------------------------
--  DDL for Table TRASLADO
--------------------------------------------------------

  CREATE TABLE "SYSTEM"."TRASLADO" 
   (	"IDTRASLADO" NUMBER DEFAULT "SYSTEM"."SEQ_TRASLADO"."NEXTVAL", 
	"FECHATRASLADO" DATE, 
	"RESPONSABLE" NUMBER, 
	"LUGARORIGEN" NUMBER, 
	"DESTINOBODEGA" NUMBER, 
	"IDUSUARIOCRE" NUMBER, 
	"FECHACREACION" DATE DEFAULT SYSDATE, 
	"IDUSUARIOMOD" NUMBER, 
	"FECHAMODIF" DATE, 
	"ESTADO" NUMBER, 
	"DESTINOSUCURSAL" NUMBER
   ) PCTFREE 10 PCTUSED 40 INITRANS 1 MAXTRANS 255 
 NOCOMPRESS LOGGING
  STORAGE(INITIAL 65536 NEXT 1048576 MINEXTENTS 1 MAXEXTENTS 2147483645
  PCTINCREASE 0 FREELISTS 1 FREELIST GROUPS 1
  BUFFER_POOL DEFAULT FLASH_CACHE DEFAULT CELL_FLASH_CACHE DEFAULT)
  TABLESPACE "SYSTEM" ;
--------------------------------------------------------
--  DDL for Table ORDENCOMPRA
--------------------------------------------------------

  CREATE TABLE "SYSTEM"."ORDENCOMPRA" 
   (	"IDORDEN" NUMBER DEFAULT SYSTEM.SEQ_OCOMPRA.NEXTVAL, 
	"FECHAORDEN" DATE, 
	"PROVEEDOR" NUMBER, 
	"METODOPAGO" NUMBER, 
	"DATOSENTREGA" VARCHAR2(256 BYTE), 
	"IDUSUARIOCREA" NUMBER, 
	"FECHACREA" DATE DEFAULT SYSDATE, 
	"IDUSUARIOMODIF" NUMBER, 
	"FECHAMODIF" DATE, 
	"ESTADO" NUMBER
   ) PCTFREE 10 PCTUSED 40 INITRANS 1 MAXTRANS 255 
 NOCOMPRESS LOGGING
  STORAGE(INITIAL 65536 NEXT 1048576 MINEXTENTS 1 MAXEXTENTS 2147483645
  PCTINCREASE 0 FREELISTS 1 FREELIST GROUPS 1
  BUFFER_POOL DEFAULT FLASH_CACHE DEFAULT CELL_FLASH_CACHE DEFAULT)
  TABLESPACE "SYSTEM" ;
--------------------------------------------------------
--  DDL for Table FACTURAV
--------------------------------------------------------

  CREATE TABLE "SYSTEM"."FACTURAV" 
   (	"NUMFACV" NUMBER DEFAULT "SYSTEM"."SEQ_FACV"."NEXTVAL", 
	"IDCLIENTE" NUMBER, 
	"IDVENDEDOR" NUMBER, 
	"FECHAVENTA" DATE, 
	"IDSUCURSAL" NUMBER, 
	"METODOPAGO" NUMBER, 
	"IDUSUARIOCREA" NUMBER, 
	"FECHACREACION" DATE DEFAULT SYSDATE, 
	"ESTADO" NUMBER
   ) PCTFREE 10 PCTUSED 40 INITRANS 1 MAXTRANS 255 
 NOCOMPRESS LOGGING
  STORAGE(INITIAL 65536 NEXT 1048576 MINEXTENTS 1 MAXEXTENTS 2147483645
  PCTINCREASE 0 FREELISTS 1 FREELIST GROUPS 1
  BUFFER_POOL DEFAULT FLASH_CACHE DEFAULT CELL_FLASH_CACHE DEFAULT)
  TABLESPACE "SYSTEM" ;
--------------------------------------------------------
--  DDL for Table CUADRES
--------------------------------------------------------

  CREATE TABLE "SYSTEM"."CUADRES" 
   (	"IDCUADRE" NUMBER DEFAULT "SYSTEM"."SEQ_CUADRES"."NEXTVAL", 
	"COLABORADOR" NUMBER, 
	"CAJAINICIAL" NUMBER(12,2), 
	"VENTASEFECTIVO" NUMBER(12,2), 
	"VENTASTARJETA" NUMBER(12,2), 
	"INGRESOSADICIONALES" NUMBER(12,2), 
	"GASTOS" NUMBER(12,2), 
	"CAJAFINAL" NUMBER(12,2), 
	"DIFERENCIA" NUMBER(12,2), 
	"IDUSUARIOCREA" NUMBER(12,2), 
	"FECHACREA" DATE DEFAULT SYSDATE, 
	"IDUSUARIOMODIF" NUMBER, 
	"FECHAMODIF" DATE, 
	"ESTADO" NUMBER
   ) PCTFREE 10 PCTUSED 40 INITRANS 1 MAXTRANS 255 
 NOCOMPRESS LOGGING
  STORAGE(INITIAL 65536 NEXT 1048576 MINEXTENTS 1 MAXEXTENTS 2147483645
  PCTINCREASE 0 FREELISTS 1 FREELIST GROUPS 1
  BUFFER_POOL DEFAULT FLASH_CACHE DEFAULT CELL_FLASH_CACHE DEFAULT)
  TABLESPACE "SYSTEM" ;
--------------------------------------------------------
--  DDL for Table ESTADO_CIVIL
--------------------------------------------------------

  CREATE TABLE "SYSTEM"."ESTADO_CIVIL" 
   (	"IDECIVIL" NUMBER DEFAULT "SYSTEM"."SEQ_CIVIL"."NEXTVAL", 
	"ESTADO_CIVIL" VARCHAR2(20 BYTE), 
	"IDCREADOR" NUMBER, 
	"FECHACREA" DATE DEFAULT SYSDATE, 
	"IDMODIF" NUMBER, 
	"FECHAMODIF" DATE
   ) PCTFREE 10 PCTUSED 40 INITRANS 1 MAXTRANS 255 
 NOCOMPRESS LOGGING
  STORAGE(INITIAL 65536 NEXT 1048576 MINEXTENTS 1 MAXEXTENTS 2147483645
  PCTINCREASE 0 FREELISTS 1 FREELIST GROUPS 1
  BUFFER_POOL DEFAULT FLASH_CACHE DEFAULT CELL_FLASH_CACHE DEFAULT)
  TABLESPACE "SYSTEM" ;
--------------------------------------------------------
--  DDL for Table FORMAPAGO
--------------------------------------------------------

  CREATE TABLE "SYSTEM"."FORMAPAGO" 
   (	"IDPAGO" NUMBER DEFAULT "SYSTEM"."SEQ_PAGO"."NEXTVAL", 
	"NOMMETODO" VARCHAR2(100 BYTE), 
	"MONEDA" NUMBER, 
	"IDUSUARIOCREA" NUMBER, 
	"FECHACREACION" DATE DEFAULT SYSDATE, 
	"IDUSUARIOMODIF" NUMBER, 
	"FECHAMODIF" DATE, 
	"ESTADO" NUMBER
   ) PCTFREE 10 PCTUSED 40 INITRANS 1 MAXTRANS 255 
 NOCOMPRESS LOGGING
  STORAGE(INITIAL 65536 NEXT 1048576 MINEXTENTS 1 MAXEXTENTS 2147483645
  PCTINCREASE 0 FREELISTS 1 FREELIST GROUPS 1
  BUFFER_POOL DEFAULT FLASH_CACHE DEFAULT CELL_FLASH_CACHE DEFAULT)
  TABLESPACE "SYSTEM" ;
--------------------------------------------------------
--  DDL for Table PROVEEDOR
--------------------------------------------------------

  CREATE TABLE "SYSTEM"."PROVEEDOR" 
   (	"IDPROVEEDOR" NUMBER DEFAULT "SYSTEM"."SEQ_PROV"."NEXTVAL", 
	"NOMBREEMPRESA" VARCHAR2(50 BYTE), 
	"NOMBRECONTACTO" VARCHAR2(50 BYTE), 
	"EMAIL" VARCHAR2(100 BYTE), 
	"CODIGOPAIS" NUMBER, 
	"TELEFONO" VARCHAR2(20 BYTE), 
	"DESCDIRECCION" VARCHAR2(100 BYTE), 
	"CALLE" VARCHAR2(10 BYTE), 
	"AVENIDA" VARCHAR2(10 BYTE), 
	"ZONA" NUMBER, 
	"MUNICIPIO" NUMBER, 
	"DEPARTAMENTO" NUMBER, 
	"TIPOPRODUCTO" VARCHAR2(30 BYTE), 
	"FECHAALTA" DATE, 
	"IDUSUARIOCREA" NUMBER, 
	"FECHACREACION" DATE DEFAULT SYSDATE, 
	"IDUSUARIOMODIF" NUMBER, 
	"FECHAMODIF" DATE, 
	"ESTADO" NUMBER DEFAULT NULL, 
	"NIT" NUMBER
   ) PCTFREE 10 PCTUSED 40 INITRANS 1 MAXTRANS 255 
 NOCOMPRESS LOGGING
  STORAGE(INITIAL 65536 NEXT 1048576 MINEXTENTS 1 MAXEXTENTS 2147483645
  PCTINCREASE 0 FREELISTS 1 FREELIST GROUPS 1
  BUFFER_POOL DEFAULT FLASH_CACHE DEFAULT CELL_FLASH_CACHE DEFAULT)
  TABLESPACE "SYSTEM" ;
--------------------------------------------------------
--  DDL for Table DETALLEFACC
--------------------------------------------------------

  CREATE TABLE "SYSTEM"."DETALLEFACC" 
   (	"NUMDETALLEC" NUMBER DEFAULT "SYSTEM"."SEQ_DETALLEFACC"."NEXTVAL", 
	"IDFACC" NUMBER, 
	"PRODUCTO" NUMBER, 
	"CANTIDAD" NUMBER, 
	"PRECIO" NUMBER, 
	"IDUSUARIOCREA" NUMBER, 
	"FECHACREACION" DATE DEFAULT SYSDATE, 
	"IDUSUARIOMODIF" NUMBER, 
	"FECHAMODIF" DATE, 
	"ESTADO" NUMBER
   ) PCTFREE 10 PCTUSED 40 INITRANS 1 MAXTRANS 255 
 NOCOMPRESS LOGGING
  STORAGE(INITIAL 65536 NEXT 1048576 MINEXTENTS 1 MAXEXTENTS 2147483645
  PCTINCREASE 0 FREELISTS 1 FREELIST GROUPS 1
  BUFFER_POOL DEFAULT FLASH_CACHE DEFAULT CELL_FLASH_CACHE DEFAULT)
  TABLESPACE "SYSTEM" ;
--------------------------------------------------------
--  DDL for Table ACCESO
--------------------------------------------------------

  CREATE TABLE "SYSTEM"."ACCESO" 
   (	"IDACCESO" NUMBER DEFAULT "SYSTEM"."SEQ_ACC"."NEXTVAL", 
	"IDUSUARIO" NUMBER, 
	"FECHA" DATE, 
	"TIPOACCESO" VARCHAR2(20 BYTE), 
	"REGISTROINICIO" DATE, 
	"REGISTROFINAL" DATE, 
	"UBICACIONGE" VARCHAR2(50 BYTE), 
	"IDUSUARIOCREA" NUMBER, 
	"FECHACREA" DATE DEFAULT SYSDATE, 
	"ESTADO" NUMBER
   ) PCTFREE 10 PCTUSED 40 INITRANS 1 MAXTRANS 255 
 NOCOMPRESS LOGGING
  STORAGE(INITIAL 65536 NEXT 1048576 MINEXTENTS 1 MAXEXTENTS 2147483645
  PCTINCREASE 0 FREELISTS 1 FREELIST GROUPS 1
  BUFFER_POOL DEFAULT FLASH_CACHE DEFAULT CELL_FLASH_CACHE DEFAULT)
  TABLESPACE "SYSTEM" ;
--------------------------------------------------------
--  DDL for Table MONEDA
--------------------------------------------------------

  CREATE TABLE "SYSTEM"."MONEDA" 
   (	"IDMONEDA" NUMBER DEFAULT "SYSTEM"."SEQ_MONEDA"."NEXTVAL", 
	"NOMBRE" VARCHAR2(50 BYTE), 
	"SIMBOLO" VARCHAR2(10 BYTE), 
	"PAIS" VARCHAR2(50 BYTE), 
	"VALORCAMBIO" NUMBER(10,2), 
	"IDUSUARIOCREA" NUMBER, 
	"FECHACREA" DATE DEFAULT SYSDATE, 
	"IDUSUARIOMODIF" NUMBER, 
	"FECHAMODIF" DATE, 
	"ESTADO" NUMBER, 
	"CODIGOISO" VARCHAR2(5 BYTE)
   ) PCTFREE 10 PCTUSED 40 INITRANS 1 MAXTRANS 255 
 NOCOMPRESS LOGGING
  STORAGE(INITIAL 65536 NEXT 1048576 MINEXTENTS 1 MAXEXTENTS 2147483645
  PCTINCREASE 0 FREELISTS 1 FREELIST GROUPS 1
  BUFFER_POOL DEFAULT FLASH_CACHE DEFAULT CELL_FLASH_CACHE DEFAULT)
  TABLESPACE "SYSTEM" ;
--------------------------------------------------------
--  DDL for Table CATCOLA
--------------------------------------------------------

  CREATE TABLE "SYSTEM"."CATCOLA" 
   (	"IDCAT" NUMBER DEFAULT "SYSTEM"."SEQ_CATCOLA"."NEXTVAL", 
	"NOMBRECAT" VARCHAR2(100 BYTE), 
	"IDUSUARIOCRE" NUMBER, 
	"FECHACREACION" DATE DEFAULT SYSDATE, 
	"IDUSUARIOMOD" NUMBER, 
	"FECHAMODIF" DATE, 
	"ESTADO" NUMBER
   ) PCTFREE 10 PCTUSED 40 INITRANS 1 MAXTRANS 255 
 NOCOMPRESS LOGGING
  STORAGE(INITIAL 65536 NEXT 1048576 MINEXTENTS 1 MAXEXTENTS 2147483645
  PCTINCREASE 0 FREELISTS 1 FREELIST GROUPS 1
  BUFFER_POOL DEFAULT FLASH_CACHE DEFAULT CELL_FLASH_CACHE DEFAULT)
  TABLESPACE "SYSTEM" ;
--------------------------------------------------------
--  DDL for Table INVENTARIO
--------------------------------------------------------

  CREATE TABLE "SYSTEM"."INVENTARIO" 
   (	"IDPRODUCTO" NUMBER DEFAULT "SYSTEM"."SEQ_INVENTARIO"."NEXTVAL", 
	"NOMBRE" VARCHAR2(100 BYTE), 
	"IDPROVEEDOR" NUMBER, 
	"PUNITARIO" NUMBER(10,2), 
	"FADQUISICION" DATE, 
	"LOTE" NVARCHAR2(20), 
	"STOCK" NUMBER, 
	"UBICACION" NUMBER, 
	"FECHACREACION" DATE DEFAULT SYSDATE, 
	"IDUSUARIOCREA" NUMBER, 
	"IDUSUARIOACTUA" NUMBER, 
	"FECHAACTUA" DATE, 
	"ESTADO" NUMBER DEFAULT NULL
   ) PCTFREE 10 PCTUSED 40 INITRANS 1 MAXTRANS 255 
 NOCOMPRESS LOGGING
  STORAGE(INITIAL 65536 NEXT 1048576 MINEXTENTS 1 MAXEXTENTS 2147483645
  PCTINCREASE 0 FREELISTS 1 FREELIST GROUPS 1
  BUFFER_POOL DEFAULT FLASH_CACHE DEFAULT CELL_FLASH_CACHE DEFAULT)
  TABLESPACE "SYSTEM" ;
--------------------------------------------------------
--  DDL for Table DETALLETRAS
--------------------------------------------------------

  CREATE TABLE "SYSTEM"."DETALLETRAS" 
   (	"NUMDETALLETRAS" NUMBER DEFAULT "SYSTEM"."SEQ_DETALLETRAS"."NEXTVAL", 
	"IDTRASL" NUMBER, 
	"PRODUCTO" NUMBER, 
	"CANTIDAD" NUMBER, 
	"IDUSUARIOCREA" NUMBER, 
	"FECHACREACION" DATE DEFAULT SYSDATE, 
	"IDUSUARIOMODIF" NUMBER, 
	"FECHAMODIF" DATE, 
	"ESTADO" NUMBER
   ) PCTFREE 10 PCTUSED 40 INITRANS 1 MAXTRANS 255 
 NOCOMPRESS LOGGING
  STORAGE(INITIAL 65536 NEXT 1048576 MINEXTENTS 1 MAXEXTENTS 2147483645
  PCTINCREASE 0 FREELISTS 1 FREELIST GROUPS 1
  BUFFER_POOL DEFAULT FLASH_CACHE DEFAULT CELL_FLASH_CACHE DEFAULT)
  TABLESPACE "SYSTEM" ;
--------------------------------------------------------
--  DDL for Table DETALLEOC
--------------------------------------------------------

  CREATE TABLE "SYSTEM"."DETALLEOC" 
   (	"NUMDETALLEOC" NUMBER DEFAULT "SYSTEM"."SEQ_DETALLEOC"."NEXTVAL", 
	"IDOC" NUMBER, 
	"PRODUCTO" NUMBER, 
	"CANTIDAD" NUMBER, 
	"PRECIO" NUMBER, 
	"IDUSUARIOCREA" NUMBER, 
	"FECHACREACION" DATE DEFAULT SYSDATE, 
	"IDUSUARIOMODIF" NUMBER, 
	"FECHAMODIF" DATE, 
	"ESTADO" NUMBER
   ) PCTFREE 10 PCTUSED 40 INITRANS 1 MAXTRANS 255 
 NOCOMPRESS LOGGING
  STORAGE(INITIAL 65536 NEXT 1048576 MINEXTENTS 1 MAXEXTENTS 2147483645
  PCTINCREASE 0 FREELISTS 1 FREELIST GROUPS 1
  BUFFER_POOL DEFAULT FLASH_CACHE DEFAULT CELL_FLASH_CACHE DEFAULT)
  TABLESPACE "SYSTEM" ;
--------------------------------------------------------
--  DDL for Table COTIZACION
--------------------------------------------------------

  CREATE TABLE "SYSTEM"."COTIZACION" 
   (	"IDCOTIZACION" NUMBER DEFAULT "SYSTEM"."SEQ_COTI"."NEXTVAL", 
	"FECHA" DATE, 
	"IDCLIENTE" NUMBER, 
	"IDVENDEDOR" NUMBER, 
	"VIGENCIA" DATE, 
	"IDUSUARIOCRE" NUMBER, 
	"FECHACREACION" DATE DEFAULT SYSDATE, 
	"IDUSUARIOMODIF" NUMBER, 
	"FECHAMODIF" DATE, 
	"ESTADO" NUMBER
   ) PCTFREE 10 PCTUSED 40 INITRANS 1 MAXTRANS 255 
 NOCOMPRESS LOGGING
  STORAGE(INITIAL 65536 NEXT 1048576 MINEXTENTS 1 MAXEXTENTS 2147483645
  PCTINCREASE 0 FREELISTS 1 FREELIST GROUPS 1
  BUFFER_POOL DEFAULT FLASH_CACHE DEFAULT CELL_FLASH_CACHE DEFAULT)
  TABLESPACE "SYSTEM" ;
--------------------------------------------------------
--  DDL for Table CLIENTES
--------------------------------------------------------

  CREATE TABLE "SYSTEM"."CLIENTES" 
   (	"IDCLIENTE" NUMBER DEFAULT "SYSTEM"."SEQ_CLIENTE"."NEXTVAL", 
	"PRIMERNOMBRE" VARCHAR2(20 BYTE), 
	"SEGUNDONOMBRE" VARCHAR2(20 BYTE), 
	"OTRONOMBRE" VARCHAR2(20 BYTE), 
	"PRIMERAPELLIDO" VARCHAR2(20 BYTE), 
	"SEGUNDOAPELLIDO" VARCHAR2(20 BYTE), 
	"OTROAPELLIDO" VARCHAR2(20 BYTE), 
	"DPI" VARCHAR2(15 BYTE), 
	"CODIGOPAIS" NUMBER, 
	"TELEFONO" VARCHAR2(20 BYTE), 
	"FECHANAC" DATE, 
	"GENERO" NUMBER, 
	"DESCDIRECCION" VARCHAR2(100 BYTE), 
	"CALLE" VARCHAR2(10 BYTE), 
	"AVENIDA" VARCHAR2(5 BYTE), 
	"ZONA" VARCHAR2(2 BYTE), 
	"MUNICIPIO" NUMBER(10,0), 
	"DEPARTAMENTO" NUMBER(10,0), 
	"IDUSUARIOCRE" NUMBER(10,0), 
	"FECHACREACION" DATE DEFAULT SYSDATE, 
	"IDUSUARIOMOD" NUMBER(10,0), 
	"FECHAMODIF" DATE, 
	"ESTADO" NUMBER(2,0) DEFAULT NULL, 
	"CORREO" VARCHAR2(250 BYTE)
   ) PCTFREE 10 PCTUSED 40 INITRANS 1 MAXTRANS 255 
 NOCOMPRESS LOGGING
  STORAGE(INITIAL 65536 NEXT 1048576 MINEXTENTS 1 MAXEXTENTS 2147483645
  PCTINCREASE 0 FREELISTS 1 FREELIST GROUPS 1
  BUFFER_POOL DEFAULT FLASH_CACHE DEFAULT CELL_FLASH_CACHE DEFAULT)
  TABLESPACE "SYSTEM" ;
--------------------------------------------------------
--  DDL for Table BODEGA
--------------------------------------------------------

  CREATE TABLE "SYSTEM"."BODEGA" 
   (	"IDBODEGA" NUMBER DEFAULT "SYSTEM"."SEQ_BOD"."NEXTVAL", 
	"NOMBRE" VARCHAR2(20 BYTE), 
	"ENCARGADO" NUMBER, 
	"CODIGOPAIS" NUMBER, 
	"TELEFONO" VARCHAR2(20 BYTE), 
	"DESCDIRECCION" VARCHAR2(20 BYTE), 
	"CALLE" VARCHAR2(10 BYTE), 
	"AVENIDA" VARCHAR2(5 BYTE), 
	"ZONA" NVARCHAR2(2), 
	"MUNICIPIO" NUMBER, 
	"DEPARTAMENTO" NUMBER, 
	"CAPACIDAD" NUMBER, 
	"IDUSUARIOCRE" NUMBER, 
	"FECHACREACION" DATE DEFAULT SYSDATE, 
	"IDUSUARIOMOD" NUMBER, 
	"FECHAMODIF" DATE, 
	"ESTADO" NUMBER
   ) PCTFREE 10 PCTUSED 40 INITRANS 1 MAXTRANS 255 
 NOCOMPRESS LOGGING
  STORAGE(INITIAL 65536 NEXT 1048576 MINEXTENTS 1 MAXEXTENTS 2147483645
  PCTINCREASE 0 FREELISTS 1 FREELIST GROUPS 1
  BUFFER_POOL DEFAULT FLASH_CACHE DEFAULT CELL_FLASH_CACHE DEFAULT)
  TABLESPACE "SYSTEM" ;
--------------------------------------------------------
--  DDL for Table DEPARTAMENTO
--------------------------------------------------------

  CREATE TABLE "SYSTEM"."DEPARTAMENTO" 
   (	"IDDEPTO" NUMBER DEFAULT "SYSTEM"."SEQ_DEPTO"."NEXTVAL", 
	"DEPARTAMENTO" VARCHAR2(50 BYTE), 
	"IDUSUARIOCREA" NUMBER, 
	"FECHACREACION" DATE DEFAULT SYSDATE, 
	"IDUSUARIOMODIF" NUMBER, 
	"FECHAMODIF" DATE
   ) PCTFREE 10 PCTUSED 40 INITRANS 1 MAXTRANS 255 
 NOCOMPRESS LOGGING
  STORAGE(INITIAL 65536 NEXT 1048576 MINEXTENTS 1 MAXEXTENTS 2147483645
  PCTINCREASE 0 FREELISTS 1 FREELIST GROUPS 1
  BUFFER_POOL DEFAULT FLASH_CACHE DEFAULT CELL_FLASH_CACHE DEFAULT)
  TABLESPACE "SYSTEM" ;
--------------------------------------------------------
--  DDL for Table EMPRESA
--------------------------------------------------------

  CREATE TABLE "SYSTEM"."EMPRESA" 
   (	"IDEMPRESA" NUMBER DEFAULT "SYSTEM"."SEQ_EM"."NEXTVAL", 
	"NOMBREEM" VARCHAR2(50 BYTE), 
	"DENOMINACIONSOCIAL" VARCHAR2(50 BYTE), 
	"NIT" VARCHAR2(50 BYTE), 
	"DESCDIRECCION" VARCHAR2(50 BYTE), 
	"CALLE" VARCHAR2(10 BYTE), 
	"AVENIDA" VARCHAR2(10 BYTE), 
	"ZONA" NVARCHAR2(2), 
	"MUNICIPIO" NUMBER, 
	"DEPARTAMENTO" NUMBER, 
	"CODPAIS" NUMBER, 
	"TELEFONO" VARCHAR2(15 BYTE), 
	"EMAIL" VARCHAR2(100 BYTE), 
	"SECTORECONOMICO" VARCHAR2(50 BYTE), 
	"TIPOPERSONERIA" VARCHAR2(30 BYTE), 
	"FECHACONST" DATE, 
	"ACTIVIDADECO" VARCHAR2(256 BYTE), 
	"FECHAOPERACIONES" DATE, 
	"CONTADOR" NUMBER, 
	"REPRESENTANTE" NUMBER, 
	"IDUSUARIOCREA" NUMBER, 
	"FECHACREA" DATE DEFAULT SYSDATE, 
	"IDUSUARIOMODIF" NUMBER, 
	"FECHAMODIF" DATE, 
	"ESTADO" NUMBER
   ) PCTFREE 10 PCTUSED 40 INITRANS 1 MAXTRANS 255 
 NOCOMPRESS LOGGING
  STORAGE(INITIAL 65536 NEXT 1048576 MINEXTENTS 1 MAXEXTENTS 2147483645
  PCTINCREASE 0 FREELISTS 1 FREELIST GROUPS 1
  BUFFER_POOL DEFAULT FLASH_CACHE DEFAULT CELL_FLASH_CACHE DEFAULT)
  TABLESPACE "SYSTEM" ;
--------------------------------------------------------
--  DDL for Table ROL
--------------------------------------------------------

  CREATE TABLE "SYSTEM"."ROL" 
   (	"IDROL" NUMBER DEFAULT "SYSTEM"."SEQ_ROL"."NEXTVAL", 
	"NOMBREROL" VARCHAR2(20 BYTE), 
	"DESCRIPCION" VARCHAR2(100 BYTE), 
	"IDUSUARIOCREA" NUMBER, 
	"FECHACREA" DATE DEFAULT SYSDATE, 
	"IDUSUARIOMODIF" NUMBER, 
	"FECHAMODIF" DATE, 
	"ESTADO" NUMBER
   ) PCTFREE 10 PCTUSED 40 INITRANS 1 MAXTRANS 255 
 NOCOMPRESS LOGGING
  STORAGE(INITIAL 65536 NEXT 1048576 MINEXTENTS 1 MAXEXTENTS 2147483645
  PCTINCREASE 0 FREELISTS 1 FREELIST GROUPS 1
  BUFFER_POOL DEFAULT FLASH_CACHE DEFAULT CELL_FLASH_CACHE DEFAULT)
  TABLESPACE "SYSTEM" ;
--------------------------------------------------------
--  DDL for Table COLABORADOR
--------------------------------------------------------

  CREATE TABLE "SYSTEM"."COLABORADOR" 
   (	"IDCOLABORADOR" NUMBER DEFAULT "SYSTEM"."SEQ_COLA"."NEXTVAL", 
	"PRIMERNOMBRE" VARCHAR2(20 BYTE), 
	"SEGUNDONOMBRE" VARCHAR2(20 BYTE), 
	"OTRONOMBRE" VARCHAR2(20 BYTE), 
	"PRIMERAPELLIDO" VARCHAR2(20 BYTE), 
	"SEGUNDOAPELLIDO" VARCHAR2(20 BYTE), 
	"OTROAPELLIDO" VARCHAR2(20 BYTE), 
	"GENERO" NUMBER, 
	"DPI" VARCHAR2(15 BYTE), 
	"CODIGOPAIS" NUMBER, 
	"TELEFONO" VARCHAR2(15 BYTE), 
	"EMAIL" VARCHAR2(100 BYTE), 
	"DESCDIRECCION" VARCHAR2(100 BYTE), 
	"CALLE" VARCHAR2(20 BYTE), 
	"AVENIDA" VARCHAR2(10 BYTE), 
	"ZONA" VARCHAR2(2 BYTE), 
	"MUNICIPIO" NUMBER, 
	"DEPARTAMENTO" NUMBER, 
	"IDCREADOR" NUMBER, 
	"FECHACREACION" DATE DEFAULT SYSDATE, 
	"IDMODIF" NUMBER, 
	"FECHAMODIF" DATE, 
	"ESTADO" NUMBER, 
	"FECHANAC" DATE, 
	"CATECOLA" NUMBER, 
	"ESTADO_CIVIL" NUMBER
   ) PCTFREE 10 PCTUSED 40 INITRANS 1 MAXTRANS 255 
 NOCOMPRESS LOGGING
  STORAGE(INITIAL 65536 NEXT 1048576 MINEXTENTS 1 MAXEXTENTS 2147483645
  PCTINCREASE 0 FREELISTS 1 FREELIST GROUPS 1
  BUFFER_POOL DEFAULT FLASH_CACHE DEFAULT CELL_FLASH_CACHE DEFAULT)
  TABLESPACE "SYSTEM" ;
--------------------------------------------------------
--  DDL for Table GENERO
--------------------------------------------------------

  CREATE TABLE "SYSTEM"."GENERO" 
   (	"IDGENERO" NUMBER DEFAULT "SYSTEM"."SEQ_GENERO"."NEXTVAL", 
	"GENERO" VARCHAR2(10 BYTE), 
	"IDUSUARIOCREA" NUMBER, 
	"FECHACREACION" DATE DEFAULT SYSDATE, 
	"IDUSUARIOMODIF" NUMBER, 
	"FECHAMODIF" DATE, 
	"ESTADO" NUMBER
   ) PCTFREE 10 PCTUSED 40 INITRANS 1 MAXTRANS 255 
 NOCOMPRESS LOGGING
  STORAGE(INITIAL 65536 NEXT 1048576 MINEXTENTS 1 MAXEXTENTS 2147483645
  PCTINCREASE 0 FREELISTS 1 FREELIST GROUPS 1
  BUFFER_POOL DEFAULT FLASH_CACHE DEFAULT CELL_FLASH_CACHE DEFAULT)
  TABLESPACE "SYSTEM" ;
--------------------------------------------------------
--  DDL for Table BITACORA
--------------------------------------------------------

  CREATE TABLE "SYSTEM"."BITACORA" 
   (	"IDBITACORA" NUMBER DEFAULT "SYSTEM"."SEQ_BITA"."NEXTVAL", 
	"USUARIO" NUMBER, 
	"ACCION" VARCHAR2(100 BYTE), 
	"DESCRIPCION" VARCHAR2(500 BYTE), 
	"IDUSUARIOCREA" NUMBER, 
	"FECHACREA" DATE DEFAULT sysdate, 
	"IDUSUARIOMODIF" NUMBER, 
	"FECHAMODIF" DATE, 
	"ESTADO" NUMBER
   ) PCTFREE 10 PCTUSED 40 INITRANS 1 MAXTRANS 255 
 NOCOMPRESS LOGGING
  STORAGE(INITIAL 65536 NEXT 1048576 MINEXTENTS 1 MAXEXTENTS 2147483645
  PCTINCREASE 0 FREELISTS 1 FREELIST GROUPS 1
  BUFFER_POOL DEFAULT FLASH_CACHE DEFAULT CELL_FLASH_CACHE DEFAULT)
  TABLESPACE "SYSTEM" ;
--------------------------------------------------------
--  DDL for Table MUNICIPIO
--------------------------------------------------------

  CREATE TABLE "SYSTEM"."MUNICIPIO" 
   (	"IDMUNI" NUMBER DEFAULT "SYSTEM"."SEQMUNI"."NEXTVAL", 
	"DEPARTAMENTO" NUMBER, 
	"MUNICIPIO" VARCHAR2(50 BYTE), 
	"IDUSUARIOCREA" NUMBER, 
	"FECHACREACION" DATE DEFAULT SYSDATE, 
	"IDUSUARIOMODIF" NUMBER, 
	"FECHAMODIF" DATE, 
	"ESTADO" NUMBER
   ) PCTFREE 10 PCTUSED 40 INITRANS 1 MAXTRANS 255 
 NOCOMPRESS LOGGING
  STORAGE(INITIAL 65536 NEXT 1048576 MINEXTENTS 1 MAXEXTENTS 2147483645
  PCTINCREASE 0 FREELISTS 1 FREELIST GROUPS 1
  BUFFER_POOL DEFAULT FLASH_CACHE DEFAULT CELL_FLASH_CACHE DEFAULT)
  TABLESPACE "SYSTEM" ;
--------------------------------------------------------
--  DDL for Table DETALLEFACV
--------------------------------------------------------

  CREATE TABLE "SYSTEM"."DETALLEFACV" 
   (	"NUMDETALLEV" NUMBER DEFAULT "SYSTEM"."SEQ_DETAFACV"."NEXTVAL", 
	"IDFACV" NUMBER, 
	"PRODUCTO" NUMBER, 
	"CANTIDAD" NUMBER, 
	"IDUSUARIOCREA" NUMBER, 
	"FECHACREACION" DATE DEFAULT SYSDATE, 
	"IDUSUARIOMODIF" NUMBER, 
	"FECHAMODIF" DATE, 
	"ESTADO" NUMBER
   ) PCTFREE 10 PCTUSED 40 INITRANS 1 MAXTRANS 255 
 NOCOMPRESS LOGGING
  STORAGE(INITIAL 65536 NEXT 1048576 MINEXTENTS 1 MAXEXTENTS 2147483645
  PCTINCREASE 0 FREELISTS 1 FREELIST GROUPS 1
  BUFFER_POOL DEFAULT FLASH_CACHE DEFAULT CELL_FLASH_CACHE DEFAULT)
  TABLESPACE "SYSTEM" ;
--------------------------------------------------------
--  DDL for Table ESTADO
--------------------------------------------------------

  CREATE TABLE "SYSTEM"."ESTADO" 
   (	"IDESTADO" NUMBER DEFAULT "SYSTEM"."SEQESTADO"."NEXTVAL", 
	"ESTADO" VARCHAR2(50 BYTE), 
	"IDUSUARIOCREA" NUMBER, 
	"FECHACREACION" DATE DEFAULT SYSDATE, 
	"IDUSUARIOMODIF" NUMBER, 
	"FECHAMODIF" DATE
   ) PCTFREE 10 PCTUSED 40 INITRANS 1 MAXTRANS 255 
 NOCOMPRESS LOGGING
  STORAGE(INITIAL 65536 NEXT 1048576 MINEXTENTS 1 MAXEXTENTS 2147483645
  PCTINCREASE 0 FREELISTS 1 FREELIST GROUPS 1
  BUFFER_POOL DEFAULT FLASH_CACHE DEFAULT CELL_FLASH_CACHE DEFAULT)
  TABLESPACE "SYSTEM" ;
--------------------------------------------------------
--  DDL for Table ENVIO
--------------------------------------------------------

  CREATE TABLE "SYSTEM"."ENVIO" 
   (	"IDENVIO" NUMBER DEFAULT "SYSTEM"."SEQ_ENVIO"."NEXTVAL", 
	"FECHAENVIO" DATE, 
	"ORIGENENVIO" NUMBER, 
	"DESTINOENVIO" VARCHAR2(100 BYTE), 
	"RESPONSABLE" NUMBER, 
	"COSTOENVIO" NUMBER(12,2), 
	"IDUSUARIOCRE" NUMBER, 
	"FECHACREACION" DATE DEFAULT SYSDATE, 
	"IDUSUARIOMOD" NUMBER, 
	"FECHAMODIF" DATE, 
	"ESTADO" NUMBER, 
	"NOFACTURA" NUMBER
   ) PCTFREE 10 PCTUSED 40 INITRANS 1 MAXTRANS 255 
 NOCOMPRESS LOGGING
  STORAGE(INITIAL 65536 NEXT 1048576 MINEXTENTS 1 MAXEXTENTS 2147483645
  PCTINCREASE 0 FREELISTS 1 FREELIST GROUPS 1
  BUFFER_POOL DEFAULT FLASH_CACHE DEFAULT CELL_FLASH_CACHE DEFAULT)
  TABLESPACE "SYSTEM" ;
--------------------------------------------------------
--  DDL for Table USUARIO
--------------------------------------------------------

  CREATE TABLE "SYSTEM"."USUARIO" 
   (	"IDUSUARIO" NUMBER DEFAULT "SYSTEM"."SEQ_USU"."NEXTVAL", 
	"IDCOLABORADOR" NUMBER, 
	"CONTRASEÑA" VARCHAR2(100 BYTE), 
	"IDUSUARIOCREA" NUMBER, 
	"FECHACREACION" DATE DEFAULT SYSDATE, 
	"IDUSUARIOMODIF" NUMBER, 
	"FECHAMODIF" DATE, 
	"ESTADO" NUMBER, 
	"ROL" NUMBER
   ) PCTFREE 10 PCTUSED 40 INITRANS 1 MAXTRANS 255 
 NOCOMPRESS LOGGING
  STORAGE(INITIAL 65536 NEXT 1048576 MINEXTENTS 1 MAXEXTENTS 2147483645
  PCTINCREASE 0 FREELISTS 1 FREELIST GROUPS 1
  BUFFER_POOL DEFAULT FLASH_CACHE DEFAULT CELL_FLASH_CACHE DEFAULT)
  TABLESPACE "SYSTEM" ;
--------------------------------------------------------
--  DDL for Table BODEGA
--------------------------------------------------------

  CREATE TABLE "SYSTEM"."BODEGA" 
   (	"IDBODEGA" NUMBER DEFAULT "SYSTEM"."SEQ_BOD"."NEXTVAL", 
	"NOMBRE" VARCHAR2(20 BYTE), 
	"ENCARGADO" NUMBER, 
	"CODIGOPAIS" NUMBER, 
	"TELEFONO" VARCHAR2(20 BYTE), 
	"DESCDIRECCION" VARCHAR2(20 BYTE), 
	"CALLE" VARCHAR2(10 BYTE), 
	"AVENIDA" VARCHAR2(5 BYTE), 
	"ZONA" NVARCHAR2(2), 
	"MUNICIPIO" NUMBER, 
	"DEPARTAMENTO" NUMBER, 
	"CAPACIDAD" NUMBER, 
	"IDUSUARIOCRE" NUMBER, 
	"FECHACREACION" DATE DEFAULT SYSDATE, 
	"IDUSUARIOMOD" NUMBER, 
	"FECHAMODIF" DATE, 
	"ESTADO" NUMBER
   ) PCTFREE 10 PCTUSED 40 INITRANS 1 MAXTRANS 255 
 NOCOMPRESS LOGGING
  STORAGE(INITIAL 65536 NEXT 1048576 MINEXTENTS 1 MAXEXTENTS 2147483645
  PCTINCREASE 0 FREELISTS 1 FREELIST GROUPS 1
  BUFFER_POOL DEFAULT FLASH_CACHE DEFAULT CELL_FLASH_CACHE DEFAULT)
  TABLESPACE "SYSTEM" ;
--------------------------------------------------------
--  DDL for Table USUARIO
--------------------------------------------------------

  CREATE TABLE "SYSTEM"."USUARIO" 
   (	"IDUSUARIO" NUMBER DEFAULT "SYSTEM"."SEQ_USU"."NEXTVAL", 
	"IDCOLABORADOR" NUMBER, 
	"CONTRASEÑA" VARCHAR2(100 BYTE), 
	"IDUSUARIOCREA" NUMBER, 
	"FECHACREACION" DATE DEFAULT SYSDATE, 
	"IDUSUARIOMODIF" NUMBER, 
	"FECHAMODIF" DATE, 
	"ESTADO" NUMBER, 
	"ROL" NUMBER
   ) PCTFREE 10 PCTUSED 40 INITRANS 1 MAXTRANS 255 
 NOCOMPRESS LOGGING
  STORAGE(INITIAL 65536 NEXT 1048576 MINEXTENTS 1 MAXEXTENTS 2147483645
  PCTINCREASE 0 FREELISTS 1 FREELIST GROUPS 1
  BUFFER_POOL DEFAULT FLASH_CACHE DEFAULT CELL_FLASH_CACHE DEFAULT)
  TABLESPACE "SYSTEM" ;
--------------------------------------------------------
--  DDL for Table ESTADO
--------------------------------------------------------

  CREATE TABLE "SYSTEM"."ESTADO" 
   (	"IDESTADO" NUMBER DEFAULT "SYSTEM"."SEQESTADO"."NEXTVAL", 
	"ESTADO" VARCHAR2(50 BYTE), 
	"IDUSUARIOCREA" NUMBER, 
	"FECHACREACION" DATE DEFAULT SYSDATE, 
	"IDUSUARIOMODIF" NUMBER, 
	"FECHAMODIF" DATE
   ) PCTFREE 10 PCTUSED 40 INITRANS 1 MAXTRANS 255 
 NOCOMPRESS LOGGING
  STORAGE(INITIAL 65536 NEXT 1048576 MINEXTENTS 1 MAXEXTENTS 2147483645
  PCTINCREASE 0 FREELISTS 1 FREELIST GROUPS 1
  BUFFER_POOL DEFAULT FLASH_CACHE DEFAULT CELL_FLASH_CACHE DEFAULT)
  TABLESPACE "SYSTEM" ;
--------------------------------------------------------
--  DDL for Table PROVEEDOR
--------------------------------------------------------

  CREATE TABLE "SYSTEM"."PROVEEDOR" 
   (	"IDPROVEEDOR" NUMBER DEFAULT "SYSTEM"."SEQ_PROV"."NEXTVAL", 
	"NOMBREEMPRESA" VARCHAR2(50 BYTE), 
	"NOMBRECONTACTO" VARCHAR2(50 BYTE), 
	"EMAIL" VARCHAR2(100 BYTE), 
	"CODIGOPAIS" NUMBER, 
	"TELEFONO" VARCHAR2(20 BYTE), 
	"DESCDIRECCION" VARCHAR2(100 BYTE), 
	"CALLE" VARCHAR2(10 BYTE), 
	"AVENIDA" VARCHAR2(10 BYTE), 
	"ZONA" NUMBER, 
	"MUNICIPIO" NUMBER, 
	"DEPARTAMENTO" NUMBER, 
	"TIPOPRODUCTO" VARCHAR2(30 BYTE), 
	"FECHAALTA" DATE, 
	"IDUSUARIOCREA" NUMBER, 
	"FECHACREACION" DATE DEFAULT SYSDATE, 
	"IDUSUARIOMODIF" NUMBER, 
	"FECHAMODIF" DATE, 
	"ESTADO" NUMBER DEFAULT NULL, 
	"NIT" NUMBER
   ) PCTFREE 10 PCTUSED 40 INITRANS 1 MAXTRANS 255 
 NOCOMPRESS LOGGING
  STORAGE(INITIAL 65536 NEXT 1048576 MINEXTENTS 1 MAXEXTENTS 2147483645
  PCTINCREASE 0 FREELISTS 1 FREELIST GROUPS 1
  BUFFER_POOL DEFAULT FLASH_CACHE DEFAULT CELL_FLASH_CACHE DEFAULT)
  TABLESPACE "SYSTEM" ;
--------------------------------------------------------
--  DDL for Table FORMAPAGO
--------------------------------------------------------

  CREATE TABLE "SYSTEM"."FORMAPAGO" 
   (	"IDPAGO" NUMBER DEFAULT "SYSTEM"."SEQ_PAGO"."NEXTVAL", 
	"NOMMETODO" VARCHAR2(100 BYTE), 
	"MONEDA" NUMBER, 
	"IDUSUARIOCREA" NUMBER, 
	"FECHACREACION" DATE DEFAULT SYSDATE, 
	"IDUSUARIOMODIF" NUMBER, 
	"FECHAMODIF" DATE, 
	"ESTADO" NUMBER
   ) PCTFREE 10 PCTUSED 40 INITRANS 1 MAXTRANS 255 
 NOCOMPRESS LOGGING
  STORAGE(INITIAL 65536 NEXT 1048576 MINEXTENTS 1 MAXEXTENTS 2147483645
  PCTINCREASE 0 FREELISTS 1 FREELIST GROUPS 1
  BUFFER_POOL DEFAULT FLASH_CACHE DEFAULT CELL_FLASH_CACHE DEFAULT)
  TABLESPACE "SYSTEM" ;
--------------------------------------------------------
--  DDL for Table COTIZACION
--------------------------------------------------------

  CREATE TABLE "SYSTEM"."COTIZACION" 
   (	"IDCOTIZACION" NUMBER DEFAULT "SYSTEM"."SEQ_COTI"."NEXTVAL", 
	"FECHA" DATE, 
	"IDCLIENTE" NUMBER, 
	"IDVENDEDOR" NUMBER, 
	"VIGENCIA" DATE, 
	"IDUSUARIOCRE" NUMBER, 
	"FECHACREACION" DATE DEFAULT SYSDATE, 
	"IDUSUARIOMODIF" NUMBER, 
	"FECHAMODIF" DATE, 
	"ESTADO" NUMBER
   ) PCTFREE 10 PCTUSED 40 INITRANS 1 MAXTRANS 255 
 NOCOMPRESS LOGGING
  STORAGE(INITIAL 65536 NEXT 1048576 MINEXTENTS 1 MAXEXTENTS 2147483645
  PCTINCREASE 0 FREELISTS 1 FREELIST GROUPS 1
  BUFFER_POOL DEFAULT FLASH_CACHE DEFAULT CELL_FLASH_CACHE DEFAULT)
  TABLESPACE "SYSTEM" ;
--------------------------------------------------------
--  DDL for Table INVENTARIO
--------------------------------------------------------

  CREATE TABLE "SYSTEM"."INVENTARIO" 
   (	"IDPRODUCTO" NUMBER DEFAULT "SYSTEM"."SEQ_INVENTARIO"."NEXTVAL", 
	"NOMBRE" VARCHAR2(100 BYTE), 
	"IDPROVEEDOR" NUMBER, 
	"PUNITARIO" NUMBER(10,2), 
	"FADQUISICION" DATE, 
	"LOTE" NVARCHAR2(20), 
	"STOCK" NUMBER, 
	"UBICACION" NUMBER, 
	"FECHACREACION" DATE DEFAULT SYSDATE, 
	"IDUSUARIOCREA" NUMBER, 
	"IDUSUARIOACTUA" NUMBER, 
	"FECHAACTUA" DATE, 
	"ESTADO" NUMBER DEFAULT NULL
   ) PCTFREE 10 PCTUSED 40 INITRANS 1 MAXTRANS 255 
 NOCOMPRESS LOGGING
  STORAGE(INITIAL 65536 NEXT 1048576 MINEXTENTS 1 MAXEXTENTS 2147483645
  PCTINCREASE 0 FREELISTS 1 FREELIST GROUPS 1
  BUFFER_POOL DEFAULT FLASH_CACHE DEFAULT CELL_FLASH_CACHE DEFAULT)
  TABLESPACE "SYSTEM" ;
--------------------------------------------------------
--  DDL for Table SUCURSAL
--------------------------------------------------------

  CREATE TABLE "SYSTEM"."SUCURSAL" 
   (	"IDSUCURSAL" NUMBER DEFAULT "SYSTEM"."SEQ_SUCURSAL"."NEXTVAL", 
	"NOMBRESUCURSAL" VARCHAR2(50 BYTE), 
	"IDENCARGADO" NUMBER, 
	"IDUSUARIOCREA" NUMBER, 
	"FECHACREA" DATE DEFAULT SYSDATE, 
	"IDUSUARIOMODIF" NUMBER, 
	"FECHAMODIF" DATE, 
	"ESTADO" NUMBER
   ) PCTFREE 10 PCTUSED 40 INITRANS 1 MAXTRANS 255 
 NOCOMPRESS LOGGING
  STORAGE(INITIAL 65536 NEXT 1048576 MINEXTENTS 1 MAXEXTENTS 2147483645
  PCTINCREASE 0 FREELISTS 1 FREELIST GROUPS 1
  BUFFER_POOL DEFAULT FLASH_CACHE DEFAULT CELL_FLASH_CACHE DEFAULT)
  TABLESPACE "SYSTEM" ;
--------------------------------------------------------
--  DDL for Table CLIENTES
--------------------------------------------------------

  CREATE TABLE "SYSTEM"."CLIENTES" 
   (	"IDCLIENTE" NUMBER DEFAULT "SYSTEM"."SEQ_CLIENTE"."NEXTVAL", 
	"PRIMERNOMBRE" VARCHAR2(20 BYTE), 
	"SEGUNDONOMBRE" VARCHAR2(20 BYTE), 
	"OTRONOMBRE" VARCHAR2(20 BYTE), 
	"PRIMERAPELLIDO" VARCHAR2(20 BYTE), 
	"SEGUNDOAPELLIDO" VARCHAR2(20 BYTE), 
	"OTROAPELLIDO" VARCHAR2(20 BYTE), 
	"DPI" VARCHAR2(15 BYTE), 
	"CODIGOPAIS" NUMBER, 
	"TELEFONO" VARCHAR2(20 BYTE), 
	"FECHANAC" DATE, 
	"GENERO" NUMBER, 
	"DESCDIRECCION" VARCHAR2(100 BYTE), 
	"CALLE" VARCHAR2(10 BYTE), 
	"AVENIDA" VARCHAR2(5 BYTE), 
	"ZONA" VARCHAR2(2 BYTE), 
	"MUNICIPIO" NUMBER(10,0), 
	"DEPARTAMENTO" NUMBER(10,0), 
	"IDUSUARIOCRE" NUMBER(10,0), 
	"FECHACREACION" DATE DEFAULT SYSDATE, 
	"IDUSUARIOMOD" NUMBER(10,0), 
	"FECHAMODIF" DATE, 
	"ESTADO" NUMBER(2,0) DEFAULT NULL, 
	"CORREO" VARCHAR2(250 BYTE)
   ) PCTFREE 10 PCTUSED 40 INITRANS 1 MAXTRANS 255 
 NOCOMPRESS LOGGING
  STORAGE(INITIAL 65536 NEXT 1048576 MINEXTENTS 1 MAXEXTENTS 2147483645
  PCTINCREASE 0 FREELISTS 1 FREELIST GROUPS 1
  BUFFER_POOL DEFAULT FLASH_CACHE DEFAULT CELL_FLASH_CACHE DEFAULT)
  TABLESPACE "SYSTEM" ;
--------------------------------------------------------
--  DDL for Table MONEDA
--------------------------------------------------------

  CREATE TABLE "SYSTEM"."MONEDA" 
   (	"IDMONEDA" NUMBER DEFAULT "SYSTEM"."SEQ_MONEDA"."NEXTVAL", 
	"NOMBRE" VARCHAR2(50 BYTE), 
	"SIMBOLO" VARCHAR2(10 BYTE), 
	"PAIS" VARCHAR2(50 BYTE), 
	"VALORCAMBIO" NUMBER(10,2), 
	"IDUSUARIOCREA" NUMBER, 
	"FECHACREA" DATE DEFAULT SYSDATE, 
	"IDUSUARIOMODIF" NUMBER, 
	"FECHAMODIF" DATE, 
	"ESTADO" NUMBER, 
	"CODIGOISO" VARCHAR2(5 BYTE)
   ) PCTFREE 10 PCTUSED 40 INITRANS 1 MAXTRANS 255 
 NOCOMPRESS LOGGING
  STORAGE(INITIAL 65536 NEXT 1048576 MINEXTENTS 1 MAXEXTENTS 2147483645
  PCTINCREASE 0 FREELISTS 1 FREELIST GROUPS 1
  BUFFER_POOL DEFAULT FLASH_CACHE DEFAULT CELL_FLASH_CACHE DEFAULT)
  TABLESPACE "SYSTEM" ;
--------------------------------------------------------
--  DDL for Table CODPAIS
--------------------------------------------------------

  CREATE TABLE "SYSTEM"."CODPAIS" 
   (	"IDCOD" NUMBER DEFAULT "SYSTEM"."SEQ_CODPAIS"."NEXTVAL", 
	"PAIS" VARCHAR2(50 BYTE), 
	"CODIGO" VARCHAR2(10 BYTE), 
	"IDUSUARIOCREA" NUMBER, 
	"FECHACREACION" DATE DEFAULT SYSDATE, 
	"IDUSUARIOMODIF" NUMBER, 
	"FECHAMODIF" DATE, 
	"ESTADO" NUMBER
   ) PCTFREE 10 PCTUSED 40 INITRANS 1 MAXTRANS 255 
 NOCOMPRESS LOGGING
  STORAGE(INITIAL 65536 NEXT 1048576 MINEXTENTS 1 MAXEXTENTS 2147483645
  PCTINCREASE 0 FREELISTS 1 FREELIST GROUPS 1
  BUFFER_POOL DEFAULT FLASH_CACHE DEFAULT CELL_FLASH_CACHE DEFAULT)
  TABLESPACE "SYSTEM" ;
--------------------------------------------------------
--  DDL for Table MUNICIPIO
--------------------------------------------------------

  CREATE TABLE "SYSTEM"."MUNICIPIO" 
   (	"IDMUNI" NUMBER DEFAULT "SYSTEM"."SEQMUNI"."NEXTVAL", 
	"DEPARTAMENTO" NUMBER, 
	"MUNICIPIO" VARCHAR2(50 BYTE), 
	"IDUSUARIOCREA" NUMBER, 
	"FECHACREACION" DATE DEFAULT SYSDATE, 
	"IDUSUARIOMODIF" NUMBER, 
	"FECHAMODIF" DATE, 
	"ESTADO" NUMBER
   ) PCTFREE 10 PCTUSED 40 INITRANS 1 MAXTRANS 255 
 NOCOMPRESS LOGGING
  STORAGE(INITIAL 65536 NEXT 1048576 MINEXTENTS 1 MAXEXTENTS 2147483645
  PCTINCREASE 0 FREELISTS 1 FREELIST GROUPS 1
  BUFFER_POOL DEFAULT FLASH_CACHE DEFAULT CELL_FLASH_CACHE DEFAULT)
  TABLESPACE "SYSTEM" ;
--------------------------------------------------------
--  DDL for Table DEPARTAMENTO
--------------------------------------------------------

  CREATE TABLE "SYSTEM"."DEPARTAMENTO" 
   (	"IDDEPTO" NUMBER DEFAULT "SYSTEM"."SEQ_DEPTO"."NEXTVAL", 
	"DEPARTAMENTO" VARCHAR2(50 BYTE), 
	"IDUSUARIOCREA" NUMBER, 
	"FECHACREACION" DATE DEFAULT SYSDATE, 
	"IDUSUARIOMODIF" NUMBER, 
	"FECHAMODIF" DATE
   ) PCTFREE 10 PCTUSED 40 INITRANS 1 MAXTRANS 255 
 NOCOMPRESS LOGGING
  STORAGE(INITIAL 65536 NEXT 1048576 MINEXTENTS 1 MAXEXTENTS 2147483645
  PCTINCREASE 0 FREELISTS 1 FREELIST GROUPS 1
  BUFFER_POOL DEFAULT FLASH_CACHE DEFAULT CELL_FLASH_CACHE DEFAULT)
  TABLESPACE "SYSTEM" ;
--------------------------------------------------------
--  DDL for Table FACTURAC
--------------------------------------------------------

  CREATE TABLE "SYSTEM"."FACTURAC" 
   (	"NUMFACC" NUMBER DEFAULT "SYSTEM"."SEQ_FACC"."NEXTVAL", 
	"IDPROVEEDOR" NUMBER, 
	"FECHACOMPRA" DATE, 
	"METODOPAGO" NUMBER, 
	"UBICACION" NUMBER, 
	"IDUSUARIOCREA" NUMBER, 
	"FECHACREACION" DATE DEFAULT SYSDATE, 
	"IDUSUARIOMODIF" NUMBER, 
	"FECHAMODIF" DATE DEFAULT NULL, 
	"ESTADO" NUMBER
   ) PCTFREE 10 PCTUSED 40 INITRANS 1 MAXTRANS 255 
 NOCOMPRESS LOGGING
  STORAGE(INITIAL 65536 NEXT 1048576 MINEXTENTS 1 MAXEXTENTS 2147483645
  PCTINCREASE 0 FREELISTS 1 FREELIST GROUPS 1
  BUFFER_POOL DEFAULT FLASH_CACHE DEFAULT CELL_FLASH_CACHE DEFAULT)
  TABLESPACE "SYSTEM" ;
--------------------------------------------------------
--  DDL for Table TRASLADO
--------------------------------------------------------

  CREATE TABLE "SYSTEM"."TRASLADO" 
   (	"IDTRASLADO" NUMBER DEFAULT "SYSTEM"."SEQ_TRASLADO"."NEXTVAL", 
	"FECHATRASLADO" DATE, 
	"RESPONSABLE" NUMBER, 
	"LUGARORIGEN" NUMBER, 
	"DESTINOBODEGA" NUMBER, 
	"IDUSUARIOCRE" NUMBER, 
	"FECHACREACION" DATE DEFAULT SYSDATE, 
	"IDUSUARIOMOD" NUMBER, 
	"FECHAMODIF" DATE, 
	"ESTADO" NUMBER, 
	"DESTINOSUCURSAL" NUMBER
   ) PCTFREE 10 PCTUSED 40 INITRANS 1 MAXTRANS 255 
 NOCOMPRESS LOGGING
  STORAGE(INITIAL 65536 NEXT 1048576 MINEXTENTS 1 MAXEXTENTS 2147483645
  PCTINCREASE 0 FREELISTS 1 FREELIST GROUPS 1
  BUFFER_POOL DEFAULT FLASH_CACHE DEFAULT CELL_FLASH_CACHE DEFAULT)
  TABLESPACE "SYSTEM" ;
--------------------------------------------------------
--  DDL for Table ORDENCOMPRA
--------------------------------------------------------

  CREATE TABLE "SYSTEM"."ORDENCOMPRA" 
   (	"IDORDEN" NUMBER DEFAULT SYSTEM.SEQ_OCOMPRA.NEXTVAL, 
	"FECHAORDEN" DATE, 
	"PROVEEDOR" NUMBER, 
	"METODOPAGO" NUMBER, 
	"DATOSENTREGA" VARCHAR2(256 BYTE), 
	"IDUSUARIOCREA" NUMBER, 
	"FECHACREA" DATE DEFAULT SYSDATE, 
	"IDUSUARIOMODIF" NUMBER, 
	"FECHAMODIF" DATE, 
	"ESTADO" NUMBER
   ) PCTFREE 10 PCTUSED 40 INITRANS 1 MAXTRANS 255 
 NOCOMPRESS LOGGING
  STORAGE(INITIAL 65536 NEXT 1048576 MINEXTENTS 1 MAXEXTENTS 2147483645
  PCTINCREASE 0 FREELISTS 1 FREELIST GROUPS 1
  BUFFER_POOL DEFAULT FLASH_CACHE DEFAULT CELL_FLASH_CACHE DEFAULT)
  TABLESPACE "SYSTEM" ;
--------------------------------------------------------
--  DDL for Table GENERO
--------------------------------------------------------

  CREATE TABLE "SYSTEM"."GENERO" 
   (	"IDGENERO" NUMBER DEFAULT "SYSTEM"."SEQ_GENERO"."NEXTVAL", 
	"GENERO" VARCHAR2(10 BYTE), 
	"IDUSUARIOCREA" NUMBER, 
	"FECHACREACION" DATE DEFAULT SYSDATE, 
	"IDUSUARIOMODIF" NUMBER, 
	"FECHAMODIF" DATE, 
	"ESTADO" NUMBER
   ) PCTFREE 10 PCTUSED 40 INITRANS 1 MAXTRANS 255 
 NOCOMPRESS LOGGING
  STORAGE(INITIAL 65536 NEXT 1048576 MINEXTENTS 1 MAXEXTENTS 2147483645
  PCTINCREASE 0 FREELISTS 1 FREELIST GROUPS 1
  BUFFER_POOL DEFAULT FLASH_CACHE DEFAULT CELL_FLASH_CACHE DEFAULT)
  TABLESPACE "SYSTEM" ;
--------------------------------------------------------
--  DDL for Table CATCOLA
--------------------------------------------------------

  CREATE TABLE "SYSTEM"."CATCOLA" 
   (	"IDCAT" NUMBER DEFAULT "SYSTEM"."SEQ_CATCOLA"."NEXTVAL", 
	"NOMBRECAT" VARCHAR2(100 BYTE), 
	"IDUSUARIOCRE" NUMBER, 
	"FECHACREACION" DATE DEFAULT SYSDATE, 
	"IDUSUARIOMOD" NUMBER, 
	"FECHAMODIF" DATE, 
	"ESTADO" NUMBER
   ) PCTFREE 10 PCTUSED 40 INITRANS 1 MAXTRANS 255 
 NOCOMPRESS LOGGING
  STORAGE(INITIAL 65536 NEXT 1048576 MINEXTENTS 1 MAXEXTENTS 2147483645
  PCTINCREASE 0 FREELISTS 1 FREELIST GROUPS 1
  BUFFER_POOL DEFAULT FLASH_CACHE DEFAULT CELL_FLASH_CACHE DEFAULT)
  TABLESPACE "SYSTEM" ;
--------------------------------------------------------
--  DDL for Table ESTADO_CIVIL
--------------------------------------------------------

  CREATE TABLE "SYSTEM"."ESTADO_CIVIL" 
   (	"IDECIVIL" NUMBER DEFAULT "SYSTEM"."SEQ_CIVIL"."NEXTVAL", 
	"ESTADO_CIVIL" VARCHAR2(20 BYTE), 
	"IDCREADOR" NUMBER, 
	"FECHACREA" DATE DEFAULT SYSDATE, 
	"IDMODIF" NUMBER, 
	"FECHAMODIF" DATE
   ) PCTFREE 10 PCTUSED 40 INITRANS 1 MAXTRANS 255 
 NOCOMPRESS LOGGING
  STORAGE(INITIAL 65536 NEXT 1048576 MINEXTENTS 1 MAXEXTENTS 2147483645
  PCTINCREASE 0 FREELISTS 1 FREELIST GROUPS 1
  BUFFER_POOL DEFAULT FLASH_CACHE DEFAULT CELL_FLASH_CACHE DEFAULT)
  TABLESPACE "SYSTEM" ;
--------------------------------------------------------
--  DDL for Table FACTURAV
--------------------------------------------------------

  CREATE TABLE "SYSTEM"."FACTURAV" 
   (	"NUMFACV" NUMBER DEFAULT "SYSTEM"."SEQ_FACV"."NEXTVAL", 
	"IDCLIENTE" NUMBER, 
	"IDVENDEDOR" NUMBER, 
	"FECHAVENTA" DATE, 
	"IDSUCURSAL" NUMBER, 
	"METODOPAGO" NUMBER, 
	"IDUSUARIOCREA" NUMBER, 
	"FECHACREACION" DATE DEFAULT SYSDATE, 
	"ESTADO" NUMBER
   ) PCTFREE 10 PCTUSED 40 INITRANS 1 MAXTRANS 255 
 NOCOMPRESS LOGGING
  STORAGE(INITIAL 65536 NEXT 1048576 MINEXTENTS 1 MAXEXTENTS 2147483645
  PCTINCREASE 0 FREELISTS 1 FREELIST GROUPS 1
  BUFFER_POOL DEFAULT FLASH_CACHE DEFAULT CELL_FLASH_CACHE DEFAULT)
  TABLESPACE "SYSTEM" ;
--------------------------------------------------------
--  DDL for Table COLABORADOR
--------------------------------------------------------

  CREATE TABLE "SYSTEM"."COLABORADOR" 
   (	"IDCOLABORADOR" NUMBER DEFAULT "SYSTEM"."SEQ_COLA"."NEXTVAL", 
	"PRIMERNOMBRE" VARCHAR2(20 BYTE), 
	"SEGUNDONOMBRE" VARCHAR2(20 BYTE), 
	"OTRONOMBRE" VARCHAR2(20 BYTE), 
	"PRIMERAPELLIDO" VARCHAR2(20 BYTE), 
	"SEGUNDOAPELLIDO" VARCHAR2(20 BYTE), 
	"OTROAPELLIDO" VARCHAR2(20 BYTE), 
	"GENERO" NUMBER, 
	"DPI" VARCHAR2(15 BYTE), 
	"CODIGOPAIS" NUMBER, 
	"TELEFONO" VARCHAR2(15 BYTE), 
	"EMAIL" VARCHAR2(100 BYTE), 
	"DESCDIRECCION" VARCHAR2(100 BYTE), 
	"CALLE" VARCHAR2(20 BYTE), 
	"AVENIDA" VARCHAR2(10 BYTE), 
	"ZONA" VARCHAR2(2 BYTE), 
	"MUNICIPIO" NUMBER, 
	"DEPARTAMENTO" NUMBER, 
	"IDCREADOR" NUMBER, 
	"FECHACREACION" DATE DEFAULT SYSDATE, 
	"IDMODIF" NUMBER, 
	"FECHAMODIF" DATE, 
	"ESTADO" NUMBER, 
	"FECHANAC" DATE, 
	"CATECOLA" NUMBER, 
	"ESTADO_CIVIL" NUMBER
   ) PCTFREE 10 PCTUSED 40 INITRANS 1 MAXTRANS 255 
 NOCOMPRESS LOGGING
  STORAGE(INITIAL 65536 NEXT 1048576 MINEXTENTS 1 MAXEXTENTS 2147483645
  PCTINCREASE 0 FREELISTS 1 FREELIST GROUPS 1
  BUFFER_POOL DEFAULT FLASH_CACHE DEFAULT CELL_FLASH_CACHE DEFAULT)
  TABLESPACE "SYSTEM" ;
--------------------------------------------------------
--  DDL for Table ROL
--------------------------------------------------------

  CREATE TABLE "SYSTEM"."ROL" 
   (	"IDROL" NUMBER DEFAULT "SYSTEM"."SEQ_ROL"."NEXTVAL", 
	"NOMBREROL" VARCHAR2(20 BYTE), 
	"DESCRIPCION" VARCHAR2(100 BYTE), 
	"IDUSUARIOCREA" NUMBER, 
	"FECHACREA" DATE DEFAULT SYSDATE, 
	"IDUSUARIOMODIF" NUMBER, 
	"FECHAMODIF" DATE, 
	"ESTADO" NUMBER
   ) PCTFREE 10 PCTUSED 40 INITRANS 1 MAXTRANS 255 
 NOCOMPRESS LOGGING
  STORAGE(INITIAL 65536 NEXT 1048576 MINEXTENTS 1 MAXEXTENTS 2147483645
  PCTINCREASE 0 FREELISTS 1 FREELIST GROUPS 1
  BUFFER_POOL DEFAULT FLASH_CACHE DEFAULT CELL_FLASH_CACHE DEFAULT)
  TABLESPACE "SYSTEM" ;
--------------------------------------------------------
--  DDL for Table DETALLECOT
--------------------------------------------------------

  CREATE TABLE "SYSTEM"."DETALLECOT" 
   (	"NUMDETALLECOT" NUMBER DEFAULT "SYSTEM"."SEQ_DETACOT"."NEXTVAL", 
	"IDCOTI" NUMBER, 
	"PRODUCTO" NUMBER, 
	"CANTIDAD" NUMBER, 
	"IDUSUARIOCREA" NUMBER, 
	"FECHACREACION" DATE DEFAULT SYSDATE, 
	"IDUSUARIOMODIF" NUMBER, 
	"FECHAMODIF" DATE, 
	"ESTADO" NUMBER
   ) PCTFREE 10 PCTUSED 40 INITRANS 1 MAXTRANS 255 
 NOCOMPRESS LOGGING
  STORAGE(INITIAL 65536 NEXT 1048576 MINEXTENTS 1 MAXEXTENTS 2147483645
  PCTINCREASE 0 FREELISTS 1 FREELIST GROUPS 1
  BUFFER_POOL DEFAULT FLASH_CACHE DEFAULT CELL_FLASH_CACHE DEFAULT)
  TABLESPACE "SYSTEM" ;
--------------------------------------------------------
--  DDL for Table CUADRES
--------------------------------------------------------

  CREATE TABLE "SYSTEM"."CUADRES" 
   (	"IDCUADRE" NUMBER DEFAULT "SYSTEM"."SEQ_CUADRES"."NEXTVAL", 
	"COLABORADOR" NUMBER, 
	"CAJAINICIAL" NUMBER(12,2), 
	"VENTASEFECTIVO" NUMBER(12,2), 
	"VENTASTARJETA" NUMBER(12,2), 
	"INGRESOSADICIONALES" NUMBER(12,2), 
	"GASTOS" NUMBER(12,2), 
	"CAJAFINAL" NUMBER(12,2), 
	"DIFERENCIA" NUMBER(12,2), 
	"IDUSUARIOCREA" NUMBER(12,2), 
	"FECHACREA" DATE DEFAULT SYSDATE, 
	"IDUSUARIOMODIF" NUMBER, 
	"FECHAMODIF" DATE, 
	"ESTADO" NUMBER
   ) PCTFREE 10 PCTUSED 40 INITRANS 1 MAXTRANS 255 
 NOCOMPRESS LOGGING
  STORAGE(INITIAL 65536 NEXT 1048576 MINEXTENTS 1 MAXEXTENTS 2147483645
  PCTINCREASE 0 FREELISTS 1 FREELIST GROUPS 1
  BUFFER_POOL DEFAULT FLASH_CACHE DEFAULT CELL_FLASH_CACHE DEFAULT)
  TABLESPACE "SYSTEM" ;
--------------------------------------------------------
--  DDL for Table DETALLEFACC
--------------------------------------------------------

  CREATE TABLE "SYSTEM"."DETALLEFACC" 
   (	"NUMDETALLEC" NUMBER DEFAULT "SYSTEM"."SEQ_DETALLEFACC"."NEXTVAL", 
	"IDFACC" NUMBER, 
	"PRODUCTO" NUMBER, 
	"CANTIDAD" NUMBER, 
	"PRECIO" NUMBER, 
	"IDUSUARIOCREA" NUMBER, 
	"FECHACREACION" DATE DEFAULT SYSDATE, 
	"IDUSUARIOMODIF" NUMBER, 
	"FECHAMODIF" DATE, 
	"ESTADO" NUMBER
   ) PCTFREE 10 PCTUSED 40 INITRANS 1 MAXTRANS 255 
 NOCOMPRESS LOGGING
  STORAGE(INITIAL 65536 NEXT 1048576 MINEXTENTS 1 MAXEXTENTS 2147483645
  PCTINCREASE 0 FREELISTS 1 FREELIST GROUPS 1
  BUFFER_POOL DEFAULT FLASH_CACHE DEFAULT CELL_FLASH_CACHE DEFAULT)
  TABLESPACE "SYSTEM" ;
--------------------------------------------------------
--  DDL for Table ACCESO
--------------------------------------------------------

  CREATE TABLE "SYSTEM"."ACCESO" 
   (	"IDACCESO" NUMBER DEFAULT "SYSTEM"."SEQ_ACC"."NEXTVAL", 
	"IDUSUARIO" NUMBER, 
	"FECHA" DATE, 
	"TIPOACCESO" VARCHAR2(20 BYTE), 
	"REGISTROINICIO" DATE, 
	"REGISTROFINAL" DATE, 
	"UBICACIONGE" VARCHAR2(50 BYTE), 
	"IDUSUARIOCREA" NUMBER, 
	"FECHACREA" DATE DEFAULT SYSDATE, 
	"ESTADO" NUMBER
   ) PCTFREE 10 PCTUSED 40 INITRANS 1 MAXTRANS 255 
 NOCOMPRESS LOGGING
  STORAGE(INITIAL 65536 NEXT 1048576 MINEXTENTS 1 MAXEXTENTS 2147483645
  PCTINCREASE 0 FREELISTS 1 FREELIST GROUPS 1
  BUFFER_POOL DEFAULT FLASH_CACHE DEFAULT CELL_FLASH_CACHE DEFAULT)
  TABLESPACE "SYSTEM" ;
--------------------------------------------------------
--  DDL for Table DETALLETRAS
--------------------------------------------------------

  CREATE TABLE "SYSTEM"."DETALLETRAS" 
   (	"NUMDETALLETRAS" NUMBER DEFAULT "SYSTEM"."SEQ_DETALLETRAS"."NEXTVAL", 
	"IDTRASL" NUMBER, 
	"PRODUCTO" NUMBER, 
	"CANTIDAD" NUMBER, 
	"IDUSUARIOCREA" NUMBER, 
	"FECHACREACION" DATE DEFAULT SYSDATE, 
	"IDUSUARIOMODIF" NUMBER, 
	"FECHAMODIF" DATE, 
	"ESTADO" NUMBER
   ) PCTFREE 10 PCTUSED 40 INITRANS 1 MAXTRANS 255 
 NOCOMPRESS LOGGING
  STORAGE(INITIAL 65536 NEXT 1048576 MINEXTENTS 1 MAXEXTENTS 2147483645
  PCTINCREASE 0 FREELISTS 1 FREELIST GROUPS 1
  BUFFER_POOL DEFAULT FLASH_CACHE DEFAULT CELL_FLASH_CACHE DEFAULT)
  TABLESPACE "SYSTEM" ;
--------------------------------------------------------
--  DDL for Table DETALLEOC
--------------------------------------------------------

  CREATE TABLE "SYSTEM"."DETALLEOC" 
   (	"NUMDETALLEOC" NUMBER DEFAULT "SYSTEM"."SEQ_DETALLEOC"."NEXTVAL", 
	"IDOC" NUMBER, 
	"PRODUCTO" NUMBER, 
	"CANTIDAD" NUMBER, 
	"PRECIO" NUMBER, 
	"IDUSUARIOCREA" NUMBER, 
	"FECHACREACION" DATE DEFAULT SYSDATE, 
	"IDUSUARIOMODIF" NUMBER, 
	"FECHAMODIF" DATE, 
	"ESTADO" NUMBER
   ) PCTFREE 10 PCTUSED 40 INITRANS 1 MAXTRANS 255 
 NOCOMPRESS LOGGING
  STORAGE(INITIAL 65536 NEXT 1048576 MINEXTENTS 1 MAXEXTENTS 2147483645
  PCTINCREASE 0 FREELISTS 1 FREELIST GROUPS 1
  BUFFER_POOL DEFAULT FLASH_CACHE DEFAULT CELL_FLASH_CACHE DEFAULT)
  TABLESPACE "SYSTEM" ;
--------------------------------------------------------
--  DDL for Table EMPRESA
--------------------------------------------------------

  CREATE TABLE "SYSTEM"."EMPRESA" 
   (	"IDEMPRESA" NUMBER DEFAULT "SYSTEM"."SEQ_EM"."NEXTVAL", 
	"NOMBREEM" VARCHAR2(50 BYTE), 
	"DENOMINACIONSOCIAL" VARCHAR2(50 BYTE), 
	"NIT" VARCHAR2(50 BYTE), 
	"DESCDIRECCION" VARCHAR2(50 BYTE), 
	"CALLE" VARCHAR2(10 BYTE), 
	"AVENIDA" VARCHAR2(10 BYTE), 
	"ZONA" NVARCHAR2(2), 
	"MUNICIPIO" NUMBER, 
	"DEPARTAMENTO" NUMBER, 
	"CODPAIS" NUMBER, 
	"TELEFONO" VARCHAR2(15 BYTE), 
	"EMAIL" VARCHAR2(100 BYTE), 
	"SECTORECONOMICO" VARCHAR2(50 BYTE), 
	"TIPOPERSONERIA" VARCHAR2(30 BYTE), 
	"FECHACONST" DATE, 
	"ACTIVIDADECO" VARCHAR2(256 BYTE), 
	"FECHAOPERACIONES" DATE, 
	"CONTADOR" NUMBER, 
	"REPRESENTANTE" NUMBER, 
	"IDUSUARIOCREA" NUMBER, 
	"FECHACREA" DATE DEFAULT SYSDATE, 
	"IDUSUARIOMODIF" NUMBER, 
	"FECHAMODIF" DATE, 
	"ESTADO" NUMBER
   ) PCTFREE 10 PCTUSED 40 INITRANS 1 MAXTRANS 255 
 NOCOMPRESS LOGGING
  STORAGE(INITIAL 65536 NEXT 1048576 MINEXTENTS 1 MAXEXTENTS 2147483645
  PCTINCREASE 0 FREELISTS 1 FREELIST GROUPS 1
  BUFFER_POOL DEFAULT FLASH_CACHE DEFAULT CELL_FLASH_CACHE DEFAULT)
  TABLESPACE "SYSTEM" ;
--------------------------------------------------------
--  DDL for Table BITACORA
--------------------------------------------------------

  CREATE TABLE "SYSTEM"."BITACORA" 
   (	"IDBITACORA" NUMBER DEFAULT "SYSTEM"."SEQ_BITA"."NEXTVAL", 
	"USUARIO" NUMBER, 
	"ACCION" VARCHAR2(100 BYTE), 
	"DESCRIPCION" VARCHAR2(500 BYTE), 
	"IDUSUARIOCREA" NUMBER, 
	"FECHACREA" DATE DEFAULT sysdate, 
	"IDUSUARIOMODIF" NUMBER, 
	"FECHAMODIF" DATE, 
	"ESTADO" NUMBER
   ) PCTFREE 10 PCTUSED 40 INITRANS 1 MAXTRANS 255 
 NOCOMPRESS LOGGING
  STORAGE(INITIAL 65536 NEXT 1048576 MINEXTENTS 1 MAXEXTENTS 2147483645
  PCTINCREASE 0 FREELISTS 1 FREELIST GROUPS 1
  BUFFER_POOL DEFAULT FLASH_CACHE DEFAULT CELL_FLASH_CACHE DEFAULT)
  TABLESPACE "SYSTEM" ;
--------------------------------------------------------
--  DDL for Table DETALLEFACV
--------------------------------------------------------

  CREATE TABLE "SYSTEM"."DETALLEFACV" 
   (	"NUMDETALLEV" NUMBER DEFAULT "SYSTEM"."SEQ_DETAFACV"."NEXTVAL", 
	"IDFACV" NUMBER, 
	"PRODUCTO" NUMBER, 
	"CANTIDAD" NUMBER, 
	"IDUSUARIOCREA" NUMBER, 
	"FECHACREACION" DATE DEFAULT SYSDATE, 
	"IDUSUARIOMODIF" NUMBER, 
	"FECHAMODIF" DATE, 
	"ESTADO" NUMBER
   ) PCTFREE 10 PCTUSED 40 INITRANS 1 MAXTRANS 255 
 NOCOMPRESS LOGGING
  STORAGE(INITIAL 65536 NEXT 1048576 MINEXTENTS 1 MAXEXTENTS 2147483645
  PCTINCREASE 0 FREELISTS 1 FREELIST GROUPS 1
  BUFFER_POOL DEFAULT FLASH_CACHE DEFAULT CELL_FLASH_CACHE DEFAULT)
  TABLESPACE "SYSTEM" ;
--------------------------------------------------------
--  DDL for Table ENVIO
--------------------------------------------------------

  CREATE TABLE "SYSTEM"."ENVIO" 
   (	"IDENVIO" NUMBER DEFAULT "SYSTEM"."SEQ_ENVIO"."NEXTVAL", 
	"FECHAENVIO" DATE, 
	"ORIGENENVIO" NUMBER, 
	"DESTINOENVIO" VARCHAR2(100 BYTE), 
	"RESPONSABLE" NUMBER, 
	"COSTOENVIO" NUMBER(12,2), 
	"IDUSUARIOCRE" NUMBER, 
	"FECHACREACION" DATE DEFAULT SYSDATE, 
	"IDUSUARIOMOD" NUMBER, 
	"FECHAMODIF" DATE, 
	"ESTADO" NUMBER, 
	"NOFACTURA" NUMBER
   ) PCTFREE 10 PCTUSED 40 INITRANS 1 MAXTRANS 255 
 NOCOMPRESS LOGGING
  STORAGE(INITIAL 65536 NEXT 1048576 MINEXTENTS 1 MAXEXTENTS 2147483645
  PCTINCREASE 0 FREELISTS 1 FREELIST GROUPS 1
  BUFFER_POOL DEFAULT FLASH_CACHE DEFAULT CELL_FLASH_CACHE DEFAULT)
  TABLESPACE "SYSTEM" ;
REM INSERTING into SYSTEM.FACTURAC
SET DEFINE OFF;
Insert into SYSTEM.FACTURAC (NUMFACC,IDPROVEEDOR,FECHACOMPRA,METODOPAGO,UBICACION,IDUSUARIOCREA,FECHACREACION,IDUSUARIOMODIF,FECHAMODIF,ESTADO) values (1,2,to_date('02-JAN-24','DD-MON-RR'),1,3,38,to_date('11-NOV-23','DD-MON-RR'),38,to_date('11-NOV-23','DD-MON-RR'),1);
Insert into SYSTEM.FACTURAC (NUMFACC,IDPROVEEDOR,FECHACOMPRA,METODOPAGO,UBICACION,IDUSUARIOCREA,FECHACREACION,IDUSUARIOMODIF,FECHAMODIF,ESTADO) values (2,3,to_date('07-FEB-24','DD-MON-RR'),2,4,142,to_date('11-NOV-23','DD-MON-RR'),142,to_date('11-NOV-23','DD-MON-RR'),1);
Insert into SYSTEM.FACTURAC (NUMFACC,IDPROVEEDOR,FECHACOMPRA,METODOPAGO,UBICACION,IDUSUARIOCREA,FECHACREACION,IDUSUARIOMODIF,FECHAMODIF,ESTADO) values (3,4,to_date('13-MAR-24','DD-MON-RR'),3,5,143,to_date('11-NOV-23','DD-MON-RR'),143,to_date('11-NOV-23','DD-MON-RR'),1);
Insert into SYSTEM.FACTURAC (NUMFACC,IDPROVEEDOR,FECHACOMPRA,METODOPAGO,UBICACION,IDUSUARIOCREA,FECHACREACION,IDUSUARIOMODIF,FECHAMODIF,ESTADO) values (4,5,to_date('18-APR-24','DD-MON-RR'),4,3,144,to_date('11-NOV-23','DD-MON-RR'),144,to_date('11-NOV-23','DD-MON-RR'),1);
Insert into SYSTEM.FACTURAC (NUMFACC,IDPROVEEDOR,FECHACOMPRA,METODOPAGO,UBICACION,IDUSUARIOCREA,FECHACREACION,IDUSUARIOMODIF,FECHAMODIF,ESTADO) values (5,6,to_date('23-MAY-24','DD-MON-RR'),5,4,145,to_date('11-NOV-23','DD-MON-RR'),145,to_date('11-NOV-23','DD-MON-RR'),1);
Insert into SYSTEM.FACTURAC (NUMFACC,IDPROVEEDOR,FECHACOMPRA,METODOPAGO,UBICACION,IDUSUARIOCREA,FECHACREACION,IDUSUARIOMODIF,FECHAMODIF,ESTADO) values (6,7,to_date('28-JUN-24','DD-MON-RR'),1,5,146,to_date('11-NOV-23','DD-MON-RR'),146,to_date('11-NOV-23','DD-MON-RR'),1);
Insert into SYSTEM.FACTURAC (NUMFACC,IDPROVEEDOR,FECHACOMPRA,METODOPAGO,UBICACION,IDUSUARIOCREA,FECHACREACION,IDUSUARIOMODIF,FECHAMODIF,ESTADO) values (7,8,to_date('03-JUL-24','DD-MON-RR'),2,3,38,to_date('11-NOV-23','DD-MON-RR'),38,to_date('11-NOV-23','DD-MON-RR'),1);
Insert into SYSTEM.FACTURAC (NUMFACC,IDPROVEEDOR,FECHACOMPRA,METODOPAGO,UBICACION,IDUSUARIOCREA,FECHACREACION,IDUSUARIOMODIF,FECHAMODIF,ESTADO) values (8,9,to_date('08-AUG-24','DD-MON-RR'),3,4,142,to_date('11-NOV-23','DD-MON-RR'),142,to_date('11-NOV-23','DD-MON-RR'),1);
Insert into SYSTEM.FACTURAC (NUMFACC,IDPROVEEDOR,FECHACOMPRA,METODOPAGO,UBICACION,IDUSUARIOCREA,FECHACREACION,IDUSUARIOMODIF,FECHAMODIF,ESTADO) values (9,10,to_date('14-SEP-24','DD-MON-RR'),4,5,143,to_date('11-NOV-23','DD-MON-RR'),143,to_date('11-NOV-23','DD-MON-RR'),1);
Insert into SYSTEM.FACTURAC (NUMFACC,IDPROVEEDOR,FECHACOMPRA,METODOPAGO,UBICACION,IDUSUARIOCREA,FECHACREACION,IDUSUARIOMODIF,FECHAMODIF,ESTADO) values (10,11,to_date('19-OCT-24','DD-MON-RR'),5,3,144,to_date('11-NOV-23','DD-MON-RR'),144,to_date('11-NOV-23','DD-MON-RR'),1);
Insert into SYSTEM.FACTURAC (NUMFACC,IDPROVEEDOR,FECHACOMPRA,METODOPAGO,UBICACION,IDUSUARIOCREA,FECHACREACION,IDUSUARIOMODIF,FECHAMODIF,ESTADO) values (11,12,to_date('24-NOV-24','DD-MON-RR'),1,4,145,to_date('11-NOV-23','DD-MON-RR'),145,to_date('11-NOV-23','DD-MON-RR'),1);
Insert into SYSTEM.FACTURAC (NUMFACC,IDPROVEEDOR,FECHACOMPRA,METODOPAGO,UBICACION,IDUSUARIOCREA,FECHACREACION,IDUSUARIOMODIF,FECHAMODIF,ESTADO) values (12,13,to_date('29-DEC-24','DD-MON-RR'),2,5,146,to_date('11-NOV-23','DD-MON-RR'),146,to_date('11-NOV-23','DD-MON-RR'),1);
Insert into SYSTEM.FACTURAC (NUMFACC,IDPROVEEDOR,FECHACOMPRA,METODOPAGO,UBICACION,IDUSUARIOCREA,FECHACREACION,IDUSUARIOMODIF,FECHAMODIF,ESTADO) values (13,14,to_date('03-JAN-25','DD-MON-RR'),3,3,38,to_date('11-NOV-23','DD-MON-RR'),38,to_date('11-NOV-23','DD-MON-RR'),1);
Insert into SYSTEM.FACTURAC (NUMFACC,IDPROVEEDOR,FECHACOMPRA,METODOPAGO,UBICACION,IDUSUARIOCREA,FECHACREACION,IDUSUARIOMODIF,FECHAMODIF,ESTADO) values (14,15,to_date('08-FEB-25','DD-MON-RR'),4,4,142,to_date('11-NOV-23','DD-MON-RR'),142,to_date('11-NOV-23','DD-MON-RR'),1);
Insert into SYSTEM.FACTURAC (NUMFACC,IDPROVEEDOR,FECHACOMPRA,METODOPAGO,UBICACION,IDUSUARIOCREA,FECHACREACION,IDUSUARIOMODIF,FECHAMODIF,ESTADO) values (15,16,to_date('14-MAR-25','DD-MON-RR'),5,3,143,to_date('11-NOV-23','DD-MON-RR'),143,to_date('11-NOV-23','DD-MON-RR'),1);
Insert into SYSTEM.FACTURAC (NUMFACC,IDPROVEEDOR,FECHACOMPRA,METODOPAGO,UBICACION,IDUSUARIOCREA,FECHACREACION,IDUSUARIOMODIF,FECHAMODIF,ESTADO) values (16,2,to_date('19-APR-25','DD-MON-RR'),1,4,144,to_date('11-NOV-23','DD-MON-RR'),144,to_date('11-NOV-23','DD-MON-RR'),1);
Insert into SYSTEM.FACTURAC (NUMFACC,IDPROVEEDOR,FECHACOMPRA,METODOPAGO,UBICACION,IDUSUARIOCREA,FECHACREACION,IDUSUARIOMODIF,FECHAMODIF,ESTADO) values (17,3,to_date('24-MAY-25','DD-MON-RR'),2,5,145,to_date('11-NOV-23','DD-MON-RR'),145,to_date('11-NOV-23','DD-MON-RR'),1);
Insert into SYSTEM.FACTURAC (NUMFACC,IDPROVEEDOR,FECHACOMPRA,METODOPAGO,UBICACION,IDUSUARIOCREA,FECHACREACION,IDUSUARIOMODIF,FECHAMODIF,ESTADO) values (18,4,to_date('29-JUN-25','DD-MON-RR'),3,3,146,to_date('11-NOV-23','DD-MON-RR'),146,to_date('11-NOV-23','DD-MON-RR'),1);
Insert into SYSTEM.FACTURAC (NUMFACC,IDPROVEEDOR,FECHACOMPRA,METODOPAGO,UBICACION,IDUSUARIOCREA,FECHACREACION,IDUSUARIOMODIF,FECHAMODIF,ESTADO) values (19,5,to_date('04-JUL-25','DD-MON-RR'),4,4,38,to_date('11-NOV-23','DD-MON-RR'),38,to_date('11-NOV-23','DD-MON-RR'),1);
Insert into SYSTEM.FACTURAC (NUMFACC,IDPROVEEDOR,FECHACOMPRA,METODOPAGO,UBICACION,IDUSUARIOCREA,FECHACREACION,IDUSUARIOMODIF,FECHAMODIF,ESTADO) values (20,6,to_date('09-AUG-25','DD-MON-RR'),5,5,142,to_date('11-NOV-23','DD-MON-RR'),142,to_date('11-NOV-23','DD-MON-RR'),1);
REM INSERTING into SYSTEM.DETALLECOT
SET DEFINE OFF;
Insert into SYSTEM.DETALLECOT (NUMDETALLECOT,IDCOTI,PRODUCTO,CANTIDAD,IDUSUARIOCREA,FECHACREACION,IDUSUARIOMODIF,FECHAMODIF,ESTADO) values (1,1,6,5,46,to_date('11-NOV-23','DD-MON-RR'),46,to_date('11-NOV-23','DD-MON-RR'),1);
Insert into SYSTEM.DETALLECOT (NUMDETALLECOT,IDCOTI,PRODUCTO,CANTIDAD,IDUSUARIOCREA,FECHACREACION,IDUSUARIOMODIF,FECHAMODIF,ESTADO) values (2,2,7,6,47,to_date('11-NOV-23','DD-MON-RR'),47,to_date('11-NOV-23','DD-MON-RR'),1);
Insert into SYSTEM.DETALLECOT (NUMDETALLECOT,IDCOTI,PRODUCTO,CANTIDAD,IDUSUARIOCREA,FECHACREACION,IDUSUARIOMODIF,FECHAMODIF,ESTADO) values (3,3,8,7,48,to_date('11-NOV-23','DD-MON-RR'),48,to_date('11-NOV-23','DD-MON-RR'),1);
Insert into SYSTEM.DETALLECOT (NUMDETALLECOT,IDCOTI,PRODUCTO,CANTIDAD,IDUSUARIOCREA,FECHACREACION,IDUSUARIOMODIF,FECHAMODIF,ESTADO) values (4,4,9,1,49,to_date('11-NOV-23','DD-MON-RR'),49,to_date('11-NOV-23','DD-MON-RR'),1);
Insert into SYSTEM.DETALLECOT (NUMDETALLECOT,IDCOTI,PRODUCTO,CANTIDAD,IDUSUARIOCREA,FECHACREACION,IDUSUARIOMODIF,FECHAMODIF,ESTADO) values (5,5,10,2,50,to_date('11-NOV-23','DD-MON-RR'),50,to_date('11-NOV-23','DD-MON-RR'),1);
Insert into SYSTEM.DETALLECOT (NUMDETALLECOT,IDCOTI,PRODUCTO,CANTIDAD,IDUSUARIOCREA,FECHACREACION,IDUSUARIOMODIF,FECHAMODIF,ESTADO) values (6,6,11,3,51,to_date('11-NOV-23','DD-MON-RR'),51,to_date('11-NOV-23','DD-MON-RR'),1);
Insert into SYSTEM.DETALLECOT (NUMDETALLECOT,IDCOTI,PRODUCTO,CANTIDAD,IDUSUARIOCREA,FECHACREACION,IDUSUARIOMODIF,FECHAMODIF,ESTADO) values (7,7,12,4,52,to_date('11-NOV-23','DD-MON-RR'),52,to_date('11-NOV-23','DD-MON-RR'),1);
Insert into SYSTEM.DETALLECOT (NUMDETALLECOT,IDCOTI,PRODUCTO,CANTIDAD,IDUSUARIOCREA,FECHACREACION,IDUSUARIOMODIF,FECHAMODIF,ESTADO) values (8,8,13,6,53,to_date('11-NOV-23','DD-MON-RR'),53,to_date('11-NOV-23','DD-MON-RR'),1);
Insert into SYSTEM.DETALLECOT (NUMDETALLECOT,IDCOTI,PRODUCTO,CANTIDAD,IDUSUARIOCREA,FECHACREACION,IDUSUARIOMODIF,FECHAMODIF,ESTADO) values (9,9,14,8,54,to_date('11-NOV-23','DD-MON-RR'),54,to_date('11-NOV-23','DD-MON-RR'),1);
Insert into SYSTEM.DETALLECOT (NUMDETALLECOT,IDCOTI,PRODUCTO,CANTIDAD,IDUSUARIOCREA,FECHACREACION,IDUSUARIOMODIF,FECHAMODIF,ESTADO) values (10,10,15,2,55,to_date('11-NOV-23','DD-MON-RR'),55,to_date('11-NOV-23','DD-MON-RR'),1);
Insert into SYSTEM.DETALLECOT (NUMDETALLECOT,IDCOTI,PRODUCTO,CANTIDAD,IDUSUARIOCREA,FECHACREACION,IDUSUARIOMODIF,FECHAMODIF,ESTADO) values (11,11,16,6,56,to_date('11-NOV-23','DD-MON-RR'),56,to_date('11-NOV-23','DD-MON-RR'),1);
Insert into SYSTEM.DETALLECOT (NUMDETALLECOT,IDCOTI,PRODUCTO,CANTIDAD,IDUSUARIOCREA,FECHACREACION,IDUSUARIOMODIF,FECHAMODIF,ESTADO) values (12,12,17,8,57,to_date('11-NOV-23','DD-MON-RR'),57,to_date('11-NOV-23','DD-MON-RR'),1);
Insert into SYSTEM.DETALLECOT (NUMDETALLECOT,IDCOTI,PRODUCTO,CANTIDAD,IDUSUARIOCREA,FECHACREACION,IDUSUARIOMODIF,FECHAMODIF,ESTADO) values (13,13,18,6,58,to_date('11-NOV-23','DD-MON-RR'),58,to_date('11-NOV-23','DD-MON-RR'),1);
Insert into SYSTEM.DETALLECOT (NUMDETALLECOT,IDCOTI,PRODUCTO,CANTIDAD,IDUSUARIOCREA,FECHACREACION,IDUSUARIOMODIF,FECHAMODIF,ESTADO) values (14,14,19,8,59,to_date('11-NOV-23','DD-MON-RR'),59,to_date('11-NOV-23','DD-MON-RR'),1);
Insert into SYSTEM.DETALLECOT (NUMDETALLECOT,IDCOTI,PRODUCTO,CANTIDAD,IDUSUARIOCREA,FECHACREACION,IDUSUARIOMODIF,FECHAMODIF,ESTADO) values (15,15,20,9,60,to_date('11-NOV-23','DD-MON-RR'),60,to_date('11-NOV-23','DD-MON-RR'),1);
Insert into SYSTEM.DETALLECOT (NUMDETALLECOT,IDCOTI,PRODUCTO,CANTIDAD,IDUSUARIOCREA,FECHACREACION,IDUSUARIOMODIF,FECHAMODIF,ESTADO) values (16,16,21,2,61,to_date('11-NOV-23','DD-MON-RR'),61,to_date('11-NOV-23','DD-MON-RR'),1);
Insert into SYSTEM.DETALLECOT (NUMDETALLECOT,IDCOTI,PRODUCTO,CANTIDAD,IDUSUARIOCREA,FECHACREACION,IDUSUARIOMODIF,FECHAMODIF,ESTADO) values (17,17,22,3,62,to_date('11-NOV-23','DD-MON-RR'),62,to_date('11-NOV-23','DD-MON-RR'),1);
Insert into SYSTEM.DETALLECOT (NUMDETALLECOT,IDCOTI,PRODUCTO,CANTIDAD,IDUSUARIOCREA,FECHACREACION,IDUSUARIOMODIF,FECHAMODIF,ESTADO) values (18,18,23,5,63,to_date('11-NOV-23','DD-MON-RR'),63,to_date('11-NOV-23','DD-MON-RR'),1);
Insert into SYSTEM.DETALLECOT (NUMDETALLECOT,IDCOTI,PRODUCTO,CANTIDAD,IDUSUARIOCREA,FECHACREACION,IDUSUARIOMODIF,FECHAMODIF,ESTADO) values (19,19,24,4,64,to_date('11-NOV-23','DD-MON-RR'),64,to_date('11-NOV-23','DD-MON-RR'),1);
Insert into SYSTEM.DETALLECOT (NUMDETALLECOT,IDCOTI,PRODUCTO,CANTIDAD,IDUSUARIOCREA,FECHACREACION,IDUSUARIOMODIF,FECHAMODIF,ESTADO) values (20,20,25,2,65,to_date('11-NOV-23','DD-MON-RR'),65,to_date('11-NOV-23','DD-MON-RR'),1);
REM INSERTING into SYSTEM.SUCURSAL
SET DEFINE OFF;
Insert into SYSTEM.SUCURSAL (IDSUCURSAL,NOMBRESUCURSAL,IDENCARGADO,IDUSUARIOCREA,FECHACREA,IDUSUARIOMODIF,FECHAMODIF,ESTADO) values (101,'ZONA 10',28,5,to_date('11-NOV-23','DD-MON-RR'),5,to_date('11-NOV-23','DD-MON-RR'),1);
Insert into SYSTEM.SUCURSAL (IDSUCURSAL,NOMBRESUCURSAL,IDENCARGADO,IDUSUARIOCREA,FECHACREA,IDUSUARIOMODIF,FECHAMODIF,ESTADO) values (102,'REFORMA',76,5,to_date('11-NOV-23','DD-MON-RR'),5,to_date('11-NOV-23','DD-MON-RR'),1);
Insert into SYSTEM.SUCURSAL (IDSUCURSAL,NOMBRESUCURSAL,IDENCARGADO,IDUSUARIOCREA,FECHACREA,IDUSUARIOMODIF,FECHAMODIF,ESTADO) values (103,'MIRAFLORES',77,5,to_date('11-NOV-23','DD-MON-RR'),5,to_date('11-NOV-23','DD-MON-RR'),1);
Insert into SYSTEM.SUCURSAL (IDSUCURSAL,NOMBRESUCURSAL,IDENCARGADO,IDUSUARIOCREA,FECHACREA,IDUSUARIOMODIF,FECHAMODIF,ESTADO) values (104,'OAKLAND MALL',78,5,to_date('11-NOV-23','DD-MON-RR'),5,to_date('11-NOV-23','DD-MON-RR'),1);
Insert into SYSTEM.SUCURSAL (IDSUCURSAL,NOMBRESUCURSAL,IDENCARGADO,IDUSUARIOCREA,FECHACREA,IDUSUARIOMODIF,FECHAMODIF,ESTADO) values (105,'ZONA 04',79,5,to_date('11-NOV-23','DD-MON-RR'),5,to_date('11-NOV-23','DD-MON-RR'),1);
Insert into SYSTEM.SUCURSAL (IDSUCURSAL,NOMBRESUCURSAL,IDENCARGADO,IDUSUARIOCREA,FECHACREA,IDUSUARIOMODIF,FECHAMODIF,ESTADO) values (106,'MIXCO',80,5,to_date('11-NOV-23','DD-MON-RR'),5,to_date('11-NOV-23','DD-MON-RR'),1);
Insert into SYSTEM.SUCURSAL (IDSUCURSAL,NOMBRESUCURSAL,IDENCARGADO,IDUSUARIOCREA,FECHACREA,IDUSUARIOMODIF,FECHAMODIF,ESTADO) values (107,'ROOSEVELT',81,5,to_date('11-NOV-23','DD-MON-RR'),5,to_date('11-NOV-23','DD-MON-RR'),1);
REM INSERTING into SYSTEM.CODPAIS
SET DEFINE OFF;
Insert into SYSTEM.CODPAIS (IDCOD,PAIS,CODIGO,IDUSUARIOCREA,FECHACREACION,IDUSUARIOMODIF,FECHAMODIF,ESTADO) values (1,'AFGANISTÁN','93',5,to_date('07-NOV-23','DD-MON-RR'),5,to_date('07-NOV-23','DD-MON-RR'),1);
Insert into SYSTEM.CODPAIS (IDCOD,PAIS,CODIGO,IDUSUARIOCREA,FECHACREACION,IDUSUARIOMODIF,FECHAMODIF,ESTADO) values (2,'ALBANIA','355',5,to_date('07-NOV-23','DD-MON-RR'),5,to_date('07-NOV-23','DD-MON-RR'),1);
Insert into SYSTEM.CODPAIS (IDCOD,PAIS,CODIGO,IDUSUARIOCREA,FECHACREACION,IDUSUARIOMODIF,FECHAMODIF,ESTADO) values (3,'ARGELIA','213',5,to_date('07-NOV-23','DD-MON-RR'),5,to_date('07-NOV-23','DD-MON-RR'),1);
Insert into SYSTEM.CODPAIS (IDCOD,PAIS,CODIGO,IDUSUARIOCREA,FECHACREACION,IDUSUARIOMODIF,FECHAMODIF,ESTADO) values (4,'SAMOA AMERICANA','1',5,to_date('07-NOV-23','DD-MON-RR'),5,to_date('07-NOV-23','DD-MON-RR'),1);
Insert into SYSTEM.CODPAIS (IDCOD,PAIS,CODIGO,IDUSUARIOCREA,FECHACREACION,IDUSUARIOMODIF,FECHAMODIF,ESTADO) values (5,'ANDORRA','376',5,to_date('07-NOV-23','DD-MON-RR'),5,to_date('07-NOV-23','DD-MON-RR'),1);
Insert into SYSTEM.CODPAIS (IDCOD,PAIS,CODIGO,IDUSUARIOCREA,FECHACREACION,IDUSUARIOMODIF,FECHAMODIF,ESTADO) values (6,'ANGOLA','244',5,to_date('07-NOV-23','DD-MON-RR'),5,to_date('07-NOV-23','DD-MON-RR'),1);
Insert into SYSTEM.CODPAIS (IDCOD,PAIS,CODIGO,IDUSUARIOCREA,FECHACREACION,IDUSUARIOMODIF,FECHAMODIF,ESTADO) values (7,'ANGUILA','1',5,to_date('07-NOV-23','DD-MON-RR'),5,to_date('07-NOV-23','DD-MON-RR'),1);
Insert into SYSTEM.CODPAIS (IDCOD,PAIS,CODIGO,IDUSUARIOCREA,FECHACREACION,IDUSUARIOMODIF,FECHAMODIF,ESTADO) values (8,'ANTIGUA Y BARBUDA','1',5,to_date('07-NOV-23','DD-MON-RR'),5,to_date('07-NOV-23','DD-MON-RR'),1);
Insert into SYSTEM.CODPAIS (IDCOD,PAIS,CODIGO,IDUSUARIOCREA,FECHACREACION,IDUSUARIOMODIF,FECHAMODIF,ESTADO) values (9,'ARGENTINA','54',5,to_date('07-NOV-23','DD-MON-RR'),5,to_date('07-NOV-23','DD-MON-RR'),1);
Insert into SYSTEM.CODPAIS (IDCOD,PAIS,CODIGO,IDUSUARIOCREA,FECHACREACION,IDUSUARIOMODIF,FECHAMODIF,ESTADO) values (10,'ARMENIA','374',5,to_date('07-NOV-23','DD-MON-RR'),5,to_date('07-NOV-23','DD-MON-RR'),1);
Insert into SYSTEM.CODPAIS (IDCOD,PAIS,CODIGO,IDUSUARIOCREA,FECHACREACION,IDUSUARIOMODIF,FECHAMODIF,ESTADO) values (11,'ARUBA','297',5,to_date('07-NOV-23','DD-MON-RR'),5,to_date('07-NOV-23','DD-MON-RR'),1);
Insert into SYSTEM.CODPAIS (IDCOD,PAIS,CODIGO,IDUSUARIOCREA,FECHACREACION,IDUSUARIOMODIF,FECHAMODIF,ESTADO) values (12,'AUSTRALIA','61',5,to_date('07-NOV-23','DD-MON-RR'),5,to_date('07-NOV-23','DD-MON-RR'),1);
Insert into SYSTEM.CODPAIS (IDCOD,PAIS,CODIGO,IDUSUARIOCREA,FECHACREACION,IDUSUARIOMODIF,FECHAMODIF,ESTADO) values (13,'AUSTRIA','43',5,to_date('07-NOV-23','DD-MON-RR'),5,to_date('07-NOV-23','DD-MON-RR'),1);
Insert into SYSTEM.CODPAIS (IDCOD,PAIS,CODIGO,IDUSUARIOCREA,FECHACREACION,IDUSUARIOMODIF,FECHAMODIF,ESTADO) values (14,'AZERBAIYÁN','994',5,to_date('07-NOV-23','DD-MON-RR'),5,to_date('07-NOV-23','DD-MON-RR'),1);
Insert into SYSTEM.CODPAIS (IDCOD,PAIS,CODIGO,IDUSUARIOCREA,FECHACREACION,IDUSUARIOMODIF,FECHAMODIF,ESTADO) values (15,'BAHAMAS','1',5,to_date('07-NOV-23','DD-MON-RR'),5,to_date('07-NOV-23','DD-MON-RR'),1);
Insert into SYSTEM.CODPAIS (IDCOD,PAIS,CODIGO,IDUSUARIOCREA,FECHACREACION,IDUSUARIOMODIF,FECHAMODIF,ESTADO) values (16,'BARÉIN','973',5,to_date('07-NOV-23','DD-MON-RR'),5,to_date('07-NOV-23','DD-MON-RR'),1);
Insert into SYSTEM.CODPAIS (IDCOD,PAIS,CODIGO,IDUSUARIOCREA,FECHACREACION,IDUSUARIOMODIF,FECHAMODIF,ESTADO) values (17,'BANGLADESH','880',5,to_date('07-NOV-23','DD-MON-RR'),5,to_date('07-NOV-23','DD-MON-RR'),1);
Insert into SYSTEM.CODPAIS (IDCOD,PAIS,CODIGO,IDUSUARIOCREA,FECHACREACION,IDUSUARIOMODIF,FECHAMODIF,ESTADO) values (18,'BARBADOS','1',5,to_date('07-NOV-23','DD-MON-RR'),5,to_date('07-NOV-23','DD-MON-RR'),1);
Insert into SYSTEM.CODPAIS (IDCOD,PAIS,CODIGO,IDUSUARIOCREA,FECHACREACION,IDUSUARIOMODIF,FECHAMODIF,ESTADO) values (19,'BELARÚS','375',5,to_date('07-NOV-23','DD-MON-RR'),5,to_date('07-NOV-23','DD-MON-RR'),1);
Insert into SYSTEM.CODPAIS (IDCOD,PAIS,CODIGO,IDUSUARIOCREA,FECHACREACION,IDUSUARIOMODIF,FECHAMODIF,ESTADO) values (20,'BÉLGICA','32',5,to_date('07-NOV-23','DD-MON-RR'),5,to_date('07-NOV-23','DD-MON-RR'),1);
Insert into SYSTEM.CODPAIS (IDCOD,PAIS,CODIGO,IDUSUARIOCREA,FECHACREACION,IDUSUARIOMODIF,FECHAMODIF,ESTADO) values (21,'BELICE','501',5,to_date('07-NOV-23','DD-MON-RR'),5,to_date('07-NOV-23','DD-MON-RR'),1);
Insert into SYSTEM.CODPAIS (IDCOD,PAIS,CODIGO,IDUSUARIOCREA,FECHACREACION,IDUSUARIOMODIF,FECHAMODIF,ESTADO) values (22,'BENÍN','229',5,to_date('07-NOV-23','DD-MON-RR'),5,to_date('07-NOV-23','DD-MON-RR'),1);
Insert into SYSTEM.CODPAIS (IDCOD,PAIS,CODIGO,IDUSUARIOCREA,FECHACREACION,IDUSUARIOMODIF,FECHAMODIF,ESTADO) values (23,'BERMUDAS','1',5,to_date('07-NOV-23','DD-MON-RR'),5,to_date('07-NOV-23','DD-MON-RR'),1);
Insert into SYSTEM.CODPAIS (IDCOD,PAIS,CODIGO,IDUSUARIOCREA,FECHACREACION,IDUSUARIOMODIF,FECHAMODIF,ESTADO) values (24,'BUTÁN','975',5,to_date('07-NOV-23','DD-MON-RR'),5,to_date('07-NOV-23','DD-MON-RR'),1);
Insert into SYSTEM.CODPAIS (IDCOD,PAIS,CODIGO,IDUSUARIOCREA,FECHACREACION,IDUSUARIOMODIF,FECHAMODIF,ESTADO) values (25,'BOLIVIA','591',5,to_date('07-NOV-23','DD-MON-RR'),5,to_date('07-NOV-23','DD-MON-RR'),1);
Insert into SYSTEM.CODPAIS (IDCOD,PAIS,CODIGO,IDUSUARIOCREA,FECHACREACION,IDUSUARIOMODIF,FECHAMODIF,ESTADO) values (26,'BONAIRE','599',5,to_date('07-NOV-23','DD-MON-RR'),5,to_date('07-NOV-23','DD-MON-RR'),1);
Insert into SYSTEM.CODPAIS (IDCOD,PAIS,CODIGO,IDUSUARIOCREA,FECHACREACION,IDUSUARIOMODIF,FECHAMODIF,ESTADO) values (27,'BOSNIA Y HERZEGOVINA','387',5,to_date('07-NOV-23','DD-MON-RR'),5,to_date('07-NOV-23','DD-MON-RR'),1);
Insert into SYSTEM.CODPAIS (IDCOD,PAIS,CODIGO,IDUSUARIOCREA,FECHACREACION,IDUSUARIOMODIF,FECHAMODIF,ESTADO) values (28,'BRASIL','55',5,to_date('07-NOV-23','DD-MON-RR'),5,to_date('07-NOV-23','DD-MON-RR'),1);
Insert into SYSTEM.CODPAIS (IDCOD,PAIS,CODIGO,IDUSUARIOCREA,FECHACREACION,IDUSUARIOMODIF,FECHAMODIF,ESTADO) values (29,'BRUNÉI','673',5,to_date('07-NOV-23','DD-MON-RR'),5,to_date('07-NOV-23','DD-MON-RR'),1);
Insert into SYSTEM.CODPAIS (IDCOD,PAIS,CODIGO,IDUSUARIOCREA,FECHACREACION,IDUSUARIOMODIF,FECHAMODIF,ESTADO) values (30,'BULGARIA','359',5,to_date('07-NOV-23','DD-MON-RR'),5,to_date('07-NOV-23','DD-MON-RR'),1);
Insert into SYSTEM.CODPAIS (IDCOD,PAIS,CODIGO,IDUSUARIOCREA,FECHACREACION,IDUSUARIOMODIF,FECHAMODIF,ESTADO) values (31,'BURKINA FASO','226',5,to_date('07-NOV-23','DD-MON-RR'),5,to_date('07-NOV-23','DD-MON-RR'),1);
Insert into SYSTEM.CODPAIS (IDCOD,PAIS,CODIGO,IDUSUARIOCREA,FECHACREACION,IDUSUARIOMODIF,FECHAMODIF,ESTADO) values (32,'BURUNDI','257',5,to_date('07-NOV-23','DD-MON-RR'),5,to_date('07-NOV-23','DD-MON-RR'),1);
Insert into SYSTEM.CODPAIS (IDCOD,PAIS,CODIGO,IDUSUARIOCREA,FECHACREACION,IDUSUARIOMODIF,FECHAMODIF,ESTADO) values (33,'CAMBOYA','855',5,to_date('07-NOV-23','DD-MON-RR'),5,to_date('07-NOV-23','DD-MON-RR'),1);
Insert into SYSTEM.CODPAIS (IDCOD,PAIS,CODIGO,IDUSUARIOCREA,FECHACREACION,IDUSUARIOMODIF,FECHAMODIF,ESTADO) values (34,'CAMERÚN','237',5,to_date('07-NOV-23','DD-MON-RR'),5,to_date('07-NOV-23','DD-MON-RR'),1);
Insert into SYSTEM.CODPAIS (IDCOD,PAIS,CODIGO,IDUSUARIOCREA,FECHACREACION,IDUSUARIOMODIF,FECHAMODIF,ESTADO) values (35,'CANADÁ','1',5,to_date('07-NOV-23','DD-MON-RR'),5,to_date('07-NOV-23','DD-MON-RR'),1);
Insert into SYSTEM.CODPAIS (IDCOD,PAIS,CODIGO,IDUSUARIOCREA,FECHACREACION,IDUSUARIOMODIF,FECHAMODIF,ESTADO) values (36,'CABO VERDE','238',5,to_date('07-NOV-23','DD-MON-RR'),5,to_date('07-NOV-23','DD-MON-RR'),1);
Insert into SYSTEM.CODPAIS (IDCOD,PAIS,CODIGO,IDUSUARIOCREA,FECHACREACION,IDUSUARIOMODIF,FECHAMODIF,ESTADO) values (37,'ISLAS CAIMÁN','1',5,to_date('07-NOV-23','DD-MON-RR'),5,to_date('07-NOV-23','DD-MON-RR'),1);
Insert into SYSTEM.CODPAIS (IDCOD,PAIS,CODIGO,IDUSUARIOCREA,FECHACREACION,IDUSUARIOMODIF,FECHAMODIF,ESTADO) values (38,'REPÚBLICA CENTROAFRICANA','236',5,to_date('07-NOV-23','DD-MON-RR'),5,to_date('07-NOV-23','DD-MON-RR'),1);
Insert into SYSTEM.CODPAIS (IDCOD,PAIS,CODIGO,IDUSUARIOCREA,FECHACREACION,IDUSUARIOMODIF,FECHAMODIF,ESTADO) values (39,'CHILE','56',5,to_date('07-NOV-23','DD-MON-RR'),5,to_date('07-NOV-23','DD-MON-RR'),1);
Insert into SYSTEM.CODPAIS (IDCOD,PAIS,CODIGO,IDUSUARIOCREA,FECHACREACION,IDUSUARIOMODIF,FECHAMODIF,ESTADO) values (40,'CHINA','86',5,to_date('07-NOV-23','DD-MON-RR'),5,to_date('07-NOV-23','DD-MON-RR'),1);
Insert into SYSTEM.CODPAIS (IDCOD,PAIS,CODIGO,IDUSUARIOCREA,FECHACREACION,IDUSUARIOMODIF,FECHAMODIF,ESTADO) values (41,'COLOMBIA','57',5,to_date('07-NOV-23','DD-MON-RR'),5,to_date('07-NOV-23','DD-MON-RR'),1);
Insert into SYSTEM.CODPAIS (IDCOD,PAIS,CODIGO,IDUSUARIOCREA,FECHACREACION,IDUSUARIOMODIF,FECHAMODIF,ESTADO) values (42,'CONGO','242',5,to_date('07-NOV-23','DD-MON-RR'),5,to_date('07-NOV-23','DD-MON-RR'),1);
Insert into SYSTEM.CODPAIS (IDCOD,PAIS,CODIGO,IDUSUARIOCREA,FECHACREACION,IDUSUARIOMODIF,FECHAMODIF,ESTADO) values (43,'ISLAS COOK','682',5,to_date('07-NOV-23','DD-MON-RR'),5,to_date('07-NOV-23','DD-MON-RR'),1);
Insert into SYSTEM.CODPAIS (IDCOD,PAIS,CODIGO,IDUSUARIOCREA,FECHACREACION,IDUSUARIOMODIF,FECHAMODIF,ESTADO) values (44,'COSTA RICA','506',5,to_date('07-NOV-23','DD-MON-RR'),5,to_date('07-NOV-23','DD-MON-RR'),1);
Insert into SYSTEM.CODPAIS (IDCOD,PAIS,CODIGO,IDUSUARIOCREA,FECHACREACION,IDUSUARIOMODIF,FECHAMODIF,ESTADO) values (45,'CROACIA','385',5,to_date('07-NOV-23','DD-MON-RR'),5,to_date('07-NOV-23','DD-MON-RR'),1);
Insert into SYSTEM.CODPAIS (IDCOD,PAIS,CODIGO,IDUSUARIOCREA,FECHACREACION,IDUSUARIOMODIF,FECHAMODIF,ESTADO) values (46,'CUBA','53',5,to_date('07-NOV-23','DD-MON-RR'),5,to_date('07-NOV-23','DD-MON-RR'),1);
Insert into SYSTEM.CODPAIS (IDCOD,PAIS,CODIGO,IDUSUARIOCREA,FECHACREACION,IDUSUARIOMODIF,FECHAMODIF,ESTADO) values (47,'CHIPRE','357',5,to_date('07-NOV-23','DD-MON-RR'),5,to_date('07-NOV-23','DD-MON-RR'),1);
Insert into SYSTEM.CODPAIS (IDCOD,PAIS,CODIGO,IDUSUARIOCREA,FECHACREACION,IDUSUARIOMODIF,FECHAMODIF,ESTADO) values (48,'REPÚBLICA CHECA','420',5,to_date('07-NOV-23','DD-MON-RR'),5,to_date('07-NOV-23','DD-MON-RR'),1);
Insert into SYSTEM.CODPAIS (IDCOD,PAIS,CODIGO,IDUSUARIOCREA,FECHACREACION,IDUSUARIOMODIF,FECHAMODIF,ESTADO) values (49,'DINAMARCA','45',5,to_date('07-NOV-23','DD-MON-RR'),5,to_date('07-NOV-23','DD-MON-RR'),1);
Insert into SYSTEM.CODPAIS (IDCOD,PAIS,CODIGO,IDUSUARIOCREA,FECHACREACION,IDUSUARIOMODIF,FECHAMODIF,ESTADO) values (50,'YIBUTI','253',5,to_date('07-NOV-23','DD-MON-RR'),5,to_date('07-NOV-23','DD-MON-RR'),1);
Insert into SYSTEM.CODPAIS (IDCOD,PAIS,CODIGO,IDUSUARIOCREA,FECHACREACION,IDUSUARIOMODIF,FECHAMODIF,ESTADO) values (51,'DOMINICA','1',5,to_date('07-NOV-23','DD-MON-RR'),5,to_date('07-NOV-23','DD-MON-RR'),1);
Insert into SYSTEM.CODPAIS (IDCOD,PAIS,CODIGO,IDUSUARIOCREA,FECHACREACION,IDUSUARIOMODIF,FECHAMODIF,ESTADO) values (52,'REPÚBLICA DOMINICANA','1',5,to_date('07-NOV-23','DD-MON-RR'),5,to_date('07-NOV-23','DD-MON-RR'),1);
Insert into SYSTEM.CODPAIS (IDCOD,PAIS,CODIGO,IDUSUARIOCREA,FECHACREACION,IDUSUARIOMODIF,FECHAMODIF,ESTADO) values (53,'ECUADOR','593',5,to_date('07-NOV-23','DD-MON-RR'),5,to_date('07-NOV-23','DD-MON-RR'),1);
Insert into SYSTEM.CODPAIS (IDCOD,PAIS,CODIGO,IDUSUARIOCREA,FECHACREACION,IDUSUARIOMODIF,FECHAMODIF,ESTADO) values (54,'EGIPTO','20',5,to_date('07-NOV-23','DD-MON-RR'),5,to_date('07-NOV-23','DD-MON-RR'),1);
Insert into SYSTEM.CODPAIS (IDCOD,PAIS,CODIGO,IDUSUARIOCREA,FECHACREACION,IDUSUARIOMODIF,FECHAMODIF,ESTADO) values (55,'EL SALVADOR','503',5,to_date('07-NOV-23','DD-MON-RR'),5,to_date('07-NOV-23','DD-MON-RR'),1);
Insert into SYSTEM.CODPAIS (IDCOD,PAIS,CODIGO,IDUSUARIOCREA,FECHACREACION,IDUSUARIOMODIF,FECHAMODIF,ESTADO) values (56,'GUINEA ECUATORIAL','240',5,to_date('07-NOV-23','DD-MON-RR'),5,to_date('07-NOV-23','DD-MON-RR'),1);
Insert into SYSTEM.CODPAIS (IDCOD,PAIS,CODIGO,IDUSUARIOCREA,FECHACREACION,IDUSUARIOMODIF,FECHAMODIF,ESTADO) values (57,'ERITREA','291',5,to_date('07-NOV-23','DD-MON-RR'),5,to_date('07-NOV-23','DD-MON-RR'),1);
Insert into SYSTEM.CODPAIS (IDCOD,PAIS,CODIGO,IDUSUARIOCREA,FECHACREACION,IDUSUARIOMODIF,FECHAMODIF,ESTADO) values (58,'ESTONIA','372',5,to_date('07-NOV-23','DD-MON-RR'),5,to_date('07-NOV-23','DD-MON-RR'),1);
Insert into SYSTEM.CODPAIS (IDCOD,PAIS,CODIGO,IDUSUARIOCREA,FECHACREACION,IDUSUARIOMODIF,FECHAMODIF,ESTADO) values (59,'ETIOPÍA','251',5,to_date('07-NOV-23','DD-MON-RR'),5,to_date('07-NOV-23','DD-MON-RR'),1);
Insert into SYSTEM.CODPAIS (IDCOD,PAIS,CODIGO,IDUSUARIOCREA,FECHACREACION,IDUSUARIOMODIF,FECHAMODIF,ESTADO) values (60,'ISLAS MALVINAS','500',5,to_date('07-NOV-23','DD-MON-RR'),5,to_date('07-NOV-23','DD-MON-RR'),1);
Insert into SYSTEM.CODPAIS (IDCOD,PAIS,CODIGO,IDUSUARIOCREA,FECHACREACION,IDUSUARIOMODIF,FECHAMODIF,ESTADO) values (61,'ISLAS FEROE','298',5,to_date('07-NOV-23','DD-MON-RR'),5,to_date('07-NOV-23','DD-MON-RR'),1);
Insert into SYSTEM.CODPAIS (IDCOD,PAIS,CODIGO,IDUSUARIOCREA,FECHACREACION,IDUSUARIOMODIF,FECHAMODIF,ESTADO) values (62,'FIYI','679',5,to_date('07-NOV-23','DD-MON-RR'),5,to_date('07-NOV-23','DD-MON-RR'),1);
Insert into SYSTEM.CODPAIS (IDCOD,PAIS,CODIGO,IDUSUARIOCREA,FECHACREACION,IDUSUARIOMODIF,FECHAMODIF,ESTADO) values (63,'FINLANDIA','358',5,to_date('07-NOV-23','DD-MON-RR'),5,to_date('07-NOV-23','DD-MON-RR'),1);
Insert into SYSTEM.CODPAIS (IDCOD,PAIS,CODIGO,IDUSUARIOCREA,FECHACREACION,IDUSUARIOMODIF,FECHAMODIF,ESTADO) values (64,'FRANCIA','33',5,to_date('07-NOV-23','DD-MON-RR'),5,to_date('07-NOV-23','DD-MON-RR'),1);
Insert into SYSTEM.CODPAIS (IDCOD,PAIS,CODIGO,IDUSUARIOCREA,FECHACREACION,IDUSUARIOMODIF,FECHAMODIF,ESTADO) values (65,'GUAYANA FRANCESA','594',5,to_date('07-NOV-23','DD-MON-RR'),5,to_date('07-NOV-23','DD-MON-RR'),1);
Insert into SYSTEM.CODPAIS (IDCOD,PAIS,CODIGO,IDUSUARIOCREA,FECHACREACION,IDUSUARIOMODIF,FECHAMODIF,ESTADO) values (66,'POLINESIA FRANCESA','689',5,to_date('07-NOV-23','DD-MON-RR'),5,to_date('07-NOV-23','DD-MON-RR'),1);
Insert into SYSTEM.CODPAIS (IDCOD,PAIS,CODIGO,IDUSUARIOCREA,FECHACREACION,IDUSUARIOMODIF,FECHAMODIF,ESTADO) values (67,'GABÓN','241',5,to_date('07-NOV-23','DD-MON-RR'),5,to_date('07-NOV-23','DD-MON-RR'),1);
Insert into SYSTEM.CODPAIS (IDCOD,PAIS,CODIGO,IDUSUARIOCREA,FECHACREACION,IDUSUARIOMODIF,FECHAMODIF,ESTADO) values (68,'GAMBIA','220',5,to_date('07-NOV-23','DD-MON-RR'),5,to_date('07-NOV-23','DD-MON-RR'),1);
Insert into SYSTEM.CODPAIS (IDCOD,PAIS,CODIGO,IDUSUARIOCREA,FECHACREACION,IDUSUARIOMODIF,FECHAMODIF,ESTADO) values (69,'GEORGIA','995',5,to_date('07-NOV-23','DD-MON-RR'),5,to_date('07-NOV-23','DD-MON-RR'),1);
Insert into SYSTEM.CODPAIS (IDCOD,PAIS,CODIGO,IDUSUARIOCREA,FECHACREACION,IDUSUARIOMODIF,FECHAMODIF,ESTADO) values (70,'ALEMANIA','49',5,to_date('07-NOV-23','DD-MON-RR'),5,to_date('07-NOV-23','DD-MON-RR'),1);
Insert into SYSTEM.CODPAIS (IDCOD,PAIS,CODIGO,IDUSUARIOCREA,FECHACREACION,IDUSUARIOMODIF,FECHAMODIF,ESTADO) values (71,'GHANA','233',5,to_date('07-NOV-23','DD-MON-RR'),5,to_date('07-NOV-23','DD-MON-RR'),1);
Insert into SYSTEM.CODPAIS (IDCOD,PAIS,CODIGO,IDUSUARIOCREA,FECHACREACION,IDUSUARIOMODIF,FECHAMODIF,ESTADO) values (72,'GIBRALTAR','350',5,to_date('07-NOV-23','DD-MON-RR'),5,to_date('07-NOV-23','DD-MON-RR'),1);
Insert into SYSTEM.CODPAIS (IDCOD,PAIS,CODIGO,IDUSUARIOCREA,FECHACREACION,IDUSUARIOMODIF,FECHAMODIF,ESTADO) values (73,'GRECIA','30',5,to_date('07-NOV-23','DD-MON-RR'),5,to_date('07-NOV-23','DD-MON-RR'),1);
Insert into SYSTEM.CODPAIS (IDCOD,PAIS,CODIGO,IDUSUARIOCREA,FECHACREACION,IDUSUARIOMODIF,FECHAMODIF,ESTADO) values (74,'GROENLANDIA','299',5,to_date('07-NOV-23','DD-MON-RR'),5,to_date('07-NOV-23','DD-MON-RR'),1);
Insert into SYSTEM.CODPAIS (IDCOD,PAIS,CODIGO,IDUSUARIOCREA,FECHACREACION,IDUSUARIOMODIF,FECHAMODIF,ESTADO) values (75,'GRANADA','1',5,to_date('07-NOV-23','DD-MON-RR'),5,to_date('07-NOV-23','DD-MON-RR'),1);
Insert into SYSTEM.CODPAIS (IDCOD,PAIS,CODIGO,IDUSUARIOCREA,FECHACREACION,IDUSUARIOMODIF,FECHAMODIF,ESTADO) values (76,'GUAM','1',5,to_date('07-NOV-23','DD-MON-RR'),5,to_date('07-NOV-23','DD-MON-RR'),1);
Insert into SYSTEM.CODPAIS (IDCOD,PAIS,CODIGO,IDUSUARIOCREA,FECHACREACION,IDUSUARIOMODIF,FECHAMODIF,ESTADO) values (77,'GUATEMALA','502',5,to_date('07-NOV-23','DD-MON-RR'),5,to_date('07-NOV-23','DD-MON-RR'),1);
Insert into SYSTEM.CODPAIS (IDCOD,PAIS,CODIGO,IDUSUARIOCREA,FECHACREACION,IDUSUARIOMODIF,FECHAMODIF,ESTADO) values (78,'HAITÍ','509',5,to_date('07-NOV-23','DD-MON-RR'),5,to_date('07-NOV-23','DD-MON-RR'),1);
Insert into SYSTEM.CODPAIS (IDCOD,PAIS,CODIGO,IDUSUARIOCREA,FECHACREACION,IDUSUARIOMODIF,FECHAMODIF,ESTADO) values (79,'HONDURAS','504',5,to_date('07-NOV-23','DD-MON-RR'),5,to_date('07-NOV-23','DD-MON-RR'),1);
Insert into SYSTEM.CODPAIS (IDCOD,PAIS,CODIGO,IDUSUARIOCREA,FECHACREACION,IDUSUARIOMODIF,FECHAMODIF,ESTADO) values (80,'HONG KONG','852',5,to_date('07-NOV-23','DD-MON-RR'),5,to_date('07-NOV-23','DD-MON-RR'),1);
Insert into SYSTEM.CODPAIS (IDCOD,PAIS,CODIGO,IDUSUARIOCREA,FECHACREACION,IDUSUARIOMODIF,FECHAMODIF,ESTADO) values (81,'HUNGRÍA','36',5,to_date('07-NOV-23','DD-MON-RR'),5,to_date('07-NOV-23','DD-MON-RR'),1);
Insert into SYSTEM.CODPAIS (IDCOD,PAIS,CODIGO,IDUSUARIOCREA,FECHACREACION,IDUSUARIOMODIF,FECHAMODIF,ESTADO) values (82,'ISLANDIA','354',5,to_date('07-NOV-23','DD-MON-RR'),5,to_date('07-NOV-23','DD-MON-RR'),1);
Insert into SYSTEM.CODPAIS (IDCOD,PAIS,CODIGO,IDUSUARIOCREA,FECHACREACION,IDUSUARIOMODIF,FECHAMODIF,ESTADO) values (83,'INDIA','91',5,to_date('07-NOV-23','DD-MON-RR'),5,to_date('07-NOV-23','DD-MON-RR'),1);
Insert into SYSTEM.CODPAIS (IDCOD,PAIS,CODIGO,IDUSUARIOCREA,FECHACREACION,IDUSUARIOMODIF,FECHAMODIF,ESTADO) values (84,'INDONESIA','62',5,to_date('07-NOV-23','DD-MON-RR'),5,to_date('07-NOV-23','DD-MON-RR'),1);
Insert into SYSTEM.CODPAIS (IDCOD,PAIS,CODIGO,IDUSUARIOCREA,FECHACREACION,IDUSUARIOMODIF,FECHAMODIF,ESTADO) values (85,'IRÁN','98',5,to_date('07-NOV-23','DD-MON-RR'),5,to_date('07-NOV-23','DD-MON-RR'),1);
Insert into SYSTEM.CODPAIS (IDCOD,PAIS,CODIGO,IDUSUARIOCREA,FECHACREACION,IDUSUARIOMODIF,FECHAMODIF,ESTADO) values (86,'IRAK','964',5,to_date('07-NOV-23','DD-MON-RR'),5,to_date('07-NOV-23','DD-MON-RR'),1);
Insert into SYSTEM.CODPAIS (IDCOD,PAIS,CODIGO,IDUSUARIOCREA,FECHACREACION,IDUSUARIOMODIF,FECHAMODIF,ESTADO) values (87,'IRLANDA','353',5,to_date('07-NOV-23','DD-MON-RR'),5,to_date('07-NOV-23','DD-MON-RR'),1);
Insert into SYSTEM.CODPAIS (IDCOD,PAIS,CODIGO,IDUSUARIOCREA,FECHACREACION,IDUSUARIOMODIF,FECHAMODIF,ESTADO) values (88,'ISRAEL','972',5,to_date('07-NOV-23','DD-MON-RR'),5,to_date('07-NOV-23','DD-MON-RR'),1);
Insert into SYSTEM.CODPAIS (IDCOD,PAIS,CODIGO,IDUSUARIOCREA,FECHACREACION,IDUSUARIOMODIF,FECHAMODIF,ESTADO) values (89,'ITALIA','39',5,to_date('07-NOV-23','DD-MON-RR'),5,to_date('07-NOV-23','DD-MON-RR'),1);
Insert into SYSTEM.CODPAIS (IDCOD,PAIS,CODIGO,IDUSUARIOCREA,FECHACREACION,IDUSUARIOMODIF,FECHAMODIF,ESTADO) values (90,'JAMAICA','1',5,to_date('07-NOV-23','DD-MON-RR'),5,to_date('07-NOV-23','DD-MON-RR'),1);
Insert into SYSTEM.CODPAIS (IDCOD,PAIS,CODIGO,IDUSUARIOCREA,FECHACREACION,IDUSUARIOMODIF,FECHAMODIF,ESTADO) values (91,'JAPÓN','81',5,to_date('07-NOV-23','DD-MON-RR'),5,to_date('07-NOV-23','DD-MON-RR'),1);
Insert into SYSTEM.CODPAIS (IDCOD,PAIS,CODIGO,IDUSUARIOCREA,FECHACREACION,IDUSUARIOMODIF,FECHAMODIF,ESTADO) values (92,'JORDANIA','962',5,to_date('07-NOV-23','DD-MON-RR'),5,to_date('07-NOV-23','DD-MON-RR'),1);
Insert into SYSTEM.CODPAIS (IDCOD,PAIS,CODIGO,IDUSUARIOCREA,FECHACREACION,IDUSUARIOMODIF,FECHAMODIF,ESTADO) values (93,'KAZAJISTÁN','7',5,to_date('07-NOV-23','DD-MON-RR'),5,to_date('07-NOV-23','DD-MON-RR'),1);
Insert into SYSTEM.CODPAIS (IDCOD,PAIS,CODIGO,IDUSUARIOCREA,FECHACREACION,IDUSUARIOMODIF,FECHAMODIF,ESTADO) values (94,'KENIA','254',5,to_date('07-NOV-23','DD-MON-RR'),5,to_date('07-NOV-23','DD-MON-RR'),1);
Insert into SYSTEM.CODPAIS (IDCOD,PAIS,CODIGO,IDUSUARIOCREA,FECHACREACION,IDUSUARIOMODIF,FECHAMODIF,ESTADO) values (95,'KUWAIT','965',5,to_date('07-NOV-23','DD-MON-RR'),5,to_date('07-NOV-23','DD-MON-RR'),1);
Insert into SYSTEM.CODPAIS (IDCOD,PAIS,CODIGO,IDUSUARIOCREA,FECHACREACION,IDUSUARIOMODIF,FECHAMODIF,ESTADO) values (96,'KIRGUISTÁN','996',5,to_date('07-NOV-23','DD-MON-RR'),5,to_date('07-NOV-23','DD-MON-RR'),1);
Insert into SYSTEM.CODPAIS (IDCOD,PAIS,CODIGO,IDUSUARIOCREA,FECHACREACION,IDUSUARIOMODIF,FECHAMODIF,ESTADO) values (97,'LAOS','856',5,to_date('07-NOV-23','DD-MON-RR'),5,to_date('07-NOV-23','DD-MON-RR'),1);
Insert into SYSTEM.CODPAIS (IDCOD,PAIS,CODIGO,IDUSUARIOCREA,FECHACREACION,IDUSUARIOMODIF,FECHAMODIF,ESTADO) values (98,'LETONIA','371',5,to_date('07-NOV-23','DD-MON-RR'),5,to_date('07-NOV-23','DD-MON-RR'),1);
Insert into SYSTEM.CODPAIS (IDCOD,PAIS,CODIGO,IDUSUARIOCREA,FECHACREACION,IDUSUARIOMODIF,FECHAMODIF,ESTADO) values (99,'LÍBANO','961',5,to_date('07-NOV-23','DD-MON-RR'),5,to_date('07-NOV-23','DD-MON-RR'),1);
Insert into SYSTEM.CODPAIS (IDCOD,PAIS,CODIGO,IDUSUARIOCREA,FECHACREACION,IDUSUARIOMODIF,FECHAMODIF,ESTADO) values (100,'LESOTO','266',5,to_date('07-NOV-23','DD-MON-RR'),5,to_date('07-NOV-23','DD-MON-RR'),1);
Insert into SYSTEM.CODPAIS (IDCOD,PAIS,CODIGO,IDUSUARIOCREA,FECHACREACION,IDUSUARIOMODIF,FECHAMODIF,ESTADO) values (101,'LIBERIA','231',5,to_date('07-NOV-23','DD-MON-RR'),5,to_date('07-NOV-23','DD-MON-RR'),1);
Insert into SYSTEM.CODPAIS (IDCOD,PAIS,CODIGO,IDUSUARIOCREA,FECHACREACION,IDUSUARIOMODIF,FECHAMODIF,ESTADO) values (102,'LIBIA','218',5,to_date('07-NOV-23','DD-MON-RR'),5,to_date('07-NOV-23','DD-MON-RR'),1);
Insert into SYSTEM.CODPAIS (IDCOD,PAIS,CODIGO,IDUSUARIOCREA,FECHACREACION,IDUSUARIOMODIF,FECHAMODIF,ESTADO) values (103,'LIECHTENSTEIN','423',5,to_date('07-NOV-23','DD-MON-RR'),5,to_date('07-NOV-23','DD-MON-RR'),1);
Insert into SYSTEM.CODPAIS (IDCOD,PAIS,CODIGO,IDUSUARIOCREA,FECHACREACION,IDUSUARIOMODIF,FECHAMODIF,ESTADO) values (104,'LITUANIA','370',5,to_date('07-NOV-23','DD-MON-RR'),5,to_date('07-NOV-23','DD-MON-RR'),1);
Insert into SYSTEM.CODPAIS (IDCOD,PAIS,CODIGO,IDUSUARIOCREA,FECHACREACION,IDUSUARIOMODIF,FECHAMODIF,ESTADO) values (105,'LUXEMBURGO','352',5,to_date('07-NOV-23','DD-MON-RR'),5,to_date('07-NOV-23','DD-MON-RR'),1);
Insert into SYSTEM.CODPAIS (IDCOD,PAIS,CODIGO,IDUSUARIOCREA,FECHACREACION,IDUSUARIOMODIF,FECHAMODIF,ESTADO) values (106,'MACEDONIA','389',5,to_date('07-NOV-23','DD-MON-RR'),5,to_date('07-NOV-23','DD-MON-RR'),1);
Insert into SYSTEM.CODPAIS (IDCOD,PAIS,CODIGO,IDUSUARIOCREA,FECHACREACION,IDUSUARIOMODIF,FECHAMODIF,ESTADO) values (107,'MADAGASCAR','261',5,to_date('07-NOV-23','DD-MON-RR'),5,to_date('07-NOV-23','DD-MON-RR'),1);
Insert into SYSTEM.CODPAIS (IDCOD,PAIS,CODIGO,IDUSUARIOCREA,FECHACREACION,IDUSUARIOMODIF,FECHAMODIF,ESTADO) values (108,'MALAWI','265',5,to_date('07-NOV-23','DD-MON-RR'),5,to_date('07-NOV-23','DD-MON-RR'),1);
Insert into SYSTEM.CODPAIS (IDCOD,PAIS,CODIGO,IDUSUARIOCREA,FECHACREACION,IDUSUARIOMODIF,FECHAMODIF,ESTADO) values (109,'MALASIA','60',5,to_date('07-NOV-23','DD-MON-RR'),5,to_date('07-NOV-23','DD-MON-RR'),1);
Insert into SYSTEM.CODPAIS (IDCOD,PAIS,CODIGO,IDUSUARIOCREA,FECHACREACION,IDUSUARIOMODIF,FECHAMODIF,ESTADO) values (110,'MALDIVAS','960',5,to_date('07-NOV-23','DD-MON-RR'),5,to_date('07-NOV-23','DD-MON-RR'),1);
Insert into SYSTEM.CODPAIS (IDCOD,PAIS,CODIGO,IDUSUARIOCREA,FECHACREACION,IDUSUARIOMODIF,FECHAMODIF,ESTADO) values (111,'MALÍ','223',5,to_date('07-NOV-23','DD-MON-RR'),5,to_date('07-NOV-23','DD-MON-RR'),1);
Insert into SYSTEM.CODPAIS (IDCOD,PAIS,CODIGO,IDUSUARIOCREA,FECHACREACION,IDUSUARIOMODIF,FECHAMODIF,ESTADO) values (112,'MALTA','356',5,to_date('07-NOV-23','DD-MON-RR'),5,to_date('07-NOV-23','DD-MON-RR'),1);
Insert into SYSTEM.CODPAIS (IDCOD,PAIS,CODIGO,IDUSUARIOCREA,FECHACREACION,IDUSUARIOMODIF,FECHAMODIF,ESTADO) values (113,'MARTINICA','596',5,to_date('07-NOV-23','DD-MON-RR'),5,to_date('07-NOV-23','DD-MON-RR'),1);
Insert into SYSTEM.CODPAIS (IDCOD,PAIS,CODIGO,IDUSUARIOCREA,FECHACREACION,IDUSUARIOMODIF,FECHAMODIF,ESTADO) values (114,'MAURITANIA','222',5,to_date('07-NOV-23','DD-MON-RR'),5,to_date('07-NOV-23','DD-MON-RR'),1);
Insert into SYSTEM.CODPAIS (IDCOD,PAIS,CODIGO,IDUSUARIOCREA,FECHACREACION,IDUSUARIOMODIF,FECHAMODIF,ESTADO) values (115,'MAURICIO','230',5,to_date('07-NOV-23','DD-MON-RR'),5,to_date('07-NOV-23','DD-MON-RR'),1);
Insert into SYSTEM.CODPAIS (IDCOD,PAIS,CODIGO,IDUSUARIOCREA,FECHACREACION,IDUSUARIOMODIF,FECHAMODIF,ESTADO) values (116,'MÉXICO','52',5,to_date('07-NOV-23','DD-MON-RR'),5,to_date('07-NOV-23','DD-MON-RR'),1);
Insert into SYSTEM.CODPAIS (IDCOD,PAIS,CODIGO,IDUSUARIOCREA,FECHACREACION,IDUSUARIOMODIF,FECHAMODIF,ESTADO) values (117,'MICRONESIA','691',5,to_date('07-NOV-23','DD-MON-RR'),5,to_date('07-NOV-23','DD-MON-RR'),1);
Insert into SYSTEM.CODPAIS (IDCOD,PAIS,CODIGO,IDUSUARIOCREA,FECHACREACION,IDUSUARIOMODIF,FECHAMODIF,ESTADO) values (118,'MOLDOVA','373',5,to_date('07-NOV-23','DD-MON-RR'),5,to_date('07-NOV-23','DD-MON-RR'),1);
Insert into SYSTEM.CODPAIS (IDCOD,PAIS,CODIGO,IDUSUARIOCREA,FECHACREACION,IDUSUARIOMODIF,FECHAMODIF,ESTADO) values (119,'MÓNACO','377',5,to_date('07-NOV-23','DD-MON-RR'),5,to_date('07-NOV-23','DD-MON-RR'),1);
Insert into SYSTEM.CODPAIS (IDCOD,PAIS,CODIGO,IDUSUARIOCREA,FECHACREACION,IDUSUARIOMODIF,FECHAMODIF,ESTADO) values (120,'MONGOLIA','976',5,to_date('07-NOV-23','DD-MON-RR'),5,to_date('07-NOV-23','DD-MON-RR'),1);
Insert into SYSTEM.CODPAIS (IDCOD,PAIS,CODIGO,IDUSUARIOCREA,FECHACREACION,IDUSUARIOMODIF,FECHAMODIF,ESTADO) values (121,'MONTENEGRO','382',5,to_date('07-NOV-23','DD-MON-RR'),5,to_date('07-NOV-23','DD-MON-RR'),1);
Insert into SYSTEM.CODPAIS (IDCOD,PAIS,CODIGO,IDUSUARIOCREA,FECHACREACION,IDUSUARIOMODIF,FECHAMODIF,ESTADO) values (122,'MARRUECOS','212',5,to_date('07-NOV-23','DD-MON-RR'),5,to_date('07-NOV-23','DD-MON-RR'),1);
Insert into SYSTEM.CODPAIS (IDCOD,PAIS,CODIGO,IDUSUARIOCREA,FECHACREACION,IDUSUARIOMODIF,FECHAMODIF,ESTADO) values (123,'MYANMAR','95',5,to_date('07-NOV-23','DD-MON-RR'),5,to_date('07-NOV-23','DD-MON-RR'),1);
Insert into SYSTEM.CODPAIS (IDCOD,PAIS,CODIGO,IDUSUARIOCREA,FECHACREACION,IDUSUARIOMODIF,FECHAMODIF,ESTADO) values (124,'NAMIBIA','264',5,to_date('07-NOV-23','DD-MON-RR'),5,to_date('07-NOV-23','DD-MON-RR'),1);
Insert into SYSTEM.CODPAIS (IDCOD,PAIS,CODIGO,IDUSUARIOCREA,FECHACREACION,IDUSUARIOMODIF,FECHAMODIF,ESTADO) values (125,'NEPAL','977',5,to_date('07-NOV-23','DD-MON-RR'),5,to_date('07-NOV-23','DD-MON-RR'),1);
Insert into SYSTEM.CODPAIS (IDCOD,PAIS,CODIGO,IDUSUARIOCREA,FECHACREACION,IDUSUARIOMODIF,FECHAMODIF,ESTADO) values (126,'PAÍSES BAJOS','31',5,to_date('07-NOV-23','DD-MON-RR'),5,to_date('07-NOV-23','DD-MON-RR'),1);
Insert into SYSTEM.CODPAIS (IDCOD,PAIS,CODIGO,IDUSUARIOCREA,FECHACREACION,IDUSUARIOMODIF,FECHAMODIF,ESTADO) values (127,'NUEVA CALEDONIA','687',5,to_date('07-NOV-23','DD-MON-RR'),5,to_date('07-NOV-23','DD-MON-RR'),1);
Insert into SYSTEM.CODPAIS (IDCOD,PAIS,CODIGO,IDUSUARIOCREA,FECHACREACION,IDUSUARIOMODIF,FECHAMODIF,ESTADO) values (128,'NUEVA ZELANDA','64',5,to_date('07-NOV-23','DD-MON-RR'),5,to_date('07-NOV-23','DD-MON-RR'),1);
Insert into SYSTEM.CODPAIS (IDCOD,PAIS,CODIGO,IDUSUARIOCREA,FECHACREACION,IDUSUARIOMODIF,FECHAMODIF,ESTADO) values (129,'NICARAGUA','505',5,to_date('07-NOV-23','DD-MON-RR'),5,to_date('07-NOV-23','DD-MON-RR'),1);
Insert into SYSTEM.CODPAIS (IDCOD,PAIS,CODIGO,IDUSUARIOCREA,FECHACREACION,IDUSUARIOMODIF,FECHAMODIF,ESTADO) values (130,'NÍGER','227',5,to_date('07-NOV-23','DD-MON-RR'),5,to_date('07-NOV-23','DD-MON-RR'),1);
Insert into SYSTEM.CODPAIS (IDCOD,PAIS,CODIGO,IDUSUARIOCREA,FECHACREACION,IDUSUARIOMODIF,FECHAMODIF,ESTADO) values (131,'NIGERIA','234',5,to_date('07-NOV-23','DD-MON-RR'),5,to_date('07-NOV-23','DD-MON-RR'),1);
Insert into SYSTEM.CODPAIS (IDCOD,PAIS,CODIGO,IDUSUARIOCREA,FECHACREACION,IDUSUARIOMODIF,FECHAMODIF,ESTADO) values (132,'COREA DEL NORTE','850',5,to_date('07-NOV-23','DD-MON-RR'),5,to_date('07-NOV-23','DD-MON-RR'),1);
Insert into SYSTEM.CODPAIS (IDCOD,PAIS,CODIGO,IDUSUARIOCREA,FECHACREACION,IDUSUARIOMODIF,FECHAMODIF,ESTADO) values (133,'ISLAS MARIANAS DEL NORTE','1',5,to_date('07-NOV-23','DD-MON-RR'),5,to_date('07-NOV-23','DD-MON-RR'),1);
Insert into SYSTEM.CODPAIS (IDCOD,PAIS,CODIGO,IDUSUARIOCREA,FECHACREACION,IDUSUARIOMODIF,FECHAMODIF,ESTADO) values (134,'NORUEGA','47',5,to_date('07-NOV-23','DD-MON-RR'),5,to_date('07-NOV-23','DD-MON-RR'),1);
Insert into SYSTEM.CODPAIS (IDCOD,PAIS,CODIGO,IDUSUARIOCREA,FECHACREACION,IDUSUARIOMODIF,FECHAMODIF,ESTADO) values (135,'OMÁN','968',5,to_date('07-NOV-23','DD-MON-RR'),5,to_date('07-NOV-23','DD-MON-RR'),1);
Insert into SYSTEM.CODPAIS (IDCOD,PAIS,CODIGO,IDUSUARIOCREA,FECHACREACION,IDUSUARIOMODIF,FECHAMODIF,ESTADO) values (136,'PAKISTÁN','92',5,to_date('07-NOV-23','DD-MON-RR'),5,to_date('07-NOV-23','DD-MON-RR'),1);
Insert into SYSTEM.CODPAIS (IDCOD,PAIS,CODIGO,IDUSUARIOCREA,FECHACREACION,IDUSUARIOMODIF,FECHAMODIF,ESTADO) values (137,'PALAOS','680',5,to_date('07-NOV-23','DD-MON-RR'),5,to_date('07-NOV-23','DD-MON-RR'),1);
Insert into SYSTEM.CODPAIS (IDCOD,PAIS,CODIGO,IDUSUARIOCREA,FECHACREACION,IDUSUARIOMODIF,FECHAMODIF,ESTADO) values (138,'PANAMÁ','507',5,to_date('07-NOV-23','DD-MON-RR'),5,to_date('07-NOV-23','DD-MON-RR'),1);
Insert into SYSTEM.CODPAIS (IDCOD,PAIS,CODIGO,IDUSUARIOCREA,FECHACREACION,IDUSUARIOMODIF,FECHAMODIF,ESTADO) values (139,'PAPÚA NUEVA GUINEA','675',5,to_date('07-NOV-23','DD-MON-RR'),5,to_date('07-NOV-23','DD-MON-RR'),1);
Insert into SYSTEM.CODPAIS (IDCOD,PAIS,CODIGO,IDUSUARIOCREA,FECHACREACION,IDUSUARIOMODIF,FECHAMODIF,ESTADO) values (140,'PARAGUAY','595',5,to_date('07-NOV-23','DD-MON-RR'),5,to_date('07-NOV-23','DD-MON-RR'),1);
Insert into SYSTEM.CODPAIS (IDCOD,PAIS,CODIGO,IDUSUARIOCREA,FECHACREACION,IDUSUARIOMODIF,FECHAMODIF,ESTADO) values (141,'PERÚ','51',5,to_date('07-NOV-23','DD-MON-RR'),5,to_date('07-NOV-23','DD-MON-RR'),1);
Insert into SYSTEM.CODPAIS (IDCOD,PAIS,CODIGO,IDUSUARIOCREA,FECHACREACION,IDUSUARIOMODIF,FECHAMODIF,ESTADO) values (142,'FILIPINAS','63',5,to_date('07-NOV-23','DD-MON-RR'),5,to_date('07-NOV-23','DD-MON-RR'),1);
Insert into SYSTEM.CODPAIS (IDCOD,PAIS,CODIGO,IDUSUARIOCREA,FECHACREACION,IDUSUARIOMODIF,FECHAMODIF,ESTADO) values (143,'POLONIA','48',5,to_date('07-NOV-23','DD-MON-RR'),5,to_date('07-NOV-23','DD-MON-RR'),1);
Insert into SYSTEM.CODPAIS (IDCOD,PAIS,CODIGO,IDUSUARIOCREA,FECHACREACION,IDUSUARIOMODIF,FECHAMODIF,ESTADO) values (144,'PORTUGAL','351',5,to_date('07-NOV-23','DD-MON-RR'),5,to_date('07-NOV-23','DD-MON-RR'),1);
Insert into SYSTEM.CODPAIS (IDCOD,PAIS,CODIGO,IDUSUARIOCREA,FECHACREACION,IDUSUARIOMODIF,FECHAMODIF,ESTADO) values (145,'PUERTO RICO','1',5,to_date('07-NOV-23','DD-MON-RR'),5,to_date('07-NOV-23','DD-MON-RR'),1);
Insert into SYSTEM.CODPAIS (IDCOD,PAIS,CODIGO,IDUSUARIOCREA,FECHACREACION,IDUSUARIOMODIF,FECHAMODIF,ESTADO) values (146,'QATAR','974',5,to_date('07-NOV-23','DD-MON-RR'),5,to_date('07-NOV-23','DD-MON-RR'),1);
Insert into SYSTEM.CODPAIS (IDCOD,PAIS,CODIGO,IDUSUARIOCREA,FECHACREACION,IDUSUARIOMODIF,FECHAMODIF,ESTADO) values (147,'REUNIÓN','262',5,to_date('07-NOV-23','DD-MON-RR'),5,to_date('07-NOV-23','DD-MON-RR'),1);
Insert into SYSTEM.CODPAIS (IDCOD,PAIS,CODIGO,IDUSUARIOCREA,FECHACREACION,IDUSUARIOMODIF,FECHAMODIF,ESTADO) values (148,'RUMANIA','40',5,to_date('07-NOV-23','DD-MON-RR'),5,to_date('07-NOV-23','DD-MON-RR'),1);
Insert into SYSTEM.CODPAIS (IDCOD,PAIS,CODIGO,IDUSUARIOCREA,FECHACREACION,IDUSUARIOMODIF,FECHAMODIF,ESTADO) values (149,'RUSIA','7',5,to_date('07-NOV-23','DD-MON-RR'),5,to_date('07-NOV-23','DD-MON-RR'),1);
Insert into SYSTEM.CODPAIS (IDCOD,PAIS,CODIGO,IDUSUARIOCREA,FECHACREACION,IDUSUARIOMODIF,FECHAMODIF,ESTADO) values (150,'RUANDA','250',5,to_date('07-NOV-23','DD-MON-RR'),5,to_date('07-NOV-23','DD-MON-RR'),1);
Insert into SYSTEM.CODPAIS (IDCOD,PAIS,CODIGO,IDUSUARIOCREA,FECHACREACION,IDUSUARIOMODIF,FECHAMODIF,ESTADO) values (151,'SANTA LUCÍA','1',5,to_date('07-NOV-23','DD-MON-RR'),5,to_date('07-NOV-23','DD-MON-RR'),1);
Insert into SYSTEM.CODPAIS (IDCOD,PAIS,CODIGO,IDUSUARIOCREA,FECHACREACION,IDUSUARIOMODIF,FECHAMODIF,ESTADO) values (152,'SAMOA','685',5,to_date('07-NOV-23','DD-MON-RR'),5,to_date('07-NOV-23','DD-MON-RR'),1);
Insert into SYSTEM.CODPAIS (IDCOD,PAIS,CODIGO,IDUSUARIOCREA,FECHACREACION,IDUSUARIOMODIF,FECHAMODIF,ESTADO) values (153,'ARABIA SAUDÍ','966',5,to_date('07-NOV-23','DD-MON-RR'),5,to_date('07-NOV-23','DD-MON-RR'),1);
Insert into SYSTEM.CODPAIS (IDCOD,PAIS,CODIGO,IDUSUARIOCREA,FECHACREACION,IDUSUARIOMODIF,FECHAMODIF,ESTADO) values (154,'SENEGAL','221',5,to_date('07-NOV-23','DD-MON-RR'),5,to_date('07-NOV-23','DD-MON-RR'),1);
Insert into SYSTEM.CODPAIS (IDCOD,PAIS,CODIGO,IDUSUARIOCREA,FECHACREACION,IDUSUARIOMODIF,FECHAMODIF,ESTADO) values (155,'SERBIA','381',5,to_date('07-NOV-23','DD-MON-RR'),5,to_date('07-NOV-23','DD-MON-RR'),1);
Insert into SYSTEM.CODPAIS (IDCOD,PAIS,CODIGO,IDUSUARIOCREA,FECHACREACION,IDUSUARIOMODIF,FECHAMODIF,ESTADO) values (156,'SEYCHELLES','248',5,to_date('07-NOV-23','DD-MON-RR'),5,to_date('07-NOV-23','DD-MON-RR'),1);
Insert into SYSTEM.CODPAIS (IDCOD,PAIS,CODIGO,IDUSUARIOCREA,FECHACREACION,IDUSUARIOMODIF,FECHAMODIF,ESTADO) values (157,'SIERRA LEONA','232',5,to_date('07-NOV-23','DD-MON-RR'),5,to_date('07-NOV-23','DD-MON-RR'),1);
Insert into SYSTEM.CODPAIS (IDCOD,PAIS,CODIGO,IDUSUARIOCREA,FECHACREACION,IDUSUARIOMODIF,FECHAMODIF,ESTADO) values (158,'SINGAPUR','65',5,to_date('07-NOV-23','DD-MON-RR'),5,to_date('07-NOV-23','DD-MON-RR'),1);
Insert into SYSTEM.CODPAIS (IDCOD,PAIS,CODIGO,IDUSUARIOCREA,FECHACREACION,IDUSUARIOMODIF,FECHAMODIF,ESTADO) values (159,'SINT MAARTEN','1',5,to_date('07-NOV-23','DD-MON-RR'),5,to_date('07-NOV-23','DD-MON-RR'),1);
Insert into SYSTEM.CODPAIS (IDCOD,PAIS,CODIGO,IDUSUARIOCREA,FECHACREACION,IDUSUARIOMODIF,FECHAMODIF,ESTADO) values (160,'ESLOVAQUIA','421',5,to_date('07-NOV-23','DD-MON-RR'),5,to_date('07-NOV-23','DD-MON-RR'),1);
Insert into SYSTEM.CODPAIS (IDCOD,PAIS,CODIGO,IDUSUARIOCREA,FECHACREACION,IDUSUARIOMODIF,FECHAMODIF,ESTADO) values (161,'ESLOVENIA','386',5,to_date('07-NOV-23','DD-MON-RR'),5,to_date('07-NOV-23','DD-MON-RR'),1);
Insert into SYSTEM.CODPAIS (IDCOD,PAIS,CODIGO,IDUSUARIOCREA,FECHACREACION,IDUSUARIOMODIF,FECHAMODIF,ESTADO) values (162,'ISLAS SALOMÓN','677',5,to_date('07-NOV-23','DD-MON-RR'),5,to_date('07-NOV-23','DD-MON-RR'),1);
Insert into SYSTEM.CODPAIS (IDCOD,PAIS,CODIGO,IDUSUARIOCREA,FECHACREACION,IDUSUARIOMODIF,FECHAMODIF,ESTADO) values (163,'SOMALIA','252',5,to_date('07-NOV-23','DD-MON-RR'),5,to_date('07-NOV-23','DD-MON-RR'),1);
Insert into SYSTEM.CODPAIS (IDCOD,PAIS,CODIGO,IDUSUARIOCREA,FECHACREACION,IDUSUARIOMODIF,FECHAMODIF,ESTADO) values (164,'SUDÁFRICA','27',5,to_date('07-NOV-23','DD-MON-RR'),5,to_date('07-NOV-23','DD-MON-RR'),1);
Insert into SYSTEM.CODPAIS (IDCOD,PAIS,CODIGO,IDUSUARIOCREA,FECHACREACION,IDUSUARIOMODIF,FECHAMODIF,ESTADO) values (165,'COREA DEL SUR','82',5,to_date('07-NOV-23','DD-MON-RR'),5,to_date('07-NOV-23','DD-MON-RR'),1);
Insert into SYSTEM.CODPAIS (IDCOD,PAIS,CODIGO,IDUSUARIOCREA,FECHACREACION,IDUSUARIOMODIF,FECHAMODIF,ESTADO) values (166,'SUDÁN DEL SUR','211',5,to_date('07-NOV-23','DD-MON-RR'),5,to_date('07-NOV-23','DD-MON-RR'),1);
Insert into SYSTEM.CODPAIS (IDCOD,PAIS,CODIGO,IDUSUARIOCREA,FECHACREACION,IDUSUARIOMODIF,FECHAMODIF,ESTADO) values (167,'ESPAÑA','34',5,to_date('07-NOV-23','DD-MON-RR'),5,to_date('07-NOV-23','DD-MON-RR'),1);
Insert into SYSTEM.CODPAIS (IDCOD,PAIS,CODIGO,IDUSUARIOCREA,FECHACREACION,IDUSUARIOMODIF,FECHAMODIF,ESTADO) values (168,'SRI LANKA','94',5,to_date('07-NOV-23','DD-MON-RR'),5,to_date('07-NOV-23','DD-MON-RR'),1);
Insert into SYSTEM.CODPAIS (IDCOD,PAIS,CODIGO,IDUSUARIOCREA,FECHACREACION,IDUSUARIOMODIF,FECHAMODIF,ESTADO) values (169,'SUDÁN','249',5,to_date('07-NOV-23','DD-MON-RR'),5,to_date('07-NOV-23','DD-MON-RR'),1);
Insert into SYSTEM.CODPAIS (IDCOD,PAIS,CODIGO,IDUSUARIOCREA,FECHACREACION,IDUSUARIOMODIF,FECHAMODIF,ESTADO) values (170,'SURINAM','597',5,to_date('07-NOV-23','DD-MON-RR'),5,to_date('07-NOV-23','DD-MON-RR'),1);
Insert into SYSTEM.CODPAIS (IDCOD,PAIS,CODIGO,IDUSUARIOCREA,FECHACREACION,IDUSUARIOMODIF,FECHAMODIF,ESTADO) values (171,'SUAZILANDIA','268',5,to_date('07-NOV-23','DD-MON-RR'),5,to_date('07-NOV-23','DD-MON-RR'),1);
Insert into SYSTEM.CODPAIS (IDCOD,PAIS,CODIGO,IDUSUARIOCREA,FECHACREACION,IDUSUARIOMODIF,FECHAMODIF,ESTADO) values (172,'SUECIA','46',5,to_date('07-NOV-23','DD-MON-RR'),5,to_date('07-NOV-23','DD-MON-RR'),1);
Insert into SYSTEM.CODPAIS (IDCOD,PAIS,CODIGO,IDUSUARIOCREA,FECHACREACION,IDUSUARIOMODIF,FECHAMODIF,ESTADO) values (173,'SUIZA','41',5,to_date('07-NOV-23','DD-MON-RR'),5,to_date('07-NOV-23','DD-MON-RR'),1);
Insert into SYSTEM.CODPAIS (IDCOD,PAIS,CODIGO,IDUSUARIOCREA,FECHACREACION,IDUSUARIOMODIF,FECHAMODIF,ESTADO) values (174,'SIRIA','963',5,to_date('07-NOV-23','DD-MON-RR'),5,to_date('07-NOV-23','DD-MON-RR'),1);
Insert into SYSTEM.CODPAIS (IDCOD,PAIS,CODIGO,IDUSUARIOCREA,FECHACREACION,IDUSUARIOMODIF,FECHAMODIF,ESTADO) values (175,'TAIWÁN','886',5,to_date('07-NOV-23','DD-MON-RR'),5,to_date('07-NOV-23','DD-MON-RR'),1);
Insert into SYSTEM.CODPAIS (IDCOD,PAIS,CODIGO,IDUSUARIOCREA,FECHACREACION,IDUSUARIOMODIF,FECHAMODIF,ESTADO) values (176,'TAYIKISTÁN','992',5,to_date('07-NOV-23','DD-MON-RR'),5,to_date('07-NOV-23','DD-MON-RR'),1);
Insert into SYSTEM.CODPAIS (IDCOD,PAIS,CODIGO,IDUSUARIOCREA,FECHACREACION,IDUSUARIOMODIF,FECHAMODIF,ESTADO) values (177,'TANZANIA','255',5,to_date('07-NOV-23','DD-MON-RR'),5,to_date('07-NOV-23','DD-MON-RR'),1);
Insert into SYSTEM.CODPAIS (IDCOD,PAIS,CODIGO,IDUSUARIOCREA,FECHACREACION,IDUSUARIOMODIF,FECHAMODIF,ESTADO) values (178,'TAILANDIA','66',5,to_date('07-NOV-23','DD-MON-RR'),5,to_date('07-NOV-23','DD-MON-RR'),1);
Insert into SYSTEM.CODPAIS (IDCOD,PAIS,CODIGO,IDUSUARIOCREA,FECHACREACION,IDUSUARIOMODIF,FECHAMODIF,ESTADO) values (179,'TIMOR-LESTE','670',5,to_date('07-NOV-23','DD-MON-RR'),5,to_date('07-NOV-23','DD-MON-RR'),1);
Insert into SYSTEM.CODPAIS (IDCOD,PAIS,CODIGO,IDUSUARIOCREA,FECHACREACION,IDUSUARIOMODIF,FECHAMODIF,ESTADO) values (180,'TOGO','228',5,to_date('07-NOV-23','DD-MON-RR'),5,to_date('07-NOV-23','DD-MON-RR'),1);
Insert into SYSTEM.CODPAIS (IDCOD,PAIS,CODIGO,IDUSUARIOCREA,FECHACREACION,IDUSUARIOMODIF,FECHAMODIF,ESTADO) values (181,'TONGA','676',5,to_date('07-NOV-23','DD-MON-RR'),5,to_date('07-NOV-23','DD-MON-RR'),1);
Insert into SYSTEM.CODPAIS (IDCOD,PAIS,CODIGO,IDUSUARIOCREA,FECHACREACION,IDUSUARIOMODIF,FECHAMODIF,ESTADO) values (182,'TRINIDAD Y TOBAGO','1',5,to_date('07-NOV-23','DD-MON-RR'),5,to_date('07-NOV-23','DD-MON-RR'),1);
Insert into SYSTEM.CODPAIS (IDCOD,PAIS,CODIGO,IDUSUARIOCREA,FECHACREACION,IDUSUARIOMODIF,FECHAMODIF,ESTADO) values (183,'TÚNEZ','216',5,to_date('07-NOV-23','DD-MON-RR'),5,to_date('07-NOV-23','DD-MON-RR'),1);
Insert into SYSTEM.CODPAIS (IDCOD,PAIS,CODIGO,IDUSUARIOCREA,FECHACREACION,IDUSUARIOMODIF,FECHAMODIF,ESTADO) values (184,'TURQUÍA','90',5,to_date('07-NOV-23','DD-MON-RR'),5,to_date('07-NOV-23','DD-MON-RR'),1);
Insert into SYSTEM.CODPAIS (IDCOD,PAIS,CODIGO,IDUSUARIOCREA,FECHACREACION,IDUSUARIOMODIF,FECHAMODIF,ESTADO) values (185,'TURKMENISTÁN','993',5,to_date('07-NOV-23','DD-MON-RR'),5,to_date('07-NOV-23','DD-MON-RR'),1);
Insert into SYSTEM.CODPAIS (IDCOD,PAIS,CODIGO,IDUSUARIOCREA,FECHACREACION,IDUSUARIOMODIF,FECHAMODIF,ESTADO) values (186,'TUVALU','688',5,to_date('07-NOV-23','DD-MON-RR'),5,to_date('07-NOV-23','DD-MON-RR'),1);
Insert into SYSTEM.CODPAIS (IDCOD,PAIS,CODIGO,IDUSUARIOCREA,FECHACREACION,IDUSUARIOMODIF,FECHAMODIF,ESTADO) values (187,'EMIRATOS ÁRABES UNIDOS','971',5,to_date('07-NOV-23','DD-MON-RR'),5,to_date('07-NOV-23','DD-MON-RR'),1);
Insert into SYSTEM.CODPAIS (IDCOD,PAIS,CODIGO,IDUSUARIOCREA,FECHACREACION,IDUSUARIOMODIF,FECHAMODIF,ESTADO) values (188,'UGANDA','256',5,to_date('07-NOV-23','DD-MON-RR'),5,to_date('07-NOV-23','DD-MON-RR'),1);
Insert into SYSTEM.CODPAIS (IDCOD,PAIS,CODIGO,IDUSUARIOCREA,FECHACREACION,IDUSUARIOMODIF,FECHAMODIF,ESTADO) values (189,'REINO UNIDO','44',5,to_date('07-NOV-23','DD-MON-RR'),5,to_date('07-NOV-23','DD-MON-RR'),1);
Insert into SYSTEM.CODPAIS (IDCOD,PAIS,CODIGO,IDUSUARIOCREA,FECHACREACION,IDUSUARIOMODIF,FECHAMODIF,ESTADO) values (190,'UCRANIA','380',5,to_date('07-NOV-23','DD-MON-RR'),5,to_date('07-NOV-23','DD-MON-RR'),1);
Insert into SYSTEM.CODPAIS (IDCOD,PAIS,CODIGO,IDUSUARIOCREA,FECHACREACION,IDUSUARIOMODIF,FECHAMODIF,ESTADO) values (191,'URUGUAY','598',5,to_date('07-NOV-23','DD-MON-RR'),5,to_date('07-NOV-23','DD-MON-RR'),1);
Insert into SYSTEM.CODPAIS (IDCOD,PAIS,CODIGO,IDUSUARIOCREA,FECHACREACION,IDUSUARIOMODIF,FECHAMODIF,ESTADO) values (192,'ISLAS VÍRGENES DE LOS ESTADOS UNIDOS','1',5,to_date('07-NOV-23','DD-MON-RR'),5,to_date('07-NOV-23','DD-MON-RR'),1);
Insert into SYSTEM.CODPAIS (IDCOD,PAIS,CODIGO,IDUSUARIOCREA,FECHACREACION,IDUSUARIOMODIF,FECHAMODIF,ESTADO) values (193,'ESTADOS UNIDOS DE AMÉRICA','1',5,to_date('07-NOV-23','DD-MON-RR'),5,to_date('07-NOV-23','DD-MON-RR'),1);
Insert into SYSTEM.CODPAIS (IDCOD,PAIS,CODIGO,IDUSUARIOCREA,FECHACREACION,IDUSUARIOMODIF,FECHAMODIF,ESTADO) values (194,'UZBEKISTÁN','998',5,to_date('07-NOV-23','DD-MON-RR'),5,to_date('07-NOV-23','DD-MON-RR'),1);
Insert into SYSTEM.CODPAIS (IDCOD,PAIS,CODIGO,IDUSUARIOCREA,FECHACREACION,IDUSUARIOMODIF,FECHAMODIF,ESTADO) values (195,'VANUATU','678',5,to_date('07-NOV-23','DD-MON-RR'),5,to_date('07-NOV-23','DD-MON-RR'),1);
Insert into SYSTEM.CODPAIS (IDCOD,PAIS,CODIGO,IDUSUARIOCREA,FECHACREACION,IDUSUARIOMODIF,FECHAMODIF,ESTADO) values (196,'VENEZUELA','58',5,to_date('07-NOV-23','DD-MON-RR'),5,to_date('07-NOV-23','DD-MON-RR'),1);
Insert into SYSTEM.CODPAIS (IDCOD,PAIS,CODIGO,IDUSUARIOCREA,FECHACREACION,IDUSUARIOMODIF,FECHAMODIF,ESTADO) values (197,'VIETNAM','84',5,to_date('07-NOV-23','DD-MON-RR'),5,to_date('07-NOV-23','DD-MON-RR'),1);
Insert into SYSTEM.CODPAIS (IDCOD,PAIS,CODIGO,IDUSUARIOCREA,FECHACREACION,IDUSUARIOMODIF,FECHAMODIF,ESTADO) values (198,'YEMEN','967',5,to_date('07-NOV-23','DD-MON-RR'),5,to_date('07-NOV-23','DD-MON-RR'),1);
Insert into SYSTEM.CODPAIS (IDCOD,PAIS,CODIGO,IDUSUARIOCREA,FECHACREACION,IDUSUARIOMODIF,FECHAMODIF,ESTADO) values (199,'ZAMBIA','260',5,to_date('07-NOV-23','DD-MON-RR'),5,to_date('07-NOV-23','DD-MON-RR'),1);
Insert into SYSTEM.CODPAIS (IDCOD,PAIS,CODIGO,IDUSUARIOCREA,FECHACREACION,IDUSUARIOMODIF,FECHAMODIF,ESTADO) values (200,'ZIMBABUE','263',5,to_date('07-NOV-23','DD-MON-RR'),5,to_date('07-NOV-23','DD-MON-RR'),1);
REM INSERTING into SYSTEM.TRASLADO
SET DEFINE OFF;
Insert into SYSTEM.TRASLADO (IDTRASLADO,FECHATRASLADO,RESPONSABLE,LUGARORIGEN,DESTINOBODEGA,IDUSUARIOCRE,FECHACREACION,IDUSUARIOMOD,FECHAMODIF,ESTADO,DESTINOSUCURSAL) values (1,to_date('16-JAN-23','DD-MON-RR'),102,3,4,99,to_date('11-NOV-23','DD-MON-RR'),99,to_date('11-NOV-23','DD-MON-RR'),1,null);
Insert into SYSTEM.TRASLADO (IDTRASLADO,FECHATRASLADO,RESPONSABLE,LUGARORIGEN,DESTINOBODEGA,IDUSUARIOCRE,FECHACREACION,IDUSUARIOMOD,FECHAMODIF,ESTADO,DESTINOSUCURSAL) values (2,to_date('19-FEB-23','DD-MON-RR'),103,4,5,100,to_date('11-NOV-23','DD-MON-RR'),100,to_date('11-NOV-23','DD-MON-RR'),1,null);
Insert into SYSTEM.TRASLADO (IDTRASLADO,FECHATRASLADO,RESPONSABLE,LUGARORIGEN,DESTINOBODEGA,IDUSUARIOCRE,FECHACREACION,IDUSUARIOMOD,FECHAMODIF,ESTADO,DESTINOSUCURSAL) values (3,to_date('25-MAR-23','DD-MON-RR'),104,5,null,101,to_date('11-NOV-23','DD-MON-RR'),101,to_date('11-NOV-23','DD-MON-RR'),1,101);
Insert into SYSTEM.TRASLADO (IDTRASLADO,FECHATRASLADO,RESPONSABLE,LUGARORIGEN,DESTINOBODEGA,IDUSUARIOCRE,FECHACREACION,IDUSUARIOMOD,FECHAMODIF,ESTADO,DESTINOSUCURSAL) values (4,to_date('30-APR-23','DD-MON-RR'),105,3,null,102,to_date('11-NOV-23','DD-MON-RR'),102,to_date('11-NOV-23','DD-MON-RR'),1,102);
Insert into SYSTEM.TRASLADO (IDTRASLADO,FECHATRASLADO,RESPONSABLE,LUGARORIGEN,DESTINOBODEGA,IDUSUARIOCRE,FECHACREACION,IDUSUARIOMOD,FECHAMODIF,ESTADO,DESTINOSUCURSAL) values (5,to_date('04-JUN-23','DD-MON-RR'),106,4,null,103,to_date('11-NOV-23','DD-MON-RR'),103,to_date('11-NOV-23','DD-MON-RR'),1,103);
Insert into SYSTEM.TRASLADO (IDTRASLADO,FECHATRASLADO,RESPONSABLE,LUGARORIGEN,DESTINOBODEGA,IDUSUARIOCRE,FECHACREACION,IDUSUARIOMOD,FECHAMODIF,ESTADO,DESTINOSUCURSAL) values (6,to_date('10-JUL-23','DD-MON-RR'),107,5,null,104,to_date('11-NOV-23','DD-MON-RR'),104,to_date('11-NOV-23','DD-MON-RR'),1,104);
Insert into SYSTEM.TRASLADO (IDTRASLADO,FECHATRASLADO,RESPONSABLE,LUGARORIGEN,DESTINOBODEGA,IDUSUARIOCRE,FECHACREACION,IDUSUARIOMOD,FECHAMODIF,ESTADO,DESTINOSUCURSAL) values (7,to_date('16-JUL-23','DD-MON-RR'),108,3,null,105,to_date('11-NOV-23','DD-MON-RR'),105,to_date('11-NOV-23','DD-MON-RR'),1,105);
Insert into SYSTEM.TRASLADO (IDTRASLADO,FECHATRASLADO,RESPONSABLE,LUGARORIGEN,DESTINOBODEGA,IDUSUARIOCRE,FECHACREACION,IDUSUARIOMOD,FECHAMODIF,ESTADO,DESTINOSUCURSAL) values (8,to_date('20-AUG-23','DD-MON-RR'),109,4,null,106,to_date('11-NOV-23','DD-MON-RR'),106,to_date('11-NOV-23','DD-MON-RR'),1,106);
Insert into SYSTEM.TRASLADO (IDTRASLADO,FECHATRASLADO,RESPONSABLE,LUGARORIGEN,DESTINOBODEGA,IDUSUARIOCRE,FECHACREACION,IDUSUARIOMOD,FECHAMODIF,ESTADO,DESTINOSUCURSAL) values (9,to_date('26-SEP-23','DD-MON-RR'),110,5,null,107,to_date('11-NOV-23','DD-MON-RR'),107,to_date('11-NOV-23','DD-MON-RR'),1,107);
Insert into SYSTEM.TRASLADO (IDTRASLADO,FECHATRASLADO,RESPONSABLE,LUGARORIGEN,DESTINOBODEGA,IDUSUARIOCRE,FECHACREACION,IDUSUARIOMOD,FECHAMODIF,ESTADO,DESTINOSUCURSAL) values (10,to_date('31-OCT-23','DD-MON-RR'),111,3,4,108,to_date('11-NOV-23','DD-MON-RR'),108,to_date('11-NOV-23','DD-MON-RR'),1,null);
Insert into SYSTEM.TRASLADO (IDTRASLADO,FECHATRASLADO,RESPONSABLE,LUGARORIGEN,DESTINOBODEGA,IDUSUARIOCRE,FECHACREACION,IDUSUARIOMOD,FECHAMODIF,ESTADO,DESTINOSUCURSAL) values (11,to_date('06-DEC-23','DD-MON-RR'),112,4,5,109,to_date('11-NOV-23','DD-MON-RR'),109,to_date('11-NOV-23','DD-MON-RR'),1,null);
Insert into SYSTEM.TRASLADO (IDTRASLADO,FECHATRASLADO,RESPONSABLE,LUGARORIGEN,DESTINOBODEGA,IDUSUARIOCRE,FECHACREACION,IDUSUARIOMOD,FECHAMODIF,ESTADO,DESTINOSUCURSAL) values (12,to_date('10-JAN-24','DD-MON-RR'),102,5,null,99,to_date('11-NOV-23','DD-MON-RR'),99,to_date('11-NOV-23','DD-MON-RR'),1,101);
Insert into SYSTEM.TRASLADO (IDTRASLADO,FECHATRASLADO,RESPONSABLE,LUGARORIGEN,DESTINOBODEGA,IDUSUARIOCRE,FECHACREACION,IDUSUARIOMOD,FECHAMODIF,ESTADO,DESTINOSUCURSAL) values (13,to_date('16-JAN-24','DD-MON-RR'),103,3,null,100,to_date('11-NOV-23','DD-MON-RR'),100,to_date('11-NOV-23','DD-MON-RR'),1,102);
Insert into SYSTEM.TRASLADO (IDTRASLADO,FECHATRASLADO,RESPONSABLE,LUGARORIGEN,DESTINOBODEGA,IDUSUARIOCRE,FECHACREACION,IDUSUARIOMOD,FECHAMODIF,ESTADO,DESTINOSUCURSAL) values (14,to_date('20-FEB-24','DD-MON-RR'),104,4,null,101,to_date('11-NOV-23','DD-MON-RR'),101,to_date('11-NOV-23','DD-MON-RR'),1,103);
Insert into SYSTEM.TRASLADO (IDTRASLADO,FECHATRASLADO,RESPONSABLE,LUGARORIGEN,DESTINOBODEGA,IDUSUARIOCRE,FECHACREACION,IDUSUARIOMOD,FECHAMODIF,ESTADO,DESTINOSUCURSAL) values (15,to_date('25-MAR-24','DD-MON-RR'),105,5,null,102,to_date('11-NOV-23','DD-MON-RR'),102,to_date('11-NOV-23','DD-MON-RR'),1,104);
Insert into SYSTEM.TRASLADO (IDTRASLADO,FECHATRASLADO,RESPONSABLE,LUGARORIGEN,DESTINOBODEGA,IDUSUARIOCRE,FECHACREACION,IDUSUARIOMOD,FECHAMODIF,ESTADO,DESTINOSUCURSAL) values (16,to_date('01-MAY-24','DD-MON-RR'),106,3,4,103,to_date('11-NOV-23','DD-MON-RR'),103,to_date('11-NOV-23','DD-MON-RR'),1,null);
Insert into SYSTEM.TRASLADO (IDTRASLADO,FECHATRASLADO,RESPONSABLE,LUGARORIGEN,DESTINOBODEGA,IDUSUARIOCRE,FECHACREACION,IDUSUARIOMOD,FECHAMODIF,ESTADO,DESTINOSUCURSAL) values (17,to_date('05-JUN-24','DD-MON-RR'),107,4,5,104,to_date('11-NOV-23','DD-MON-RR'),104,to_date('11-NOV-23','DD-MON-RR'),1,null);
Insert into SYSTEM.TRASLADO (IDTRASLADO,FECHATRASLADO,RESPONSABLE,LUGARORIGEN,DESTINOBODEGA,IDUSUARIOCRE,FECHACREACION,IDUSUARIOMOD,FECHAMODIF,ESTADO,DESTINOSUCURSAL) values (18,to_date('11-JUL-24','DD-MON-RR'),108,5,null,105,to_date('11-NOV-23','DD-MON-RR'),105,to_date('11-NOV-23','DD-MON-RR'),1,107);
Insert into SYSTEM.TRASLADO (IDTRASLADO,FECHATRASLADO,RESPONSABLE,LUGARORIGEN,DESTINOBODEGA,IDUSUARIOCRE,FECHACREACION,IDUSUARIOMOD,FECHAMODIF,ESTADO,DESTINOSUCURSAL) values (19,to_date('16-JUL-24','DD-MON-RR'),109,3,null,106,to_date('11-NOV-23','DD-MON-RR'),106,to_date('11-NOV-23','DD-MON-RR'),1,107);
Insert into SYSTEM.TRASLADO (IDTRASLADO,FECHATRASLADO,RESPONSABLE,LUGARORIGEN,DESTINOBODEGA,IDUSUARIOCRE,FECHACREACION,IDUSUARIOMOD,FECHAMODIF,ESTADO,DESTINOSUCURSAL) values (20,to_date('21-AUG-24','DD-MON-RR'),110,4,4,107,to_date('11-NOV-23','DD-MON-RR'),107,to_date('11-NOV-23','DD-MON-RR'),1,null);
REM INSERTING into SYSTEM.ORDENCOMPRA
SET DEFINE OFF;
Insert into SYSTEM.ORDENCOMPRA (IDORDEN,FECHAORDEN,PROVEEDOR,METODOPAGO,DATOSENTREGA,IDUSUARIOCREA,FECHACREA,IDUSUARIOMODIF,FECHAMODIF,ESTADO) values (1,to_date('02-JAN-24','DD-MON-RR'),2,1,'ENVIO',41,to_date('11-NOV-23','DD-MON-RR'),41,to_date('11-NOV-23','DD-MON-RR'),1);
Insert into SYSTEM.ORDENCOMPRA (IDORDEN,FECHAORDEN,PROVEEDOR,METODOPAGO,DATOSENTREGA,IDUSUARIOCREA,FECHACREA,IDUSUARIOMODIF,FECHAMODIF,ESTADO) values (2,to_date('07-FEB-24','DD-MON-RR'),3,2,'ENVIO',145,to_date('11-NOV-23','DD-MON-RR'),145,to_date('11-NOV-23','DD-MON-RR'),1);
Insert into SYSTEM.ORDENCOMPRA (IDORDEN,FECHAORDEN,PROVEEDOR,METODOPAGO,DATOSENTREGA,IDUSUARIOCREA,FECHACREA,IDUSUARIOMODIF,FECHAMODIF,ESTADO) values (3,to_date('13-MAR-24','DD-MON-RR'),4,3,'RECOGER EN TIENDA',146,to_date('11-NOV-23','DD-MON-RR'),146,to_date('11-NOV-23','DD-MON-RR'),1);
Insert into SYSTEM.ORDENCOMPRA (IDORDEN,FECHAORDEN,PROVEEDOR,METODOPAGO,DATOSENTREGA,IDUSUARIOCREA,FECHACREA,IDUSUARIOMODIF,FECHAMODIF,ESTADO) values (4,to_date('18-APR-24','DD-MON-RR'),5,4,'ENVIO',147,to_date('11-NOV-23','DD-MON-RR'),147,to_date('11-NOV-23','DD-MON-RR'),1);
Insert into SYSTEM.ORDENCOMPRA (IDORDEN,FECHAORDEN,PROVEEDOR,METODOPAGO,DATOSENTREGA,IDUSUARIOCREA,FECHACREA,IDUSUARIOMODIF,FECHAMODIF,ESTADO) values (5,to_date('23-MAY-24','DD-MON-RR'),6,5,'ENVIO',148,to_date('11-NOV-23','DD-MON-RR'),148,to_date('11-NOV-23','DD-MON-RR'),1);
Insert into SYSTEM.ORDENCOMPRA (IDORDEN,FECHAORDEN,PROVEEDOR,METODOPAGO,DATOSENTREGA,IDUSUARIOCREA,FECHACREA,IDUSUARIOMODIF,FECHAMODIF,ESTADO) values (6,to_date('28-JUN-24','DD-MON-RR'),7,1,'RECOGER EN TIENDA',149,to_date('11-NOV-23','DD-MON-RR'),149,to_date('11-NOV-23','DD-MON-RR'),1);
Insert into SYSTEM.ORDENCOMPRA (IDORDEN,FECHAORDEN,PROVEEDOR,METODOPAGO,DATOSENTREGA,IDUSUARIOCREA,FECHACREA,IDUSUARIOMODIF,FECHAMODIF,ESTADO) values (7,to_date('03-JUL-24','DD-MON-RR'),8,2,'ENVIO',41,to_date('11-NOV-23','DD-MON-RR'),41,to_date('11-NOV-23','DD-MON-RR'),1);
Insert into SYSTEM.ORDENCOMPRA (IDORDEN,FECHAORDEN,PROVEEDOR,METODOPAGO,DATOSENTREGA,IDUSUARIOCREA,FECHACREA,IDUSUARIOMODIF,FECHAMODIF,ESTADO) values (8,to_date('08-AUG-24','DD-MON-RR'),9,3,'ENVIO',145,to_date('11-NOV-23','DD-MON-RR'),145,to_date('11-NOV-23','DD-MON-RR'),1);
Insert into SYSTEM.ORDENCOMPRA (IDORDEN,FECHAORDEN,PROVEEDOR,METODOPAGO,DATOSENTREGA,IDUSUARIOCREA,FECHACREA,IDUSUARIOMODIF,FECHAMODIF,ESTADO) values (9,to_date('14-SEP-24','DD-MON-RR'),10,4,'RECOGER EN TIENDA',146,to_date('11-NOV-23','DD-MON-RR'),146,to_date('11-NOV-23','DD-MON-RR'),1);
Insert into SYSTEM.ORDENCOMPRA (IDORDEN,FECHAORDEN,PROVEEDOR,METODOPAGO,DATOSENTREGA,IDUSUARIOCREA,FECHACREA,IDUSUARIOMODIF,FECHAMODIF,ESTADO) values (10,to_date('19-OCT-24','DD-MON-RR'),11,5,'ENVIO',147,to_date('11-NOV-23','DD-MON-RR'),147,to_date('11-NOV-23','DD-MON-RR'),1);
Insert into SYSTEM.ORDENCOMPRA (IDORDEN,FECHAORDEN,PROVEEDOR,METODOPAGO,DATOSENTREGA,IDUSUARIOCREA,FECHACREA,IDUSUARIOMODIF,FECHAMODIF,ESTADO) values (11,to_date('24-NOV-24','DD-MON-RR'),12,1,'ENVIO',148,to_date('11-NOV-23','DD-MON-RR'),148,to_date('11-NOV-23','DD-MON-RR'),1);
Insert into SYSTEM.ORDENCOMPRA (IDORDEN,FECHAORDEN,PROVEEDOR,METODOPAGO,DATOSENTREGA,IDUSUARIOCREA,FECHACREA,IDUSUARIOMODIF,FECHAMODIF,ESTADO) values (12,to_date('29-DEC-24','DD-MON-RR'),13,2,'RECOGER EN TIENDA',149,to_date('11-NOV-23','DD-MON-RR'),149,to_date('11-NOV-23','DD-MON-RR'),1);
Insert into SYSTEM.ORDENCOMPRA (IDORDEN,FECHAORDEN,PROVEEDOR,METODOPAGO,DATOSENTREGA,IDUSUARIOCREA,FECHACREA,IDUSUARIOMODIF,FECHAMODIF,ESTADO) values (13,to_date('03-JAN-25','DD-MON-RR'),14,3,'ENVIO',41,to_date('11-NOV-23','DD-MON-RR'),41,to_date('11-NOV-23','DD-MON-RR'),1);
Insert into SYSTEM.ORDENCOMPRA (IDORDEN,FECHAORDEN,PROVEEDOR,METODOPAGO,DATOSENTREGA,IDUSUARIOCREA,FECHACREA,IDUSUARIOMODIF,FECHAMODIF,ESTADO) values (14,to_date('08-FEB-25','DD-MON-RR'),15,4,'ENVIO',145,to_date('11-NOV-23','DD-MON-RR'),145,to_date('11-NOV-23','DD-MON-RR'),1);
Insert into SYSTEM.ORDENCOMPRA (IDORDEN,FECHAORDEN,PROVEEDOR,METODOPAGO,DATOSENTREGA,IDUSUARIOCREA,FECHACREA,IDUSUARIOMODIF,FECHAMODIF,ESTADO) values (15,to_date('14-MAR-25','DD-MON-RR'),16,5,'RECOGER EN TIENDA',146,to_date('11-NOV-23','DD-MON-RR'),146,to_date('11-NOV-23','DD-MON-RR'),1);
Insert into SYSTEM.ORDENCOMPRA (IDORDEN,FECHAORDEN,PROVEEDOR,METODOPAGO,DATOSENTREGA,IDUSUARIOCREA,FECHACREA,IDUSUARIOMODIF,FECHAMODIF,ESTADO) values (16,to_date('19-APR-25','DD-MON-RR'),2,1,'ENVIO',147,to_date('11-NOV-23','DD-MON-RR'),147,to_date('11-NOV-23','DD-MON-RR'),1);
Insert into SYSTEM.ORDENCOMPRA (IDORDEN,FECHAORDEN,PROVEEDOR,METODOPAGO,DATOSENTREGA,IDUSUARIOCREA,FECHACREA,IDUSUARIOMODIF,FECHAMODIF,ESTADO) values (17,to_date('24-MAY-25','DD-MON-RR'),3,2,'ENVIO',148,to_date('11-NOV-23','DD-MON-RR'),148,to_date('11-NOV-23','DD-MON-RR'),1);
Insert into SYSTEM.ORDENCOMPRA (IDORDEN,FECHAORDEN,PROVEEDOR,METODOPAGO,DATOSENTREGA,IDUSUARIOCREA,FECHACREA,IDUSUARIOMODIF,FECHAMODIF,ESTADO) values (18,to_date('29-JUN-25','DD-MON-RR'),4,3,'RECOGER EN TIENDA',149,to_date('11-NOV-23','DD-MON-RR'),149,to_date('11-NOV-23','DD-MON-RR'),1);
Insert into SYSTEM.ORDENCOMPRA (IDORDEN,FECHAORDEN,PROVEEDOR,METODOPAGO,DATOSENTREGA,IDUSUARIOCREA,FECHACREA,IDUSUARIOMODIF,FECHAMODIF,ESTADO) values (19,to_date('04-JUL-25','DD-MON-RR'),5,4,'ENVIO',41,to_date('11-NOV-23','DD-MON-RR'),41,to_date('11-NOV-23','DD-MON-RR'),1);
Insert into SYSTEM.ORDENCOMPRA (IDORDEN,FECHAORDEN,PROVEEDOR,METODOPAGO,DATOSENTREGA,IDUSUARIOCREA,FECHACREA,IDUSUARIOMODIF,FECHAMODIF,ESTADO) values (20,to_date('09-AUG-25','DD-MON-RR'),6,5,'ENVIO',145,to_date('11-NOV-23','DD-MON-RR'),145,to_date('11-NOV-23','DD-MON-RR'),1);
REM INSERTING into SYSTEM.FACTURAV
SET DEFINE OFF;
Insert into SYSTEM.FACTURAV (NUMFACV,IDCLIENTE,IDVENDEDOR,FECHAVENTA,IDSUCURSAL,METODOPAGO,IDUSUARIOCREA,FECHACREACION,ESTADO) values (1,23,46,to_date('16-JAN-23','DD-MON-RR'),101,1,46,to_date('11-NOV-23','DD-MON-RR'),1);
Insert into SYSTEM.FACTURAV (NUMFACV,IDCLIENTE,IDVENDEDOR,FECHAVENTA,IDSUCURSAL,METODOPAGO,IDUSUARIOCREA,FECHACREACION,ESTADO) values (2,24,47,to_date('19-FEB-23','DD-MON-RR'),102,2,47,to_date('11-NOV-23','DD-MON-RR'),1);
Insert into SYSTEM.FACTURAV (NUMFACV,IDCLIENTE,IDVENDEDOR,FECHAVENTA,IDSUCURSAL,METODOPAGO,IDUSUARIOCREA,FECHACREACION,ESTADO) values (3,25,48,to_date('25-MAR-23','DD-MON-RR'),103,3,48,to_date('11-NOV-23','DD-MON-RR'),1);
Insert into SYSTEM.FACTURAV (NUMFACV,IDCLIENTE,IDVENDEDOR,FECHAVENTA,IDSUCURSAL,METODOPAGO,IDUSUARIOCREA,FECHACREACION,ESTADO) values (4,26,49,to_date('30-APR-23','DD-MON-RR'),104,4,49,to_date('11-NOV-23','DD-MON-RR'),1);
Insert into SYSTEM.FACTURAV (NUMFACV,IDCLIENTE,IDVENDEDOR,FECHAVENTA,IDSUCURSAL,METODOPAGO,IDUSUARIOCREA,FECHACREACION,ESTADO) values (5,27,50,to_date('04-JUN-23','DD-MON-RR'),105,5,50,to_date('11-NOV-23','DD-MON-RR'),1);
Insert into SYSTEM.FACTURAV (NUMFACV,IDCLIENTE,IDVENDEDOR,FECHAVENTA,IDSUCURSAL,METODOPAGO,IDUSUARIOCREA,FECHACREACION,ESTADO) values (6,28,51,to_date('10-JUL-23','DD-MON-RR'),106,1,51,to_date('11-NOV-23','DD-MON-RR'),1);
Insert into SYSTEM.FACTURAV (NUMFACV,IDCLIENTE,IDVENDEDOR,FECHAVENTA,IDSUCURSAL,METODOPAGO,IDUSUARIOCREA,FECHACREACION,ESTADO) values (7,29,52,to_date('16-JUL-23','DD-MON-RR'),107,2,52,to_date('11-NOV-23','DD-MON-RR'),1);
Insert into SYSTEM.FACTURAV (NUMFACV,IDCLIENTE,IDVENDEDOR,FECHAVENTA,IDSUCURSAL,METODOPAGO,IDUSUARIOCREA,FECHACREACION,ESTADO) values (8,30,53,to_date('20-AUG-23','DD-MON-RR'),101,3,53,to_date('11-NOV-23','DD-MON-RR'),1);
Insert into SYSTEM.FACTURAV (NUMFACV,IDCLIENTE,IDVENDEDOR,FECHAVENTA,IDSUCURSAL,METODOPAGO,IDUSUARIOCREA,FECHACREACION,ESTADO) values (9,31,54,to_date('26-SEP-23','DD-MON-RR'),102,4,54,to_date('11-NOV-23','DD-MON-RR'),1);
Insert into SYSTEM.FACTURAV (NUMFACV,IDCLIENTE,IDVENDEDOR,FECHAVENTA,IDSUCURSAL,METODOPAGO,IDUSUARIOCREA,FECHACREACION,ESTADO) values (10,32,55,to_date('31-OCT-23','DD-MON-RR'),101,5,55,to_date('11-NOV-23','DD-MON-RR'),1);
Insert into SYSTEM.FACTURAV (NUMFACV,IDCLIENTE,IDVENDEDOR,FECHAVENTA,IDSUCURSAL,METODOPAGO,IDUSUARIOCREA,FECHACREACION,ESTADO) values (11,33,56,to_date('06-DEC-23','DD-MON-RR'),102,1,56,to_date('11-NOV-23','DD-MON-RR'),1);
Insert into SYSTEM.FACTURAV (NUMFACV,IDCLIENTE,IDVENDEDOR,FECHAVENTA,IDSUCURSAL,METODOPAGO,IDUSUARIOCREA,FECHACREACION,ESTADO) values (12,34,57,to_date('10-JAN-24','DD-MON-RR'),103,2,57,to_date('11-NOV-23','DD-MON-RR'),1);
Insert into SYSTEM.FACTURAV (NUMFACV,IDCLIENTE,IDVENDEDOR,FECHAVENTA,IDSUCURSAL,METODOPAGO,IDUSUARIOCREA,FECHACREACION,ESTADO) values (13,35,58,to_date('16-JAN-24','DD-MON-RR'),104,3,58,to_date('11-NOV-23','DD-MON-RR'),1);
Insert into SYSTEM.FACTURAV (NUMFACV,IDCLIENTE,IDVENDEDOR,FECHAVENTA,IDSUCURSAL,METODOPAGO,IDUSUARIOCREA,FECHACREACION,ESTADO) values (14,36,59,to_date('20-FEB-24','DD-MON-RR'),105,4,59,to_date('11-NOV-23','DD-MON-RR'),1);
Insert into SYSTEM.FACTURAV (NUMFACV,IDCLIENTE,IDVENDEDOR,FECHAVENTA,IDSUCURSAL,METODOPAGO,IDUSUARIOCREA,FECHACREACION,ESTADO) values (15,37,60,to_date('25-MAR-24','DD-MON-RR'),106,5,60,to_date('11-NOV-23','DD-MON-RR'),1);
Insert into SYSTEM.FACTURAV (NUMFACV,IDCLIENTE,IDVENDEDOR,FECHAVENTA,IDSUCURSAL,METODOPAGO,IDUSUARIOCREA,FECHACREACION,ESTADO) values (16,38,61,to_date('01-MAY-24','DD-MON-RR'),107,1,61,to_date('11-NOV-23','DD-MON-RR'),1);
Insert into SYSTEM.FACTURAV (NUMFACV,IDCLIENTE,IDVENDEDOR,FECHAVENTA,IDSUCURSAL,METODOPAGO,IDUSUARIOCREA,FECHACREACION,ESTADO) values (17,39,62,to_date('05-JUN-24','DD-MON-RR'),101,2,62,to_date('11-NOV-23','DD-MON-RR'),1);
Insert into SYSTEM.FACTURAV (NUMFACV,IDCLIENTE,IDVENDEDOR,FECHAVENTA,IDSUCURSAL,METODOPAGO,IDUSUARIOCREA,FECHACREACION,ESTADO) values (18,40,63,to_date('11-JUL-24','DD-MON-RR'),102,3,63,to_date('11-NOV-23','DD-MON-RR'),1);
Insert into SYSTEM.FACTURAV (NUMFACV,IDCLIENTE,IDVENDEDOR,FECHAVENTA,IDSUCURSAL,METODOPAGO,IDUSUARIOCREA,FECHACREACION,ESTADO) values (19,41,64,to_date('16-JUL-24','DD-MON-RR'),103,4,64,to_date('11-NOV-23','DD-MON-RR'),1);
Insert into SYSTEM.FACTURAV (NUMFACV,IDCLIENTE,IDVENDEDOR,FECHAVENTA,IDSUCURSAL,METODOPAGO,IDUSUARIOCREA,FECHACREACION,ESTADO) values (20,42,65,to_date('21-AUG-24','DD-MON-RR'),104,5,65,to_date('11-NOV-23','DD-MON-RR'),1);
REM INSERTING into SYSTEM.CUADRES
SET DEFINE OFF;
Insert into SYSTEM.CUADRES (IDCUADRE,COLABORADOR,CAJAINICIAL,VENTASEFECTIVO,VENTASTARJETA,INGRESOSADICIONALES,GASTOS,CAJAFINAL,DIFERENCIA,IDUSUARIOCREA,FECHACREA,IDUSUARIOMODIF,FECHAMODIF,ESTADO) values (1,60,1500,3000,2500,200,800,3700,200,60,to_date('11-NOV-23','DD-MON-RR'),60,to_date('11-NOV-23','DD-MON-RR'),1);
Insert into SYSTEM.CUADRES (IDCUADRE,COLABORADOR,CAJAINICIAL,VENTASEFECTIVO,VENTASTARJETA,INGRESOSADICIONALES,GASTOS,CAJAFINAL,DIFERENCIA,IDUSUARIOCREA,FECHACREA,IDUSUARIOMODIF,FECHAMODIF,ESTADO) values (2,48,1800,2800,2200,150,700,3550,100,48,to_date('11-NOV-23','DD-MON-RR'),48,to_date('11-NOV-23','DD-MON-RR'),1);
Insert into SYSTEM.CUADRES (IDCUADRE,COLABORADOR,CAJAINICIAL,VENTASEFECTIVO,VENTASTARJETA,INGRESOSADICIONALES,GASTOS,CAJAFINAL,DIFERENCIA,IDUSUARIOCREA,FECHACREA,IDUSUARIOMODIF,FECHAMODIF,ESTADO) values (3,55,2000,3200,2700,300,900,4300,500,55,to_date('11-NOV-23','DD-MON-RR'),55,to_date('11-NOV-23','DD-MON-RR'),1);
Insert into SYSTEM.CUADRES (IDCUADRE,COLABORADOR,CAJAINICIAL,VENTASEFECTIVO,VENTASTARJETA,INGRESOSADICIONALES,GASTOS,CAJAFINAL,DIFERENCIA,IDUSUARIOCREA,FECHACREA,IDUSUARIOMODIF,FECHAMODIF,ESTADO) values (4,69,1700,3500,2400,180,750,4250,250,69,to_date('11-NOV-23','DD-MON-RR'),69,to_date('11-NOV-23','DD-MON-RR'),1);
Insert into SYSTEM.CUADRES (IDCUADRE,COLABORADOR,CAJAINICIAL,VENTASEFECTIVO,VENTASTARJETA,INGRESOSADICIONALES,GASTOS,CAJAFINAL,DIFERENCIA,IDUSUARIOCREA,FECHACREA,IDUSUARIOMODIF,FECHAMODIF,ESTADO) values (5,57,1600,3000,2000,250,850,3950,300,57,to_date('11-NOV-23','DD-MON-RR'),57,to_date('11-NOV-23','DD-MON-RR'),1);
Insert into SYSTEM.CUADRES (IDCUADRE,COLABORADOR,CAJAINICIAL,VENTASEFECTIVO,VENTASTARJETA,INGRESOSADICIONALES,GASTOS,CAJAFINAL,DIFERENCIA,IDUSUARIOCREA,FECHACREA,IDUSUARIOMODIF,FECHAMODIF,ESTADO) values (6,71,1900,3300,2600,220,700,4200,100,71,to_date('11-NOV-23','DD-MON-RR'),71,to_date('11-NOV-23','DD-MON-RR'),1);
Insert into SYSTEM.CUADRES (IDCUADRE,COLABORADOR,CAJAINICIAL,VENTASEFECTIVO,VENTASTARJETA,INGRESOSADICIONALES,GASTOS,CAJAFINAL,DIFERENCIA,IDUSUARIOCREA,FECHACREA,IDUSUARIOMODIF,FECHAMODIF,ESTADO) values (7,50,2100,3100,2800,180,900,4300,200,50,to_date('11-NOV-23','DD-MON-RR'),50,to_date('11-NOV-23','DD-MON-RR'),1);
Insert into SYSTEM.CUADRES (IDCUADRE,COLABORADOR,CAJAINICIAL,VENTASEFECTIVO,VENTASTARJETA,INGRESOSADICIONALES,GASTOS,CAJAFINAL,DIFERENCIA,IDUSUARIOCREA,FECHACREA,IDUSUARIOMODIF,FECHAMODIF,ESTADO) values (8,62,1800,2900,2400,200,800,3600,150,62,to_date('11-NOV-23','DD-MON-RR'),62,to_date('11-NOV-23','DD-MON-RR'),1);
Insert into SYSTEM.CUADRES (IDCUADRE,COLABORADOR,CAJAINICIAL,VENTASEFECTIVO,VENTASTARJETA,INGRESOSADICIONALES,GASTOS,CAJAFINAL,DIFERENCIA,IDUSUARIOCREA,FECHACREA,IDUSUARIOMODIF,FECHAMODIF,ESTADO) values (9,73,2000,3200,2500,250,850,4100,400,73,to_date('11-NOV-23','DD-MON-RR'),73,to_date('11-NOV-23','DD-MON-RR'),1);
Insert into SYSTEM.CUADRES (IDCUADRE,COLABORADOR,CAJAINICIAL,VENTASEFECTIVO,VENTASTARJETA,INGRESOSADICIONALES,GASTOS,CAJAFINAL,DIFERENCIA,IDUSUARIOCREA,FECHACREA,IDUSUARIOMODIF,FECHAMODIF,ESTADO) values (10,68,1700,3400,2600,150,700,4300,600,68,to_date('11-NOV-23','DD-MON-RR'),68,to_date('11-NOV-23','DD-MON-RR'),1);
Insert into SYSTEM.CUADRES (IDCUADRE,COLABORADOR,CAJAINICIAL,VENTASEFECTIVO,VENTASTARJETA,INGRESOSADICIONALES,GASTOS,CAJAFINAL,DIFERENCIA,IDUSUARIOCREA,FECHACREA,IDUSUARIOMODIF,FECHAMODIF,ESTADO) values (11,46,1900,3000,2300,300,900,4100,200,46,to_date('11-NOV-23','DD-MON-RR'),46,to_date('11-NOV-23','DD-MON-RR'),1);
Insert into SYSTEM.CUADRES (IDCUADRE,COLABORADOR,CAJAINICIAL,VENTASEFECTIVO,VENTASTARJETA,INGRESOSADICIONALES,GASTOS,CAJAFINAL,DIFERENCIA,IDUSUARIOCREA,FECHACREA,IDUSUARIOMODIF,FECHAMODIF,ESTADO) values (12,74,1600,3100,2400,180,750,3850,250,74,to_date('11-NOV-23','DD-MON-RR'),74,to_date('11-NOV-23','DD-MON-RR'),1);
Insert into SYSTEM.CUADRES (IDCUADRE,COLABORADOR,CAJAINICIAL,VENTASEFECTIVO,VENTASTARJETA,INGRESOSADICIONALES,GASTOS,CAJAFINAL,DIFERENCIA,IDUSUARIOCREA,FECHACREA,IDUSUARIOMODIF,FECHAMODIF,ESTADO) values (13,64,1800,3300,2600,200,800,4200,400,64,to_date('11-NOV-23','DD-MON-RR'),64,to_date('11-NOV-23','DD-MON-RR'),1);
Insert into SYSTEM.CUADRES (IDCUADRE,COLABORADOR,CAJAINICIAL,VENTASEFECTIVO,VENTASTARJETA,INGRESOSADICIONALES,GASTOS,CAJAFINAL,DIFERENCIA,IDUSUARIOCREA,FECHACREA,IDUSUARIOMODIF,FECHAMODIF,ESTADO) values (14,53,2000,3400,2500,250,850,4100,100,53,to_date('11-NOV-23','DD-MON-RR'),53,to_date('11-NOV-23','DD-MON-RR'),1);
Insert into SYSTEM.CUADRES (IDCUADRE,COLABORADOR,CAJAINICIAL,VENTASEFECTIVO,VENTASTARJETA,INGRESOSADICIONALES,GASTOS,CAJAFINAL,DIFERENCIA,IDUSUARIOCREA,FECHACREA,IDUSUARIOMODIF,FECHAMODIF,ESTADO) values (15,67,1700,3100,2300,180,700,3950,250,67,to_date('11-NOV-23','DD-MON-RR'),67,to_date('11-NOV-23','DD-MON-RR'),1);
Insert into SYSTEM.CUADRES (IDCUADRE,COLABORADOR,CAJAINICIAL,VENTASEFECTIVO,VENTASTARJETA,INGRESOSADICIONALES,GASTOS,CAJAFINAL,DIFERENCIA,IDUSUARIOCREA,FECHACREA,IDUSUARIOMODIF,FECHAMODIF,ESTADO) values (16,51,1900,3200,2700,200,750,4100,300,51,to_date('11-NOV-23','DD-MON-RR'),51,to_date('11-NOV-23','DD-MON-RR'),1);
Insert into SYSTEM.CUADRES (IDCUADRE,COLABORADOR,CAJAINICIAL,VENTASEFECTIVO,VENTASTARJETA,INGRESOSADICIONALES,GASTOS,CAJAFINAL,DIFERENCIA,IDUSUARIOCREA,FECHACREA,IDUSUARIOMODIF,FECHAMODIF,ESTADO) values (17,61,1600,3300,2400,150,900,4000,400,61,to_date('11-NOV-23','DD-MON-RR'),61,to_date('11-NOV-23','DD-MON-RR'),1);
Insert into SYSTEM.CUADRES (IDCUADRE,COLABORADOR,CAJAINICIAL,VENTASEFECTIVO,VENTASTARJETA,INGRESOSADICIONALES,GASTOS,CAJAFINAL,DIFERENCIA,IDUSUARIOCREA,FECHACREA,IDUSUARIOMODIF,FECHAMODIF,ESTADO) values (18,72,1800,3000,2500,250,850,4000,200,72,to_date('11-NOV-23','DD-MON-RR'),72,to_date('11-NOV-23','DD-MON-RR'),1);
Insert into SYSTEM.CUADRES (IDCUADRE,COLABORADOR,CAJAINICIAL,VENTASEFECTIVO,VENTASTARJETA,INGRESOSADICIONALES,GASTOS,CAJAFINAL,DIFERENCIA,IDUSUARIOCREA,FECHACREA,IDUSUARIOMODIF,FECHAMODIF,ESTADO) values (19,59,2000,3100,2600,180,700,4200,300,59,to_date('11-NOV-23','DD-MON-RR'),59,to_date('11-NOV-23','DD-MON-RR'),1);
Insert into SYSTEM.CUADRES (IDCUADRE,COLABORADOR,CAJAINICIAL,VENTASEFECTIVO,VENTASTARJETA,INGRESOSADICIONALES,GASTOS,CAJAFINAL,DIFERENCIA,IDUSUARIOCREA,FECHACREA,IDUSUARIOMODIF,FECHAMODIF,ESTADO) values (20,75,1700,3200,2300,200,800,4050,150,75,to_date('11-NOV-23','DD-MON-RR'),75,to_date('11-NOV-23','DD-MON-RR'),1);
REM INSERTING into SYSTEM.ESTADO_CIVIL
SET DEFINE OFF;
Insert into SYSTEM.ESTADO_CIVIL (IDECIVIL,ESTADO_CIVIL,IDCREADOR,FECHACREA,IDMODIF,FECHAMODIF) values (1,'SOLTERO (A)',5,to_date('09-NOV-23','DD-MON-RR'),5,to_date('09-NOV-23','DD-MON-RR'));
Insert into SYSTEM.ESTADO_CIVIL (IDECIVIL,ESTADO_CIVIL,IDCREADOR,FECHACREA,IDMODIF,FECHAMODIF) values (2,'CASADO (A)',5,to_date('09-NOV-23','DD-MON-RR'),5,to_date('09-NOV-23','DD-MON-RR'));
Insert into SYSTEM.ESTADO_CIVIL (IDECIVIL,ESTADO_CIVIL,IDCREADOR,FECHACREA,IDMODIF,FECHAMODIF) values (3,'DIVORCIADO',5,to_date('09-NOV-23','DD-MON-RR'),5,to_date('09-NOV-23','DD-MON-RR'));
Insert into SYSTEM.ESTADO_CIVIL (IDECIVIL,ESTADO_CIVIL,IDCREADOR,FECHACREA,IDMODIF,FECHAMODIF) values (4,'VIUDO',5,to_date('09-NOV-23','DD-MON-RR'),5,to_date('09-NOV-23','DD-MON-RR'));
Insert into SYSTEM.ESTADO_CIVIL (IDECIVIL,ESTADO_CIVIL,IDCREADOR,FECHACREA,IDMODIF,FECHAMODIF) values (5,'SEPARADO',5,to_date('09-NOV-23','DD-MON-RR'),5,to_date('09-NOV-23','DD-MON-RR'));
Insert into SYSTEM.ESTADO_CIVIL (IDECIVIL,ESTADO_CIVIL,IDCREADOR,FECHACREA,IDMODIF,FECHAMODIF) values (6,'UNION LIBRE',5,to_date('09-NOV-23','DD-MON-RR'),5,to_date('09-NOV-23','DD-MON-RR'));
REM INSERTING into SYSTEM.FORMAPAGO
SET DEFINE OFF;
Insert into SYSTEM.FORMAPAGO (IDPAGO,NOMMETODO,MONEDA,IDUSUARIOCREA,FECHACREACION,IDUSUARIOMODIF,FECHAMODIF,ESTADO) values (1,' Tarjeta de Crédito ',1,40,to_date('11-NOV-23','DD-MON-RR'),40,to_date('11-NOV-23','DD-MON-RR'),1);
Insert into SYSTEM.FORMAPAGO (IDPAGO,NOMMETODO,MONEDA,IDUSUARIOCREA,FECHACREACION,IDUSUARIOMODIF,FECHAMODIF,ESTADO) values (2,' Tarjeta de Débito  ',1,141,to_date('11-NOV-23','DD-MON-RR'),141,to_date('11-NOV-23','DD-MON-RR'),1);
Insert into SYSTEM.FORMAPAGO (IDPAGO,NOMMETODO,MONEDA,IDUSUARIOCREA,FECHACREACION,IDUSUARIOMODIF,FECHAMODIF,ESTADO) values (3,' Transferencia      ',1,142,to_date('11-NOV-23','DD-MON-RR'),142,to_date('11-NOV-23','DD-MON-RR'),1);
Insert into SYSTEM.FORMAPAGO (IDPAGO,NOMMETODO,MONEDA,IDUSUARIOCREA,FECHACREACION,IDUSUARIOMODIF,FECHAMODIF,ESTADO) values (4,' Efectivo           ',1,143,to_date('11-NOV-23','DD-MON-RR'),143,to_date('11-NOV-23','DD-MON-RR'),1);
Insert into SYSTEM.FORMAPAGO (IDPAGO,NOMMETODO,MONEDA,IDUSUARIOCREA,FECHACREACION,IDUSUARIOMODIF,FECHAMODIF,ESTADO) values (5,' Cheque             ',1,144,to_date('11-NOV-23','DD-MON-RR'),144,to_date('11-NOV-23','DD-MON-RR'),1);
Insert into SYSTEM.FORMAPAGO (IDPAGO,NOMMETODO,MONEDA,IDUSUARIOCREA,FECHACREACION,IDUSUARIOMODIF,FECHAMODIF,ESTADO) values (6,' PayPal             ',2,40,to_date('11-NOV-23','DD-MON-RR'),40,to_date('11-NOV-23','DD-MON-RR'),1);
Insert into SYSTEM.FORMAPAGO (IDPAGO,NOMMETODO,MONEDA,IDUSUARIOCREA,FECHACREACION,IDUSUARIOMODIF,FECHAMODIF,ESTADO) values (7,' Cheque             ',2,141,to_date('11-NOV-23','DD-MON-RR'),141,to_date('11-NOV-23','DD-MON-RR'),1);
Insert into SYSTEM.FORMAPAGO (IDPAGO,NOMMETODO,MONEDA,IDUSUARIOCREA,FECHACREACION,IDUSUARIOMODIF,FECHAMODIF,ESTADO) values (8,' Tarjeta de Crédito ',2,142,to_date('11-NOV-23','DD-MON-RR'),142,to_date('11-NOV-23','DD-MON-RR'),1);
Insert into SYSTEM.FORMAPAGO (IDPAGO,NOMMETODO,MONEDA,IDUSUARIOCREA,FECHACREACION,IDUSUARIOMODIF,FECHAMODIF,ESTADO) values (9,' Tarjeta de Débito  ',2,143,to_date('11-NOV-23','DD-MON-RR'),143,to_date('11-NOV-23','DD-MON-RR'),1);
Insert into SYSTEM.FORMAPAGO (IDPAGO,NOMMETODO,MONEDA,IDUSUARIOCREA,FECHACREACION,IDUSUARIOMODIF,FECHAMODIF,ESTADO) values (10,' Transferencia      ',3,144,to_date('11-NOV-23','DD-MON-RR'),144,to_date('11-NOV-23','DD-MON-RR'),1);
Insert into SYSTEM.FORMAPAGO (IDPAGO,NOMMETODO,MONEDA,IDUSUARIOCREA,FECHACREACION,IDUSUARIOMODIF,FECHAMODIF,ESTADO) values (11,' Tarjeta de Débito  ',3,40,to_date('11-NOV-23','DD-MON-RR'),40,to_date('11-NOV-23','DD-MON-RR'),1);
Insert into SYSTEM.FORMAPAGO (IDPAGO,NOMMETODO,MONEDA,IDUSUARIOCREA,FECHACREACION,IDUSUARIOMODIF,FECHAMODIF,ESTADO) values (12,' Cheque             ',4,141,to_date('11-NOV-23','DD-MON-RR'),141,to_date('11-NOV-23','DD-MON-RR'),1);
Insert into SYSTEM.FORMAPAGO (IDPAGO,NOMMETODO,MONEDA,IDUSUARIOCREA,FECHACREACION,IDUSUARIOMODIF,FECHAMODIF,ESTADO) values (13,' Transferencia      ',5,142,to_date('11-NOV-23','DD-MON-RR'),142,to_date('11-NOV-23','DD-MON-RR'),1);
Insert into SYSTEM.FORMAPAGO (IDPAGO,NOMMETODO,MONEDA,IDUSUARIOCREA,FECHACREACION,IDUSUARIOMODIF,FECHAMODIF,ESTADO) values (14,' Tarjeta de Crédito ',6,143,to_date('11-NOV-23','DD-MON-RR'),143,to_date('11-NOV-23','DD-MON-RR'),1);
Insert into SYSTEM.FORMAPAGO (IDPAGO,NOMMETODO,MONEDA,IDUSUARIOCREA,FECHACREACION,IDUSUARIOMODIF,FECHAMODIF,ESTADO) values (15,' Cheque             ',7,144,to_date('11-NOV-23','DD-MON-RR'),144,to_date('11-NOV-23','DD-MON-RR'),1);
Insert into SYSTEM.FORMAPAGO (IDPAGO,NOMMETODO,MONEDA,IDUSUARIOCREA,FECHACREACION,IDUSUARIOMODIF,FECHAMODIF,ESTADO) values (16,' Efectivo           ',8,40,to_date('11-NOV-23','DD-MON-RR'),40,to_date('11-NOV-23','DD-MON-RR'),1);
Insert into SYSTEM.FORMAPAGO (IDPAGO,NOMMETODO,MONEDA,IDUSUARIOCREA,FECHACREACION,IDUSUARIOMODIF,FECHAMODIF,ESTADO) values (17,' Tarjeta de Débito  ',9,141,to_date('11-NOV-23','DD-MON-RR'),141,to_date('11-NOV-23','DD-MON-RR'),1);
Insert into SYSTEM.FORMAPAGO (IDPAGO,NOMMETODO,MONEDA,IDUSUARIOCREA,FECHACREACION,IDUSUARIOMODIF,FECHAMODIF,ESTADO) values (18,' Transferencia      ',10,142,to_date('11-NOV-23','DD-MON-RR'),142,to_date('11-NOV-23','DD-MON-RR'),1);
Insert into SYSTEM.FORMAPAGO (IDPAGO,NOMMETODO,MONEDA,IDUSUARIOCREA,FECHACREACION,IDUSUARIOMODIF,FECHAMODIF,ESTADO) values (19,' Efectivo           ',11,143,to_date('11-NOV-23','DD-MON-RR'),143,to_date('11-NOV-23','DD-MON-RR'),1);
Insert into SYSTEM.FORMAPAGO (IDPAGO,NOMMETODO,MONEDA,IDUSUARIOCREA,FECHACREACION,IDUSUARIOMODIF,FECHAMODIF,ESTADO) values (20,' Cheque             ',12,144,to_date('11-NOV-23','DD-MON-RR'),144,to_date('11-NOV-23','DD-MON-RR'),1);
Insert into SYSTEM.FORMAPAGO (IDPAGO,NOMMETODO,MONEDA,IDUSUARIOCREA,FECHACREACION,IDUSUARIOMODIF,FECHAMODIF,ESTADO) values (21,' PayPal             ',13,40,to_date('11-NOV-23','DD-MON-RR'),40,to_date('11-NOV-23','DD-MON-RR'),1);
Insert into SYSTEM.FORMAPAGO (IDPAGO,NOMMETODO,MONEDA,IDUSUARIOCREA,FECHACREACION,IDUSUARIOMODIF,FECHAMODIF,ESTADO) values (22,' Transferencia      ',14,141,to_date('11-NOV-23','DD-MON-RR'),141,to_date('11-NOV-23','DD-MON-RR'),1);
Insert into SYSTEM.FORMAPAGO (IDPAGO,NOMMETODO,MONEDA,IDUSUARIOCREA,FECHACREACION,IDUSUARIOMODIF,FECHAMODIF,ESTADO) values (23,' Efectivo           ',15,142,to_date('11-NOV-23','DD-MON-RR'),142,to_date('11-NOV-23','DD-MON-RR'),1);
REM INSERTING into SYSTEM.PROVEEDOR
SET DEFINE OFF;
Insert into SYSTEM.PROVEEDOR (IDPROVEEDOR,NOMBREEMPRESA,NOMBRECONTACTO,EMAIL,CODIGOPAIS,TELEFONO,DESCDIRECCION,CALLE,AVENIDA,ZONA,MUNICIPIO,DEPARTAMENTO,TIPOPRODUCTO,FECHAALTA,IDUSUARIOCREA,FECHACREACION,IDUSUARIOMODIF,FECHAMODIF,ESTADO,NIT) values (2,'RESPUESTOS TC','JUAN PÉREZ','JUAN@REPUESTOSTECH.COM',77,'12345678','23-34 COLONIA VISTA HERMOSA','34','56',7,106,9,'A',to_date('23-JAN-22','DD-MON-RR'),5,to_date('11-NOV-23','DD-MON-RR'),5,to_date('11-NOV-23','DD-MON-RR'),1,12345678901);
Insert into SYSTEM.PROVEEDOR (IDPROVEEDOR,NOMBREEMPRESA,NOMBRECONTACTO,EMAIL,CODIGOPAIS,TELEFONO,DESCDIRECCION,CALLE,AVENIDA,ZONA,MUNICIPIO,DEPARTAMENTO,TIPOPRODUCTO,FECHAALTA,IDUSUARIOCREA,FECHACREACION,IDUSUARIOMODIF,FECHAMODIF,ESTADO,NIT) values (3,'TECNO PARTES SA','MARÍA LÓPEZ','MARIA@TECNO-PARTES.COM',77,'23456789','23-34 COLONIA LOS PINOS','45','67',12,106,9,'A',to_date('15-FEB-22','DD-MON-RR'),5,to_date('11-NOV-23','DD-MON-RR'),5,to_date('11-NOV-23','DD-MON-RR'),1,98765432108);
Insert into SYSTEM.PROVEEDOR (IDPROVEEDOR,NOMBREEMPRESA,NOMBRECONTACTO,EMAIL,CODIGOPAIS,TELEFONO,DESCDIRECCION,CALLE,AVENIDA,ZONA,MUNICIPIO,DEPARTAMENTO,TIPOPRODUCTO,FECHAALTA,IDUSUARIOCREA,FECHACREACION,IDUSUARIOMODIF,FECHAMODIF,ESTADO,NIT) values (4,'ELECTRONICAGUAT','CARLOS MENDEZ','CARLOS@ELECTRONICA-GUAT.COM',77,'34567890','34-45 COLONIA SAN LUCAS','56','78',11,106,9,'A',to_date('07-MAR-22','DD-MON-RR'),5,to_date('11-NOV-23','DD-MON-RR'),5,to_date('11-NOV-23','DD-MON-RR'),1,45678901234);
Insert into SYSTEM.PROVEEDOR (IDPROVEEDOR,NOMBREEMPRESA,NOMBRECONTACTO,EMAIL,CODIGOPAIS,TELEFONO,DESCDIRECCION,CALLE,AVENIDA,ZONA,MUNICIPIO,DEPARTAMENTO,TIPOPRODUCTO,FECHAALTA,IDUSUARIOCREA,FECHACREACION,IDUSUARIOMODIF,FECHAMODIF,ESTADO,NIT) values (5,'BYTE SOLUCIONES','LAURA GOMEZ','LAURA@BYTESOLUCIONES.COM',77,'45678901','45-56 COLONIA EL ROSARIO','67','89',18,106,9,'A',to_date('29-APR-22','DD-MON-RR'),5,to_date('11-NOV-23','DD-MON-RR'),5,to_date('11-NOV-23','DD-MON-RR'),1,32109876542);
Insert into SYSTEM.PROVEEDOR (IDPROVEEDOR,NOMBREEMPRESA,NOMBRECONTACTO,EMAIL,CODIGOPAIS,TELEFONO,DESCDIRECCION,CALLE,AVENIDA,ZONA,MUNICIPIO,DEPARTAMENTO,TIPOPRODUCTO,FECHAALTA,IDUSUARIOCREA,FECHACREACION,IDUSUARIOMODIF,FECHAMODIF,ESTADO,NIT) values (6,'COMPUNET','LUIS RODRIGUEZ','LUIS@COMPUNET-GT.COM',77,'56789012','56-67 COLONIA SAN ISIDRO','78','90',9,106,9,'A',to_date('21-MAY-22','DD-MON-RR'),5,to_date('11-NOV-23','DD-MON-RR'),5,to_date('11-NOV-23','DD-MON-RR'),1,87654321097);
Insert into SYSTEM.PROVEEDOR (IDPROVEEDOR,NOMBREEMPRESA,NOMBRECONTACTO,EMAIL,CODIGOPAIS,TELEFONO,DESCDIRECCION,CALLE,AVENIDA,ZONA,MUNICIPIO,DEPARTAMENTO,TIPOPRODUCTO,FECHAALTA,IDUSUARIOCREA,FECHACREACION,IDUSUARIOMODIF,FECHAMODIF,ESTADO,NIT) values (7,'PC WORLD','ANA GARCÍA','ANA@PCWORLD-GT.COM',77,'67890123','67-78 COLONIA BELLA VISTA','12','34',10,106,9,'A',to_date('12-JUN-22','DD-MON-RR'),5,to_date('11-NOV-23','DD-MON-RR'),5,to_date('11-NOV-23','DD-MON-RR'),1,23456789013);
Insert into SYSTEM.PROVEEDOR (IDPROVEEDOR,NOMBREEMPRESA,NOMBRECONTACTO,EMAIL,CODIGOPAIS,TELEFONO,DESCDIRECCION,CALLE,AVENIDA,ZONA,MUNICIPIO,DEPARTAMENTO,TIPOPRODUCTO,FECHAALTA,IDUSUARIOCREA,FECHACREACION,IDUSUARIOMODIF,FECHAMODIF,ESTADO,NIT) values (8,'TECNO COMPUTO','OSCAR RAMÍREZ','OSCAR@TECNO-COMPUTO.COM',77,'78901234','78-89 COLONIA SAN JOSÉ','45','67',15,106,9,'A',to_date('04-JUL-22','DD-MON-RR'),5,to_date('11-NOV-23','DD-MON-RR'),5,to_date('11-NOV-23','DD-MON-RR'),1,78901234569);
Insert into SYSTEM.PROVEEDOR (IDPROVEEDOR,NOMBREEMPRESA,NOMBRECONTACTO,EMAIL,CODIGOPAIS,TELEFONO,DESCDIRECCION,CALLE,AVENIDA,ZONA,MUNICIPIO,DEPARTAMENTO,TIPOPRODUCTO,FECHAALTA,IDUSUARIOCREA,FECHACREACION,IDUSUARIOMODIF,FECHAMODIF,ESTADO,NIT) values (9,'MICRO SOLUCIONES','DIANA PÉREZ','DIANA@MICRO-SOLUCIONES.COM',77,'89012345','89-90 COLONIA LOS ALAMOS','56','78',14,106,9,'A',to_date('26-AUG-22','DD-MON-RR'),5,to_date('11-NOV-23','DD-MON-RR'),5,to_date('11-NOV-23','DD-MON-RR'),1,56789012345);
Insert into SYSTEM.PROVEEDOR (IDPROVEEDOR,NOMBREEMPRESA,NOMBRECONTACTO,EMAIL,CODIGOPAIS,TELEFONO,DESCDIRECCION,CALLE,AVENIDA,ZONA,MUNICIPIO,DEPARTAMENTO,TIPOPRODUCTO,FECHAALTA,IDUSUARIOCREA,FECHACREACION,IDUSUARIOMODIF,FECHAMODIF,ESTADO,NIT) values (10,'INFO SISTEMAS ','ALEJANDRO GONZÁLEZ','ALEJANDRO@INFO-SISTEMAS.COM',77,'90123456','90-101 COLONIA LOS OLIVOS','23','45',7,106,9,'A',to_date('17-SEP-22','DD-MON-RR'),5,to_date('11-NOV-23','DD-MON-RR'),5,to_date('11-NOV-23','DD-MON-RR'),1,43210987651);
Insert into SYSTEM.PROVEEDOR (IDPROVEEDOR,NOMBREEMPRESA,NOMBRECONTACTO,EMAIL,CODIGOPAIS,TELEFONO,DESCDIRECCION,CALLE,AVENIDA,ZONA,MUNICIPIO,DEPARTAMENTO,TIPOPRODUCTO,FECHAALTA,IDUSUARIOCREA,FECHACREACION,IDUSUARIOMODIF,FECHAMODIF,ESTADO,NIT) values (11,'TECH ZONE','SONIA HERRERA','SONIA@TECHZONE-GT.COM',77,'11223344','101-112 COLONIA SAN MARCOS','34','56',17,106,9,'A',to_date('09-OCT-22','DD-MON-RR'),5,to_date('11-NOV-23','DD-MON-RR'),5,to_date('11-NOV-23','DD-MON-RR'),1,10987654326);
Insert into SYSTEM.PROVEEDOR (IDPROVEEDOR,NOMBREEMPRESA,NOMBRECONTACTO,EMAIL,CODIGOPAIS,TELEFONO,DESCDIRECCION,CALLE,AVENIDA,ZONA,MUNICIPIO,DEPARTAMENTO,TIPOPRODUCTO,FECHAALTA,IDUSUARIOCREA,FECHACREACION,IDUSUARIOMODIF,FECHAMODIF,ESTADO,NIT) values (12,'GLOBAL TECH','MANUEL MARTÍNEZ','MANUEL@GLOBALTECH-GT.COM',77,'22334455','112-123 COLONIA LAS ACACIAS','56','78',11,106,9,'A',to_date('31-OCT-22','DD-MON-RR'),5,to_date('11-NOV-23','DD-MON-RR'),5,to_date('11-NOV-23','DD-MON-RR'),1,65432109872);
Insert into SYSTEM.PROVEEDOR (IDPROVEEDOR,NOMBREEMPRESA,NOMBRECONTACTO,EMAIL,CODIGOPAIS,TELEFONO,DESCDIRECCION,CALLE,AVENIDA,ZONA,MUNICIPIO,DEPARTAMENTO,TIPOPRODUCTO,FECHAALTA,IDUSUARIOCREA,FECHACREACION,IDUSUARIOMODIF,FECHAMODIF,ESTADO,NIT) values (13,'E-COMPONENTES','ISABEL SÁNCHEZ','ISABEL@E-COMPONENTES.COM',77,'33445566','123-134 COLONIA LOS ARCOS','67','89',6,106,9,'A',to_date('22-NOV-22','DD-MON-RR'),5,to_date('11-NOV-23','DD-MON-RR'),5,to_date('11-NOV-23','DD-MON-RR'),1,21098765438);
Insert into SYSTEM.PROVEEDOR (IDPROVEEDOR,NOMBREEMPRESA,NOMBRECONTACTO,EMAIL,CODIGOPAIS,TELEFONO,DESCDIRECCION,CALLE,AVENIDA,ZONA,MUNICIPIO,DEPARTAMENTO,TIPOPRODUCTO,FECHAALTA,IDUSUARIOCREA,FECHACREACION,IDUSUARIOMODIF,FECHAMODIF,ESTADO,NIT) values (14,'COMPUTRONIX','CARLOS CASTILLO','CARLOS@COMPUTRONIX-GT.COM',77,'44556677','134-145 COLONIA LOS REYES','78','90',8,106,9,'A',to_date('14-DEC-22','DD-MON-RR'),5,to_date('11-NOV-23','DD-MON-RR'),5,to_date('11-NOV-23','DD-MON-RR'),1,87654321093);
Insert into SYSTEM.PROVEEDOR (IDPROVEEDOR,NOMBREEMPRESA,NOMBRECONTACTO,EMAIL,CODIGOPAIS,TELEFONO,DESCDIRECCION,CALLE,AVENIDA,ZONA,MUNICIPIO,DEPARTAMENTO,TIPOPRODUCTO,FECHAALTA,IDUSUARIOCREA,FECHACREACION,IDUSUARIOMODIF,FECHAMODIF,ESTADO,NIT) values (15,'INFO PARTES','KARLA RAMÍREZ','KARLA@INFOPARTES-GT.COM',77,'55667788','145-156 COLONIA SAN FRANCISCO','56','78',17,106,9,'A',to_date('05-JAN-23','DD-MON-RR'),5,to_date('11-NOV-23','DD-MON-RR'),5,to_date('11-NOV-23','DD-MON-RR'),1,43210987657);
Insert into SYSTEM.PROVEEDOR (IDPROVEEDOR,NOMBREEMPRESA,NOMBRECONTACTO,EMAIL,CODIGOPAIS,TELEFONO,DESCDIRECCION,CALLE,AVENIDA,ZONA,MUNICIPIO,DEPARTAMENTO,TIPOPRODUCTO,FECHAALTA,IDUSUARIOCREA,FECHACREACION,IDUSUARIOMODIF,FECHAMODIF,ESTADO,NIT) values (16,'ELECTRONICA EXPRESS','LUISA GONZÁLES','LUISA@ELECTRONICAEXPRESS.COM',77,'66778899','156-167 COLONIA LOS CIPRESES','67','89',8,106,9,'A',to_date('27-FEB-23','DD-MON-RR'),5,to_date('11-NOV-23','DD-MON-RR'),5,to_date('11-NOV-23','DD-MON-RR'),1,56789012342);
REM INSERTING into SYSTEM.DETALLEFACC
SET DEFINE OFF;
Insert into SYSTEM.DETALLEFACC (NUMDETALLEC,IDFACC,PRODUCTO,CANTIDAD,PRECIO,IDUSUARIOCREA,FECHACREACION,IDUSUARIOMODIF,FECHAMODIF,ESTADO) values (1,1,48,10,100,38,to_date('11-NOV-23','DD-MON-RR'),38,to_date('11-NOV-23','DD-MON-RR'),1);
Insert into SYSTEM.DETALLEFACC (NUMDETALLEC,IDFACC,PRODUCTO,CANTIDAD,PRECIO,IDUSUARIOCREA,FECHACREACION,IDUSUARIOMODIF,FECHAMODIF,ESTADO) values (2,2,49,20,120,142,to_date('11-NOV-23','DD-MON-RR'),142,to_date('11-NOV-23','DD-MON-RR'),1);
Insert into SYSTEM.DETALLEFACC (NUMDETALLEC,IDFACC,PRODUCTO,CANTIDAD,PRECIO,IDUSUARIOCREA,FECHACREACION,IDUSUARIOMODIF,FECHAMODIF,ESTADO) values (3,3,50,30,250,143,to_date('11-NOV-23','DD-MON-RR'),143,to_date('11-NOV-23','DD-MON-RR'),1);
Insert into SYSTEM.DETALLEFACC (NUMDETALLEC,IDFACC,PRODUCTO,CANTIDAD,PRECIO,IDUSUARIOCREA,FECHACREACION,IDUSUARIOMODIF,FECHAMODIF,ESTADO) values (4,4,51,59,35,144,to_date('11-NOV-23','DD-MON-RR'),144,to_date('11-NOV-23','DD-MON-RR'),1);
Insert into SYSTEM.DETALLEFACC (NUMDETALLEC,IDFACC,PRODUCTO,CANTIDAD,PRECIO,IDUSUARIOCREA,FECHACREACION,IDUSUARIOMODIF,FECHAMODIF,ESTADO) values (5,5,52,58,80,145,to_date('11-NOV-23','DD-MON-RR'),145,to_date('11-NOV-23','DD-MON-RR'),1);
Insert into SYSTEM.DETALLEFACC (NUMDETALLEC,IDFACC,PRODUCTO,CANTIDAD,PRECIO,IDUSUARIOCREA,FECHACREACION,IDUSUARIOMODIF,FECHAMODIF,ESTADO) values (6,6,53,23,120,146,to_date('11-NOV-23','DD-MON-RR'),146,to_date('11-NOV-23','DD-MON-RR'),1);
Insert into SYSTEM.DETALLEFACC (NUMDETALLEC,IDFACC,PRODUCTO,CANTIDAD,PRECIO,IDUSUARIOCREA,FECHACREACION,IDUSUARIOMODIF,FECHAMODIF,ESTADO) values (7,7,54,59,180,38,to_date('11-NOV-23','DD-MON-RR'),38,to_date('11-NOV-23','DD-MON-RR'),1);
Insert into SYSTEM.DETALLEFACC (NUMDETALLEC,IDFACC,PRODUCTO,CANTIDAD,PRECIO,IDUSUARIOCREA,FECHACREACION,IDUSUARIOMODIF,FECHAMODIF,ESTADO) values (8,8,55,68,15,142,to_date('11-NOV-23','DD-MON-RR'),142,to_date('11-NOV-23','DD-MON-RR'),1);
Insert into SYSTEM.DETALLEFACC (NUMDETALLEC,IDFACC,PRODUCTO,CANTIDAD,PRECIO,IDUSUARIOCREA,FECHACREACION,IDUSUARIOMODIF,FECHAMODIF,ESTADO) values (9,9,56,36,800,143,to_date('11-NOV-23','DD-MON-RR'),143,to_date('11-NOV-23','DD-MON-RR'),1);
Insert into SYSTEM.DETALLEFACC (NUMDETALLEC,IDFACC,PRODUCTO,CANTIDAD,PRECIO,IDUSUARIOCREA,FECHACREACION,IDUSUARIOMODIF,FECHAMODIF,ESTADO) values (10,10,57,10,300,144,to_date('11-NOV-23','DD-MON-RR'),144,to_date('11-NOV-23','DD-MON-RR'),1);
Insert into SYSTEM.DETALLEFACC (NUMDETALLEC,IDFACC,PRODUCTO,CANTIDAD,PRECIO,IDUSUARIOCREA,FECHACREACION,IDUSUARIOMODIF,FECHAMODIF,ESTADO) values (11,11,58,20,60,145,to_date('11-NOV-23','DD-MON-RR'),145,to_date('11-NOV-23','DD-MON-RR'),1);
Insert into SYSTEM.DETALLEFACC (NUMDETALLEC,IDFACC,PRODUCTO,CANTIDAD,PRECIO,IDUSUARIOCREA,FECHACREACION,IDUSUARIOMODIF,FECHAMODIF,ESTADO) values (12,12,59,30,40,146,to_date('11-NOV-23','DD-MON-RR'),146,to_date('11-NOV-23','DD-MON-RR'),1);
Insert into SYSTEM.DETALLEFACC (NUMDETALLEC,IDFACC,PRODUCTO,CANTIDAD,PRECIO,IDUSUARIOCREA,FECHACREACION,IDUSUARIOMODIF,FECHAMODIF,ESTADO) values (13,13,60,59,150,38,to_date('11-NOV-23','DD-MON-RR'),38,to_date('11-NOV-23','DD-MON-RR'),1);
Insert into SYSTEM.DETALLEFACC (NUMDETALLEC,IDFACC,PRODUCTO,CANTIDAD,PRECIO,IDUSUARIOCREA,FECHACREACION,IDUSUARIOMODIF,FECHAMODIF,ESTADO) values (14,14,61,58,100,142,to_date('11-NOV-23','DD-MON-RR'),142,to_date('11-NOV-23','DD-MON-RR'),1);
Insert into SYSTEM.DETALLEFACC (NUMDETALLEC,IDFACC,PRODUCTO,CANTIDAD,PRECIO,IDUSUARIOCREA,FECHACREACION,IDUSUARIOMODIF,FECHAMODIF,ESTADO) values (15,15,62,23,50,143,to_date('11-NOV-23','DD-MON-RR'),143,to_date('11-NOV-23','DD-MON-RR'),1);
Insert into SYSTEM.DETALLEFACC (NUMDETALLEC,IDFACC,PRODUCTO,CANTIDAD,PRECIO,IDUSUARIOCREA,FECHACREACION,IDUSUARIOMODIF,FECHAMODIF,ESTADO) values (16,16,63,59,200,144,to_date('11-NOV-23','DD-MON-RR'),144,to_date('11-NOV-23','DD-MON-RR'),1);
Insert into SYSTEM.DETALLEFACC (NUMDETALLEC,IDFACC,PRODUCTO,CANTIDAD,PRECIO,IDUSUARIOCREA,FECHACREACION,IDUSUARIOMODIF,FECHAMODIF,ESTADO) values (17,17,64,68,220,145,to_date('11-NOV-23','DD-MON-RR'),145,to_date('11-NOV-23','DD-MON-RR'),1);
Insert into SYSTEM.DETALLEFACC (NUMDETALLEC,IDFACC,PRODUCTO,CANTIDAD,PRECIO,IDUSUARIOCREA,FECHACREACION,IDUSUARIOMODIF,FECHAMODIF,ESTADO) values (18,18,65,36,180,146,to_date('11-NOV-23','DD-MON-RR'),146,to_date('11-NOV-23','DD-MON-RR'),1);
Insert into SYSTEM.DETALLEFACC (NUMDETALLEC,IDFACC,PRODUCTO,CANTIDAD,PRECIO,IDUSUARIOCREA,FECHACREACION,IDUSUARIOMODIF,FECHAMODIF,ESTADO) values (19,19,66,3,70,38,to_date('11-NOV-23','DD-MON-RR'),38,to_date('11-NOV-23','DD-MON-RR'),1);
Insert into SYSTEM.DETALLEFACC (NUMDETALLEC,IDFACC,PRODUCTO,CANTIDAD,PRECIO,IDUSUARIOCREA,FECHACREACION,IDUSUARIOMODIF,FECHAMODIF,ESTADO) values (20,20,67,65,60,142,to_date('11-NOV-23','DD-MON-RR'),142,to_date('11-NOV-23','DD-MON-RR'),1);
REM INSERTING into SYSTEM.ACCESO
SET DEFINE OFF;
Insert into SYSTEM.ACCESO (IDACCESO,IDUSUARIO,FECHA,TIPOACCESO,REGISTROINICIO,REGISTROFINAL,UBICACIONGE,IDUSUARIOCREA,FECHACREA,ESTADO) values (2,97,to_date('15-JAN-23','DD-MON-RR'),' ENTRADA    ',to_date('01-JAN-23','DD-MON-RR'),to_date('01-JAN-23','DD-MON-RR'),'GUATEMALA',5,to_date('05-JAN-23','DD-MON-RR'),1);
Insert into SYSTEM.ACCESO (IDACCESO,IDUSUARIO,FECHA,TIPOACCESO,REGISTROINICIO,REGISTROFINAL,UBICACIONGE,IDUSUARIOCREA,FECHACREA,ESTADO) values (3,143,to_date('22-JAN-23','DD-MON-RR'),' SALIDA     ',to_date('05-JAN-23','DD-MON-RR'),to_date('05-JAN-23','DD-MON-RR'),'GUATEMALA',5,to_date('12-JAN-23','DD-MON-RR'),1);
Insert into SYSTEM.ACCESO (IDACCESO,IDUSUARIO,FECHA,TIPOACCESO,REGISTROINICIO,REGISTROFINAL,UBICACIONGE,IDUSUARIOCREA,FECHACREA,ESTADO) values (4,57,to_date('05-FEB-23','DD-MON-RR'),' ENTRADA    ',to_date('10-FEB-23','DD-MON-RR'),to_date('10-FEB-23','DD-MON-RR'),'GUATEMALA',5,to_date('20-JAN-23','DD-MON-RR'),1);
Insert into SYSTEM.ACCESO (IDACCESO,IDUSUARIO,FECHA,TIPOACCESO,REGISTROINICIO,REGISTROFINAL,UBICACIONGE,IDUSUARIOCREA,FECHACREA,ESTADO) values (5,130,to_date('12-FEB-23','DD-MON-RR'),' SALIDA     ',to_date('15-FEB-23','DD-MON-RR'),to_date('15-FEB-23','DD-MON-RR'),'GUATEMALA',5,to_date('28-JAN-23','DD-MON-RR'),1);
Insert into SYSTEM.ACCESO (IDACCESO,IDUSUARIO,FECHA,TIPOACCESO,REGISTROINICIO,REGISTROFINAL,UBICACIONGE,IDUSUARIOCREA,FECHACREA,ESTADO) values (6,32,to_date('28-FEB-23','DD-MON-RR'),' ENTRADA    ',to_date('02-MAR-23','DD-MON-RR'),to_date('02-MAR-23','DD-MON-RR'),'GUATEMALA',5,to_date('02-FEB-23','DD-MON-RR'),1);
Insert into SYSTEM.ACCESO (IDACCESO,IDUSUARIO,FECHA,TIPOACCESO,REGISTROINICIO,REGISTROFINAL,UBICACIONGE,IDUSUARIOCREA,FECHACREA,ESTADO) values (7,141,to_date('08-MAR-23','DD-MON-RR'),' SALIDA     ',to_date('12-MAR-23','DD-MON-RR'),to_date('12-MAR-23','DD-MON-RR'),'GUATEMALA',5,to_date('10-FEB-23','DD-MON-RR'),1);
Insert into SYSTEM.ACCESO (IDACCESO,IDUSUARIO,FECHA,TIPOACCESO,REGISTROINICIO,REGISTROFINAL,UBICACIONGE,IDUSUARIOCREA,FECHACREA,ESTADO) values (8,61,to_date('15-MAR-23','DD-MON-RR'),' ENTRADA    ',to_date('20-MAR-23','DD-MON-RR'),to_date('20-MAR-23','DD-MON-RR'),'GUATEMALA',5,to_date('18-FEB-23','DD-MON-RR'),1);
Insert into SYSTEM.ACCESO (IDACCESO,IDUSUARIO,FECHA,TIPOACCESO,REGISTROINICIO,REGISTROFINAL,UBICACIONGE,IDUSUARIOCREA,FECHACREA,ESTADO) values (9,89,to_date('22-MAR-23','DD-MON-RR'),' SALIDA     ',to_date('25-MAR-23','DD-MON-RR'),to_date('25-MAR-23','DD-MON-RR'),'GUATEMALA',5,to_date('25-FEB-23','DD-MON-RR'),1);
Insert into SYSTEM.ACCESO (IDACCESO,IDUSUARIO,FECHA,TIPOACCESO,REGISTROINICIO,REGISTROFINAL,UBICACIONGE,IDUSUARIOCREA,FECHACREA,ESTADO) values (10,46,to_date('05-APR-23','DD-MON-RR'),' ENTRADA    ',to_date('10-APR-23','DD-MON-RR'),to_date('10-APR-23','DD-MON-RR'),'GUATEMALA',5,to_date('05-MAR-23','DD-MON-RR'),1);
Insert into SYSTEM.ACCESO (IDACCESO,IDUSUARIO,FECHA,TIPOACCESO,REGISTROINICIO,REGISTROFINAL,UBICACIONGE,IDUSUARIOCREA,FECHACREA,ESTADO) values (11,126,to_date('12-APR-23','DD-MON-RR'),' SALIDA     ',to_date('15-APR-23','DD-MON-RR'),to_date('15-APR-23','DD-MON-RR'),'GUATEMALA',5,to_date('12-MAR-23','DD-MON-RR'),1);
Insert into SYSTEM.ACCESO (IDACCESO,IDUSUARIO,FECHA,TIPOACCESO,REGISTROINICIO,REGISTROFINAL,UBICACIONGE,IDUSUARIOCREA,FECHACREA,ESTADO) values (12,59,to_date('28-APR-23','DD-MON-RR'),' ENTRADA    ',to_date('02-MAY-23','DD-MON-RR'),to_date('02-MAY-23','DD-MON-RR'),'GUATEMALA',5,to_date('20-MAR-23','DD-MON-RR'),1);
Insert into SYSTEM.ACCESO (IDACCESO,IDUSUARIO,FECHA,TIPOACCESO,REGISTROINICIO,REGISTROFINAL,UBICACIONGE,IDUSUARIOCREA,FECHACREA,ESTADO) values (13,98,to_date('05-MAY-23','DD-MON-RR'),' SALIDA     ',to_date('10-MAY-23','DD-MON-RR'),to_date('10-MAY-23','DD-MON-RR'),'GUATEMALA',5,to_date('28-MAR-23','DD-MON-RR'),1);
Insert into SYSTEM.ACCESO (IDACCESO,IDUSUARIO,FECHA,TIPOACCESO,REGISTROINICIO,REGISTROFINAL,UBICACIONGE,IDUSUARIOCREA,FECHACREA,ESTADO) values (14,34,to_date('18-MAY-23','DD-MON-RR'),' ENTRADA    ',to_date('22-MAY-23','DD-MON-RR'),to_date('22-MAY-23','DD-MON-RR'),'GUATEMALA',5,to_date('05-APR-23','DD-MON-RR'),1);
Insert into SYSTEM.ACCESO (IDACCESO,IDUSUARIO,FECHA,TIPOACCESO,REGISTROINICIO,REGISTROFINAL,UBICACIONGE,IDUSUARIOCREA,FECHACREA,ESTADO) values (15,160,to_date('25-MAY-23','DD-MON-RR'),' SALIDA     ',to_date('28-MAY-23','DD-MON-RR'),to_date('28-MAY-23','DD-MON-RR'),'GUATEMALA',5,to_date('12-APR-23','DD-MON-RR'),1);
Insert into SYSTEM.ACCESO (IDACCESO,IDUSUARIO,FECHA,TIPOACCESO,REGISTROINICIO,REGISTROFINAL,UBICACIONGE,IDUSUARIOCREA,FECHACREA,ESTADO) values (16,54,to_date('08-JUN-23','DD-MON-RR'),' ENTRADA    ',to_date('12-JUN-23','DD-MON-RR'),to_date('12-JUN-23','DD-MON-RR'),'GUATEMALA',5,to_date('20-APR-23','DD-MON-RR'),1);
REM INSERTING into SYSTEM.MONEDA
SET DEFINE OFF;
Insert into SYSTEM.MONEDA (IDMONEDA,NOMBRE,SIMBOLO,PAIS,VALORCAMBIO,IDUSUARIOCREA,FECHACREA,IDUSUARIOMODIF,FECHAMODIF,ESTADO,CODIGOISO) values (1,' QUETZAL GUATEMALTECO      ','Q',' GUATEMALA               ',1,5,to_date('11-NOV-23','DD-MON-RR'),5,to_date('11-NOV-23','DD-MON-RR'),1,'GTQ');
Insert into SYSTEM.MONEDA (IDMONEDA,NOMBRE,SIMBOLO,PAIS,VALORCAMBIO,IDUSUARIOCREA,FECHACREA,IDUSUARIOMODIF,FECHAMODIF,ESTADO,CODIGOISO) values (2,' DÓLAR ESTADOUNIDENSE      ','US$',' ESTADOS UNIDOS           ',7.74,5,to_date('11-NOV-23','DD-MON-RR'),5,to_date('11-NOV-23','DD-MON-RR'),1,'USD');
Insert into SYSTEM.MONEDA (IDMONEDA,NOMBRE,SIMBOLO,PAIS,VALORCAMBIO,IDUSUARIOCREA,FECHACREA,IDUSUARIOMODIF,FECHAMODIF,ESTADO,CODIGOISO) values (3,' EURO                      ','',' ZONA EURO               ',8.86,5,to_date('11-NOV-23','DD-MON-RR'),5,to_date('11-NOV-23','DD-MON-RR'),1,'EUR');
Insert into SYSTEM.MONEDA (IDMONEDA,NOMBRE,SIMBOLO,PAIS,VALORCAMBIO,IDUSUARIOCREA,FECHACREA,IDUSUARIOMODIF,FECHAMODIF,ESTADO,CODIGOISO) values (4,' LIBRA ESTERLINA           ','£',' REINO UNIDO             ',10.25,5,to_date('11-NOV-23','DD-MON-RR'),5,to_date('11-NOV-23','DD-MON-RR'),1,'GBQ');
Insert into SYSTEM.MONEDA (IDMONEDA,NOMBRE,SIMBOLO,PAIS,VALORCAMBIO,IDUSUARIOCREA,FECHACREA,IDUSUARIOMODIF,FECHAMODIF,ESTADO,CODIGOISO) values (5,' YEN JAPONÉS               ','¥',' JAPÓN                   ',0.07,5,to_date('11-NOV-23','DD-MON-RR'),5,to_date('11-NOV-23','DD-MON-RR'),1,'JPY');
Insert into SYSTEM.MONEDA (IDMONEDA,NOMBRE,SIMBOLO,PAIS,VALORCAMBIO,IDUSUARIOCREA,FECHACREA,IDUSUARIOMODIF,FECHAMODIF,ESTADO,CODIGOISO) values (6,' FRANCO SUIZO              ','CHF',' SUIZA                   ',8.44,5,to_date('11-NOV-23','DD-MON-RR'),5,to_date('11-NOV-23','DD-MON-RR'),1,'CHF');
Insert into SYSTEM.MONEDA (IDMONEDA,NOMBRE,SIMBOLO,PAIS,VALORCAMBIO,IDUSUARIOCREA,FECHACREA,IDUSUARIOMODIF,FECHAMODIF,ESTADO,CODIGOISO) values (7,' DÓLAR CANADIENSE          ','C$',' CANADÁ                  ',6.18,5,to_date('11-NOV-23','DD-MON-RR'),5,to_date('11-NOV-23','DD-MON-RR'),1,'CAD');
Insert into SYSTEM.MONEDA (IDMONEDA,NOMBRE,SIMBOLO,PAIS,VALORCAMBIO,IDUSUARIOCREA,FECHACREA,IDUSUARIOMODIF,FECHAMODIF,ESTADO,CODIGOISO) values (8,' DÓLAR AUSTRALIANO         ','A$',' AUSTRALIA               ',5.51,5,to_date('11-NOV-23','DD-MON-RR'),5,to_date('11-NOV-23','DD-MON-RR'),1,'AUD');
Insert into SYSTEM.MONEDA (IDMONEDA,NOMBRE,SIMBOLO,PAIS,VALORCAMBIO,IDUSUARIOCREA,FECHACREA,IDUSUARIOMODIF,FECHAMODIF,ESTADO,CODIGOISO) values (9,' PESO MEXICANO             ','$',' MÉXICO                  ',0.38,5,to_date('11-NOV-23','DD-MON-RR'),5,to_date('11-NOV-23','DD-MON-RR'),1,'MXN');
Insert into SYSTEM.MONEDA (IDMONEDA,NOMBRE,SIMBOLO,PAIS,VALORCAMBIO,IDUSUARIOCREA,FECHACREA,IDUSUARIOMODIF,FECHAMODIF,ESTADO,CODIGOISO) values (10,' YUAN CHINO                ','?',' CHINA                   ',1.2,5,to_date('11-NOV-23','DD-MON-RR'),5,to_date('11-NOV-23','DD-MON-RR'),1,'CNY');
Insert into SYSTEM.MONEDA (IDMONEDA,NOMBRE,SIMBOLO,PAIS,VALORCAMBIO,IDUSUARIOCREA,FECHACREA,IDUSUARIOMODIF,FECHAMODIF,ESTADO,CODIGOISO) values (11,' REAL BRASILEÑO            ','R$',' BRASIL                  ',1.45,5,to_date('11-NOV-23','DD-MON-RR'),5,to_date('11-NOV-23','DD-MON-RR'),1,'BRL');
Insert into SYSTEM.MONEDA (IDMONEDA,NOMBRE,SIMBOLO,PAIS,VALORCAMBIO,IDUSUARIOCREA,FECHACREA,IDUSUARIOMODIF,FECHAMODIF,ESTADO,CODIGOISO) values (12,' PESO COLOMBIANO           ','$',' COLOMBIA                ',0,5,to_date('11-NOV-23','DD-MON-RR'),5,to_date('11-NOV-23','DD-MON-RR'),1,'COL');
Insert into SYSTEM.MONEDA (IDMONEDA,NOMBRE,SIMBOLO,PAIS,VALORCAMBIO,IDUSUARIOCREA,FECHACREA,IDUSUARIOMODIF,FECHAMODIF,ESTADO,CODIGOISO) values (13,' DÓLAR NEOZELANDÉS         ','NZ$',' NUEVA ZELANDA           ',5.19,5,to_date('11-NOV-23','DD-MON-RR'),5,to_date('11-NOV-23','DD-MON-RR'),1,'NZD');
Insert into SYSTEM.MONEDA (IDMONEDA,NOMBRE,SIMBOLO,PAIS,VALORCAMBIO,IDUSUARIOCREA,FECHACREA,IDUSUARIOMODIF,FECHAMODIF,ESTADO,CODIGOISO) values (14,' RINGGIT MALAYO            ','RM',' MALASIA                 ',1.85,5,to_date('11-NOV-23','DD-MON-RR'),5,to_date('11-NOV-23','DD-MON-RR'),1,'MYR');
Insert into SYSTEM.MONEDA (IDMONEDA,NOMBRE,SIMBOLO,PAIS,VALORCAMBIO,IDUSUARIOCREA,FECHACREA,IDUSUARIOMODIF,FECHAMODIF,ESTADO,CODIGOISO) values (15,' DÓLAR SINGAPURENSE        ','S$',' SINGAPUR                ',5.67,5,to_date('11-NOV-23','DD-MON-RR'),5,to_date('11-NOV-23','DD-MON-RR'),1,'SGD');
REM INSERTING into SYSTEM.CATCOLA
SET DEFINE OFF;
Insert into SYSTEM.CATCOLA (IDCAT,NOMBRECAT,IDUSUARIOCRE,FECHACREACION,IDUSUARIOMOD,FECHAMODIF,ESTADO) values (59,'REPRESENTANTE LEGAL',5,to_date('09-NOV-23','DD-MON-RR'),5,to_date('09-NOV-23','DD-MON-RR'),1);
Insert into SYSTEM.CATCOLA (IDCAT,NOMBRECAT,IDUSUARIOCRE,FECHACREACION,IDUSUARIOMOD,FECHAMODIF,ESTADO) values (60,'GERENTE',5,to_date('09-NOV-23','DD-MON-RR'),5,to_date('09-NOV-23','DD-MON-RR'),1);
Insert into SYSTEM.CATCOLA (IDCAT,NOMBRECAT,IDUSUARIOCRE,FECHACREACION,IDUSUARIOMOD,FECHAMODIF,ESTADO) values (61,'JEFE',5,to_date('09-NOV-23','DD-MON-RR'),5,to_date('09-NOV-23','DD-MON-RR'),1);
Insert into SYSTEM.CATCOLA (IDCAT,NOMBRECAT,IDUSUARIOCRE,FECHACREACION,IDUSUARIOMOD,FECHAMODIF,ESTADO) values (62,'SECRETARIA',5,to_date('09-NOV-23','DD-MON-RR'),5,to_date('09-NOV-23','DD-MON-RR'),1);
Insert into SYSTEM.CATCOLA (IDCAT,NOMBRECAT,IDUSUARIOCRE,FECHACREACION,IDUSUARIOMOD,FECHAMODIF,ESTADO) values (63,'ASISTENTE',5,to_date('09-NOV-23','DD-MON-RR'),5,to_date('09-NOV-23','DD-MON-RR'),1);
Insert into SYSTEM.CATCOLA (IDCAT,NOMBRECAT,IDUSUARIOCRE,FECHACREACION,IDUSUARIOMOD,FECHAMODIF,ESTADO) values (64,'BODEGUERO',5,to_date('09-NOV-23','DD-MON-RR'),5,to_date('09-NOV-23','DD-MON-RR'),1);
Insert into SYSTEM.CATCOLA (IDCAT,NOMBRECAT,IDUSUARIOCRE,FECHACREACION,IDUSUARIOMOD,FECHAMODIF,ESTADO) values (65,'SUPERVISOR (A)',5,to_date('09-NOV-23','DD-MON-RR'),5,to_date('09-NOV-23','DD-MON-RR'),1);
Insert into SYSTEM.CATCOLA (IDCAT,NOMBRECAT,IDUSUARIOCRE,FECHACREACION,IDUSUARIOMOD,FECHAMODIF,ESTADO) values (66,'LIMPIEZA',5,to_date('09-NOV-23','DD-MON-RR'),5,to_date('09-NOV-23','DD-MON-RR'),1);
Insert into SYSTEM.CATCOLA (IDCAT,NOMBRECAT,IDUSUARIOCRE,FECHACREACION,IDUSUARIOMOD,FECHAMODIF,ESTADO) values (67,'MANTENIMIENTO',5,to_date('09-NOV-23','DD-MON-RR'),5,to_date('09-NOV-23','DD-MON-RR'),1);
Insert into SYSTEM.CATCOLA (IDCAT,NOMBRECAT,IDUSUARIOCRE,FECHACREACION,IDUSUARIOMOD,FECHAMODIF,ESTADO) values (68,'TECNICO EN REPARACION',5,to_date('09-NOV-23','DD-MON-RR'),5,to_date('09-NOV-23','DD-MON-RR'),1);
Insert into SYSTEM.CATCOLA (IDCAT,NOMBRECAT,IDUSUARIOCRE,FECHACREACION,IDUSUARIOMOD,FECHAMODIF,ESTADO) values (69,'ESPECIALISTA DE PRODUCTO',5,to_date('09-NOV-23','DD-MON-RR'),5,to_date('09-NOV-23','DD-MON-RR'),1);
Insert into SYSTEM.CATCOLA (IDCAT,NOMBRECAT,IDUSUARIOCRE,FECHACREACION,IDUSUARIOMOD,FECHAMODIF,ESTADO) values (70,'MARKETING',5,to_date('09-NOV-23','DD-MON-RR'),5,to_date('09-NOV-23','DD-MON-RR'),1);
Insert into SYSTEM.CATCOLA (IDCAT,NOMBRECAT,IDUSUARIOCRE,FECHACREACION,IDUSUARIOMOD,FECHAMODIF,ESTADO) values (71,'CONTADOR',5,to_date('09-NOV-23','DD-MON-RR'),5,to_date('09-NOV-23','DD-MON-RR'),1);
Insert into SYSTEM.CATCOLA (IDCAT,NOMBRECAT,IDUSUARIOCRE,FECHACREACION,IDUSUARIOMOD,FECHAMODIF,ESTADO) values (72,'AUXILIAR DE CONTABILIDAD',5,to_date('09-NOV-23','DD-MON-RR'),5,to_date('09-NOV-23','DD-MON-RR'),1);
Insert into SYSTEM.CATCOLA (IDCAT,NOMBRECAT,IDUSUARIOCRE,FECHACREACION,IDUSUARIOMOD,FECHAMODIF,ESTADO) values (73,'ESPECIALISTA EN COMPRAS',5,to_date('09-NOV-23','DD-MON-RR'),5,to_date('09-NOV-23','DD-MON-RR'),1);
Insert into SYSTEM.CATCOLA (IDCAT,NOMBRECAT,IDUSUARIOCRE,FECHACREACION,IDUSUARIOMOD,FECHAMODIF,ESTADO) values (74,'MENSAJERO',5,to_date('09-NOV-23','DD-MON-RR'),5,to_date('09-NOV-23','DD-MON-RR'),1);
Insert into SYSTEM.CATCOLA (IDCAT,NOMBRECAT,IDUSUARIOCRE,FECHACREACION,IDUSUARIOMOD,FECHAMODIF,ESTADO) values (75,'PILOTO',5,to_date('09-NOV-23','DD-MON-RR'),5,to_date('09-NOV-23','DD-MON-RR'),1);
Insert into SYSTEM.CATCOLA (IDCAT,NOMBRECAT,IDUSUARIOCRE,FECHACREACION,IDUSUARIOMOD,FECHAMODIF,ESTADO) values (76,'SERVICIO AL CLIENTE',5,to_date('09-NOV-23','DD-MON-RR'),5,to_date('09-NOV-23','DD-MON-RR'),1);
Insert into SYSTEM.CATCOLA (IDCAT,NOMBRECAT,IDUSUARIOCRE,FECHACREACION,IDUSUARIOMOD,FECHAMODIF,ESTADO) values (77,'SOPORTE TECNICO',5,to_date('09-NOV-23','DD-MON-RR'),5,to_date('09-NOV-23','DD-MON-RR'),1);
Insert into SYSTEM.CATCOLA (IDCAT,NOMBRECAT,IDUSUARIOCRE,FECHACREACION,IDUSUARIOMOD,FECHAMODIF,ESTADO) values (79,'VENDEDOR',5,to_date('09-NOV-23','DD-MON-RR'),5,to_date('09-NOV-23','DD-MON-RR'),1);
REM INSERTING into SYSTEM.INVENTARIO
SET DEFINE OFF;
Insert into SYSTEM.INVENTARIO (IDPRODUCTO,NOMBRE,IDPROVEEDOR,PUNITARIO,FADQUISICION,LOTE,STOCK,UBICACION,FECHACREACION,IDUSUARIOCREA,IDUSUARIOACTUA,FECHAACTUA,ESTADO) values (6,' TECLADO INALAMBRICO           ',2,30,to_date('05-JAN-23','DD-MON-RR'),' A123456  ',50,3,to_date('11-NOV-23','DD-MON-RR'),102,102,to_date('11-NOV-23','DD-MON-RR'),1);
Insert into SYSTEM.INVENTARIO (IDPRODUCTO,NOMBRE,IDPROVEEDOR,PUNITARIO,FADQUISICION,LOTE,STOCK,UBICACION,FECHACREACION,IDUSUARIOCREA,IDUSUARIOACTUA,FECHAACTUA,ESTADO) values (7,' MOUSE GAMER                  ',2,25,to_date('12-JAN-23','DD-MON-RR'),' B987654  ',75,4,to_date('11-NOV-23','DD-MON-RR'),103,103,to_date('11-NOV-23','DD-MON-RR'),1);
Insert into SYSTEM.INVENTARIO (IDPRODUCTO,NOMBRE,IDPROVEEDOR,PUNITARIO,FADQUISICION,LOTE,STOCK,UBICACION,FECHACREACION,IDUSUARIOCREA,IDUSUARIOACTUA,FECHAACTUA,ESTADO) values (8,' MONITOR 24"                  ',3,200,to_date('20-JAN-23','DD-MON-RR'),' C456789  ',30,5,to_date('11-NOV-23','DD-MON-RR'),104,104,to_date('11-NOV-23','DD-MON-RR'),1);
Insert into SYSTEM.INVENTARIO (IDPRODUCTO,NOMBRE,IDPROVEEDOR,PUNITARIO,FADQUISICION,LOTE,STOCK,UBICACION,FECHACREACION,IDUSUARIOCREA,IDUSUARIOACTUA,FECHAACTUA,ESTADO) values (9,' LAPTOP HP                    ',4,800,to_date('28-JAN-23','DD-MON-RR'),' D987123  ',20,3,to_date('11-NOV-23','DD-MON-RR'),105,105,to_date('11-NOV-23','DD-MON-RR'),1);
Insert into SYSTEM.INVENTARIO (IDPRODUCTO,NOMBRE,IDPROVEEDOR,PUNITARIO,FADQUISICION,LOTE,STOCK,UBICACION,FECHACREACION,IDUSUARIOCREA,IDUSUARIOACTUA,FECHAACTUA,ESTADO) values (10,' IMPRESORA LASER              ',5,150,to_date('02-FEB-23','DD-MON-RR'),' E456789  ',15,4,to_date('11-NOV-23','DD-MON-RR'),106,106,to_date('11-NOV-23','DD-MON-RR'),1);
Insert into SYSTEM.INVENTARIO (IDPRODUCTO,NOMBRE,IDPROVEEDOR,PUNITARIO,FADQUISICION,LOTE,STOCK,UBICACION,FECHACREACION,IDUSUARIOCREA,IDUSUARIOACTUA,FECHAACTUA,ESTADO) values (11,' ROUTER INALAMBRICO           ',6,50,to_date('10-FEB-23','DD-MON-RR'),' F987654  ',40,5,to_date('11-NOV-23','DD-MON-RR'),107,107,to_date('11-NOV-23','DD-MON-RR'),1);
Insert into SYSTEM.INVENTARIO (IDPRODUCTO,NOMBRE,IDPROVEEDOR,PUNITARIO,FADQUISICION,LOTE,STOCK,UBICACION,FECHACREACION,IDUSUARIOCREA,IDUSUARIOACTUA,FECHAACTUA,ESTADO) values (12,' MEMORIA USB 64GB             ',7,20,to_date('18-FEB-23','DD-MON-RR'),' G456789  ',100,3,to_date('11-NOV-23','DD-MON-RR'),108,108,to_date('11-NOV-23','DD-MON-RR'),1);
Insert into SYSTEM.INVENTARIO (IDPRODUCTO,NOMBRE,IDPROVEEDOR,PUNITARIO,FADQUISICION,LOTE,STOCK,UBICACION,FECHACREACION,IDUSUARIOCREA,IDUSUARIOACTUA,FECHAACTUA,ESTADO) values (13,' DISCO DURO EXTERNO 1TB      ',8,100,to_date('25-FEB-23','DD-MON-RR'),' H987654  ',25,4,to_date('11-NOV-23','DD-MON-RR'),109,109,to_date('11-NOV-23','DD-MON-RR'),1);
Insert into SYSTEM.INVENTARIO (IDPRODUCTO,NOMBRE,IDPROVEEDOR,PUNITARIO,FADQUISICION,LOTE,STOCK,UBICACION,FECHACREACION,IDUSUARIOCREA,IDUSUARIOACTUA,FECHAACTUA,ESTADO) values (14,' TARJETA DE VIDEO GTX 3070   ',9,600,to_date('05-MAR-23','DD-MON-RR'),' I456789  ',10,5,to_date('11-NOV-23','DD-MON-RR'),110,110,to_date('11-NOV-23','DD-MON-RR'),1);
Insert into SYSTEM.INVENTARIO (IDPRODUCTO,NOMBRE,IDPROVEEDOR,PUNITARIO,FADQUISICION,LOTE,STOCK,UBICACION,FECHACREACION,IDUSUARIOCREA,IDUSUARIOACTUA,FECHAACTUA,ESTADO) values (15,' AURICULARES INALAMBRICOS     ',10,80,to_date('12-MAR-23','DD-MON-RR'),' J987654  ',50,3,to_date('11-NOV-23','DD-MON-RR'),111,111,to_date('11-NOV-23','DD-MON-RR'),1);
Insert into SYSTEM.INVENTARIO (IDPRODUCTO,NOMBRE,IDPROVEEDOR,PUNITARIO,FADQUISICION,LOTE,STOCK,UBICACION,FECHACREACION,IDUSUARIOCREA,IDUSUARIOACTUA,FECHAACTUA,ESTADO) values (16,' TECLADO MECANICO             ',11,120,to_date('20-MAR-23','DD-MON-RR'),' K456789  ',15,4,to_date('11-NOV-23','DD-MON-RR'),112,112,to_date('11-NOV-23','DD-MON-RR'),1);
Insert into SYSTEM.INVENTARIO (IDPRODUCTO,NOMBRE,IDPROVEEDOR,PUNITARIO,FADQUISICION,LOTE,STOCK,UBICACION,FECHACREACION,IDUSUARIOCREA,IDUSUARIOACTUA,FECHAACTUA,ESTADO) values (17,' CAMARA WEB FULL HD           ',12,40,to_date('28-MAR-23','DD-MON-RR'),' L987654  ',30,5,to_date('11-NOV-23','DD-MON-RR'),102,102,to_date('11-NOV-23','DD-MON-RR'),1);
Insert into SYSTEM.INVENTARIO (IDPRODUCTO,NOMBRE,IDPROVEEDOR,PUNITARIO,FADQUISICION,LOTE,STOCK,UBICACION,FECHACREACION,IDUSUARIOCREA,IDUSUARIOACTUA,FECHAACTUA,ESTADO) values (18,' LAPTOP DELL                  ',13,900,to_date('05-APR-23','DD-MON-RR'),' M456789  ',10,5,to_date('11-NOV-23','DD-MON-RR'),103,103,to_date('11-NOV-23','DD-MON-RR'),1);
Insert into SYSTEM.INVENTARIO (IDPRODUCTO,NOMBRE,IDPROVEEDOR,PUNITARIO,FADQUISICION,LOTE,STOCK,UBICACION,FECHACREACION,IDUSUARIOCREA,IDUSUARIOACTUA,FECHAACTUA,ESTADO) values (19,' MOUSE INALAMBRICO            ',14,30,to_date('12-APR-23','DD-MON-RR'),' N987654  ',60,3,to_date('11-NOV-23','DD-MON-RR'),104,104,to_date('11-NOV-23','DD-MON-RR'),1);
Insert into SYSTEM.INVENTARIO (IDPRODUCTO,NOMBRE,IDPROVEEDOR,PUNITARIO,FADQUISICION,LOTE,STOCK,UBICACION,FECHACREACION,IDUSUARIOCREA,IDUSUARIOACTUA,FECHAACTUA,ESTADO) values (20,' TABLET SAMSUNG               ',15,150,to_date('20-APR-23','DD-MON-RR'),' O456789  ',25,4,to_date('11-NOV-23','DD-MON-RR'),105,105,to_date('11-NOV-23','DD-MON-RR'),1);
Insert into SYSTEM.INVENTARIO (IDPRODUCTO,NOMBRE,IDPROVEEDOR,PUNITARIO,FADQUISICION,LOTE,STOCK,UBICACION,FECHACREACION,IDUSUARIOCREA,IDUSUARIOACTUA,FECHAACTUA,ESTADO) values (21,' ROUTER 5G                    ',16,80,to_date('28-APR-23','DD-MON-RR'),' P987654  ',20,5,to_date('11-NOV-23','DD-MON-RR'),106,106,to_date('11-NOV-23','DD-MON-RR'),1);
Insert into SYSTEM.INVENTARIO (IDPRODUCTO,NOMBRE,IDPROVEEDOR,PUNITARIO,FADQUISICION,LOTE,STOCK,UBICACION,FECHACREACION,IDUSUARIOCREA,IDUSUARIOACTUA,FECHAACTUA,ESTADO) values (22,' IMPRESORA MULTIFUNCIONAL     ',2,200,to_date('05-MAY-23','DD-MON-RR'),' D987123  ',12,3,to_date('11-NOV-23','DD-MON-RR'),107,107,to_date('11-NOV-23','DD-MON-RR'),1);
Insert into SYSTEM.INVENTARIO (IDPRODUCTO,NOMBRE,IDPROVEEDOR,PUNITARIO,FADQUISICION,LOTE,STOCK,UBICACION,FECHACREACION,IDUSUARIOCREA,IDUSUARIOACTUA,FECHAACTUA,ESTADO) values (23,' DISCO DURO EXTERNO 2TB      ',2,120,to_date('12-MAY-23','DD-MON-RR'),' R987654  ',18,4,to_date('11-NOV-23','DD-MON-RR'),108,108,to_date('11-NOV-23','DD-MON-RR'),1);
Insert into SYSTEM.INVENTARIO (IDPRODUCTO,NOMBRE,IDPROVEEDOR,PUNITARIO,FADQUISICION,LOTE,STOCK,UBICACION,FECHACREACION,IDUSUARIOCREA,IDUSUARIOACTUA,FECHAACTUA,ESTADO) values (24,' TARJETA DE VIDEO RTX 3080    ',3,800,to_date('20-MAY-23','DD-MON-RR'),' S456789  ',8,5,to_date('11-NOV-23','DD-MON-RR'),109,109,to_date('11-NOV-23','DD-MON-RR'),1);
Insert into SYSTEM.INVENTARIO (IDPRODUCTO,NOMBRE,IDPROVEEDOR,PUNITARIO,FADQUISICION,LOTE,STOCK,UBICACION,FECHACREACION,IDUSUARIOCREA,IDUSUARIOACTUA,FECHAACTUA,ESTADO) values (25,' AURICULARES CON MICRÓFONO    ',4,25,to_date('28-MAY-23','DD-MON-RR'),' T987654  ',40,3,to_date('11-NOV-23','DD-MON-RR'),110,110,to_date('11-NOV-23','DD-MON-RR'),1);
Insert into SYSTEM.INVENTARIO (IDPRODUCTO,NOMBRE,IDPROVEEDOR,PUNITARIO,FADQUISICION,LOTE,STOCK,UBICACION,FECHACREACION,IDUSUARIOCREA,IDUSUARIOACTUA,FECHAACTUA,ESTADO) values (26,' MONITOR 27"                  ',5,300,to_date('05-JUN-23','DD-MON-RR'),' U456789  ',22,4,to_date('11-NOV-23','DD-MON-RR'),111,111,to_date('11-NOV-23','DD-MON-RR'),1);
Insert into SYSTEM.INVENTARIO (IDPRODUCTO,NOMBRE,IDPROVEEDOR,PUNITARIO,FADQUISICION,LOTE,STOCK,UBICACION,FECHACREACION,IDUSUARIOCREA,IDUSUARIOACTUA,FECHAACTUA,ESTADO) values (27,' TECLADO RGB                  ',6,70,to_date('12-JUN-23','DD-MON-RR'),' V987654  ',28,5,to_date('11-NOV-23','DD-MON-RR'),112,112,to_date('11-NOV-23','DD-MON-RR'),1);
Insert into SYSTEM.INVENTARIO (IDPRODUCTO,NOMBRE,IDPROVEEDOR,PUNITARIO,FADQUISICION,LOTE,STOCK,UBICACION,FECHACREACION,IDUSUARIOCREA,IDUSUARIOACTUA,FECHAACTUA,ESTADO) values (28,' CAMARA DE SEGURIDAD          ',7,50,to_date('20-JUN-23','DD-MON-RR'),' W456789  ',35,5,to_date('11-NOV-23','DD-MON-RR'),102,102,to_date('11-NOV-23','DD-MON-RR'),1);
Insert into SYSTEM.INVENTARIO (IDPRODUCTO,NOMBRE,IDPROVEEDOR,PUNITARIO,FADQUISICION,LOTE,STOCK,UBICACION,FECHACREACION,IDUSUARIOCREA,IDUSUARIOACTUA,FECHAACTUA,ESTADO) values (29,' LAPTOP ASUS                  ',8,950,to_date('28-JUN-23','DD-MON-RR'),' X987654  ',15,3,to_date('11-NOV-23','DD-MON-RR'),103,103,to_date('11-NOV-23','DD-MON-RR'),1);
Insert into SYSTEM.INVENTARIO (IDPRODUCTO,NOMBRE,IDPROVEEDOR,PUNITARIO,FADQUISICION,LOTE,STOCK,UBICACION,FECHACREACION,IDUSUARIOCREA,IDUSUARIOACTUA,FECHAACTUA,ESTADO) values (30,' MOUSE ERGONÓMICO             ',9,35,to_date('05-JUL-23','DD-MON-RR'),' Y456789  ',55,4,to_date('11-NOV-23','DD-MON-RR'),104,104,to_date('11-NOV-23','DD-MON-RR'),1);
Insert into SYSTEM.INVENTARIO (IDPRODUCTO,NOMBRE,IDPROVEEDOR,PUNITARIO,FADQUISICION,LOTE,STOCK,UBICACION,FECHACREACION,IDUSUARIOCREA,IDUSUARIOACTUA,FECHAACTUA,ESTADO) values (31,' TABLET LENOVO                ',10,180,to_date('12-JUL-23','DD-MON-RR'),' Z987654  ',17,5,to_date('11-NOV-23','DD-MON-RR'),105,105,to_date('11-NOV-23','DD-MON-RR'),1);
Insert into SYSTEM.INVENTARIO (IDPRODUCTO,NOMBRE,IDPROVEEDOR,PUNITARIO,FADQUISICION,LOTE,STOCK,UBICACION,FECHACREACION,IDUSUARIOCREA,IDUSUARIOACTUA,FECHAACTUA,ESTADO) values (32,' ROUTER MESH                  ',11,120,to_date('20-JUL-23','DD-MON-RR'),' AA456789 ',25,3,to_date('11-NOV-23','DD-MON-RR'),106,106,to_date('11-NOV-23','DD-MON-RR'),1);
Insert into SYSTEM.INVENTARIO (IDPRODUCTO,NOMBRE,IDPROVEEDOR,PUNITARIO,FADQUISICION,LOTE,STOCK,UBICACION,FECHACREACION,IDUSUARIOCREA,IDUSUARIOACTUA,FECHAACTUA,ESTADO) values (33,' IMPRESORA 3D                 ',12,300,to_date('12-JUL-23','DD-MON-RR'),' BB987654 ',10,4,to_date('11-NOV-23','DD-MON-RR'),107,107,to_date('11-NOV-23','DD-MON-RR'),1);
Insert into SYSTEM.INVENTARIO (IDPRODUCTO,NOMBRE,IDPROVEEDOR,PUNITARIO,FADQUISICION,LOTE,STOCK,UBICACION,FECHACREACION,IDUSUARIOCREA,IDUSUARIOACTUA,FECHAACTUA,ESTADO) values (34,' SSD 500GB                    ',13,90,to_date('12-JUL-23','DD-MON-RR'),' CC456789 ',30,5,to_date('11-NOV-23','DD-MON-RR'),108,108,to_date('11-NOV-23','DD-MON-RR'),1);
Insert into SYSTEM.INVENTARIO (IDPRODUCTO,NOMBRE,IDPROVEEDOR,PUNITARIO,FADQUISICION,LOTE,STOCK,UBICACION,FECHACREACION,IDUSUARIOCREA,IDUSUARIOACTUA,FECHAACTUA,ESTADO) values (35,' AUDÍFONOS BLUETOOTH          ',14,40,to_date('12-JUL-23','DD-MON-RR'),' DD987654 ',20,5,to_date('11-NOV-23','DD-MON-RR'),109,109,to_date('11-NOV-23','DD-MON-RR'),1);
Insert into SYSTEM.INVENTARIO (IDPRODUCTO,NOMBRE,IDPROVEEDOR,PUNITARIO,FADQUISICION,LOTE,STOCK,UBICACION,FECHACREACION,IDUSUARIOCREA,IDUSUARIOACTUA,FECHAACTUA,ESTADO) values (36,' MONITOR CURVO 32"            ',15,400,to_date('12-JUL-23','DD-MON-RR'),' EE456789 ',8,3,to_date('11-NOV-23','DD-MON-RR'),110,110,to_date('11-NOV-23','DD-MON-RR'),1);
Insert into SYSTEM.INVENTARIO (IDPRODUCTO,NOMBRE,IDPROVEEDOR,PUNITARIO,FADQUISICION,LOTE,STOCK,UBICACION,FECHACREACION,IDUSUARIOCREA,IDUSUARIOACTUA,FECHAACTUA,ESTADO) values (37,' LAPTOP ASUS               ',3,1200,to_date('05-JAN-23','DD-MON-RR'),' L1234  ',50,3,to_date('11-NOV-23','DD-MON-RR'),102,104,to_date('11-NOV-23','DD-MON-RR'),1);
Insert into SYSTEM.INVENTARIO (IDPRODUCTO,NOMBRE,IDPROVEEDOR,PUNITARIO,FADQUISICION,LOTE,STOCK,UBICACION,FECHACREACION,IDUSUARIOCREA,IDUSUARIOACTUA,FECHAACTUA,ESTADO) values (38,' MOUSE LOGITECH            ',2,25,to_date('12-JAN-23','DD-MON-RR'),' M5678  ',100,4,to_date('11-NOV-23','DD-MON-RR'),103,105,to_date('11-NOV-23','DD-MON-RR'),1);
Insert into SYSTEM.INVENTARIO (IDPRODUCTO,NOMBRE,IDPROVEEDOR,PUNITARIO,FADQUISICION,LOTE,STOCK,UBICACION,FECHACREACION,IDUSUARIOCREA,IDUSUARIOACTUA,FECHAACTUA,ESTADO) values (39,' TECLADO HP                ',3,50,to_date('20-JAN-23','DD-MON-RR'),' T9101  ',75,5,to_date('11-NOV-23','DD-MON-RR'),104,106,to_date('11-NOV-23','DD-MON-RR'),1);
Insert into SYSTEM.INVENTARIO (IDPRODUCTO,NOMBRE,IDPROVEEDOR,PUNITARIO,FADQUISICION,LOTE,STOCK,UBICACION,FECHACREACION,IDUSUARIOCREA,IDUSUARIOACTUA,FECHAACTUA,ESTADO) values (40,' IMPRESORA EPSON           ',4,300,to_date('28-JAN-23','DD-MON-RR'),' I1122  ',30,3,to_date('11-NOV-23','DD-MON-RR'),105,107,to_date('11-NOV-23','DD-MON-RR'),1);
Insert into SYSTEM.INVENTARIO (IDPRODUCTO,NOMBRE,IDPROVEEDOR,PUNITARIO,FADQUISICION,LOTE,STOCK,UBICACION,FECHACREACION,IDUSUARIOCREA,IDUSUARIOACTUA,FECHAACTUA,ESTADO) values (41,' DISCO DURO EXTERNO WD    ',5,80,to_date('02-FEB-23','DD-MON-RR'),' D3344  ',40,4,to_date('11-NOV-23','DD-MON-RR'),106,108,to_date('11-NOV-23','DD-MON-RR'),1);
Insert into SYSTEM.INVENTARIO (IDPRODUCTO,NOMBRE,IDPROVEEDOR,PUNITARIO,FADQUISICION,LOTE,STOCK,UBICACION,FECHACREACION,IDUSUARIOCREA,IDUSUARIOACTUA,FECHAACTUA,ESTADO) values (42,' ROUTER CISCO              ',6,150,to_date('10-FEB-23','DD-MON-RR'),' R5566  ',20,5,to_date('11-NOV-23','DD-MON-RR'),107,109,to_date('11-NOV-23','DD-MON-RR'),1);
Insert into SYSTEM.INVENTARIO (IDPRODUCTO,NOMBRE,IDPROVEEDOR,PUNITARIO,FADQUISICION,LOTE,STOCK,UBICACION,FECHACREACION,IDUSUARIOCREA,IDUSUARIOACTUA,FECHAACTUA,ESTADO) values (43,' MONITOR DELL              ',7,200,to_date('18-FEB-23','DD-MON-RR'),' M7788  ',60,3,to_date('11-NOV-23','DD-MON-RR'),108,110,to_date('11-NOV-23','DD-MON-RR'),1);
Insert into SYSTEM.INVENTARIO (IDPRODUCTO,NOMBRE,IDPROVEEDOR,PUNITARIO,FADQUISICION,LOTE,STOCK,UBICACION,FECHACREACION,IDUSUARIOCREA,IDUSUARIOACTUA,FECHAACTUA,ESTADO) values (44,' MEMORIA RAM KINGSTON      ',8,60,to_date('25-FEB-23','DD-MON-RR'),' MR9900 ',50,4,to_date('11-NOV-23','DD-MON-RR'),109,111,to_date('11-NOV-23','DD-MON-RR'),1);
Insert into SYSTEM.INVENTARIO (IDPRODUCTO,NOMBRE,IDPROVEEDOR,PUNITARIO,FADQUISICION,LOTE,STOCK,UBICACION,FECHACREACION,IDUSUARIOCREA,IDUSUARIOACTUA,FECHAACTUA,ESTADO) values (45,' UPS APC                   ',9,100,to_date('05-MAR-23','DD-MON-RR'),' U1122  ',25,5,to_date('11-NOV-23','DD-MON-RR'),110,112,to_date('11-NOV-23','DD-MON-RR'),1);
Insert into SYSTEM.INVENTARIO (IDPRODUCTO,NOMBRE,IDPROVEEDOR,PUNITARIO,FADQUISICION,LOTE,STOCK,UBICACION,FECHACREACION,IDUSUARIOCREA,IDUSUARIOACTUA,FECHAACTUA,ESTADO) values (46,' TABLET SAMSUNG            ',10,180,to_date('12-MAR-23','DD-MON-RR'),' T3344  ',15,3,to_date('11-NOV-23','DD-MON-RR'),111,102,to_date('11-NOV-23','DD-MON-RR'),1);
Insert into SYSTEM.INVENTARIO (IDPRODUCTO,NOMBRE,IDPROVEEDOR,PUNITARIO,FADQUISICION,LOTE,STOCK,UBICACION,FECHACREACION,IDUSUARIOCREA,IDUSUARIOACTUA,FECHAACTUA,ESTADO) values (47,' IMPRESORA 3D              ',11,500,to_date('20-MAR-23','DD-MON-RR'),' I5566  ',5,4,to_date('11-NOV-23','DD-MON-RR'),112,103,to_date('11-NOV-23','DD-MON-RR'),1);
Insert into SYSTEM.INVENTARIO (IDPRODUCTO,NOMBRE,IDPROVEEDOR,PUNITARIO,FADQUISICION,LOTE,STOCK,UBICACION,FECHACREACION,IDUSUARIOCREA,IDUSUARIOACTUA,FECHAACTUA,ESTADO) values (48,' CAMARA LOGITECH           ',12,100,to_date('28-MAR-23','DD-MON-RR'),' C7788  ',30,5,to_date('11-NOV-23','DD-MON-RR'),102,104,to_date('11-NOV-23','DD-MON-RR'),1);
Insert into SYSTEM.INVENTARIO (IDPRODUCTO,NOMBRE,IDPROVEEDOR,PUNITARIO,FADQUISICION,LOTE,STOCK,UBICACION,FECHACREACION,IDUSUARIOCREA,IDUSUARIOACTUA,FECHAACTUA,ESTADO) values (49,' SSD SAMSUNG               ',13,120,to_date('05-APR-23','DD-MON-RR'),' S9900  ',20,5,to_date('11-NOV-23','DD-MON-RR'),103,105,to_date('11-NOV-23','DD-MON-RR'),1);
Insert into SYSTEM.INVENTARIO (IDPRODUCTO,NOMBRE,IDPROVEEDOR,PUNITARIO,FADQUISICION,LOTE,STOCK,UBICACION,FECHACREACION,IDUSUARIOCREA,IDUSUARIOACTUA,FECHAACTUA,ESTADO) values (50,' IMPRESORA MULTIFUNCIONAL  ',14,250,to_date('12-APR-23','DD-MON-RR'),' I1122  ',10,3,to_date('11-NOV-23','DD-MON-RR'),104,106,to_date('11-NOV-23','DD-MON-RR'),1);
Insert into SYSTEM.INVENTARIO (IDPRODUCTO,NOMBRE,IDPROVEEDOR,PUNITARIO,FADQUISICION,LOTE,STOCK,UBICACION,FECHACREACION,IDUSUARIOCREA,IDUSUARIOACTUA,FECHAACTUA,ESTADO) values (51,' MOUSE INALÁMBRICO HP      ',15,35,to_date('20-APR-23','DD-MON-RR'),' M3344  ',25,4,to_date('11-NOV-23','DD-MON-RR'),105,107,to_date('11-NOV-23','DD-MON-RR'),1);
Insert into SYSTEM.INVENTARIO (IDPRODUCTO,NOMBRE,IDPROVEEDOR,PUNITARIO,FADQUISICION,LOTE,STOCK,UBICACION,FECHACREACION,IDUSUARIOCREA,IDUSUARIOACTUA,FECHAACTUA,ESTADO) values (52,' TECLADO GAMING RAZER      ',16,80,to_date('28-APR-23','DD-MON-RR'),' T5566  ',15,5,to_date('11-NOV-23','DD-MON-RR'),106,108,to_date('11-NOV-23','DD-MON-RR'),1);
Insert into SYSTEM.INVENTARIO (IDPRODUCTO,NOMBRE,IDPROVEEDOR,PUNITARIO,FADQUISICION,LOTE,STOCK,UBICACION,FECHACREACION,IDUSUARIOCREA,IDUSUARIOACTUA,FECHAACTUA,ESTADO) values (53,' ROUTER TP-LINK            ',3,120,to_date('05-MAY-23','DD-MON-RR'),' R7788  ',40,3,to_date('11-NOV-23','DD-MON-RR'),107,109,to_date('11-NOV-23','DD-MON-RR'),1);
Insert into SYSTEM.INVENTARIO (IDPRODUCTO,NOMBRE,IDPROVEEDOR,PUNITARIO,FADQUISICION,LOTE,STOCK,UBICACION,FECHACREACION,IDUSUARIOCREA,IDUSUARIOACTUA,FECHAACTUA,ESTADO) values (54,' MONITOR LG                ',2,180,to_date('12-MAY-23','DD-MON-RR'),' M9900  ',55,4,to_date('11-NOV-23','DD-MON-RR'),108,110,to_date('11-NOV-23','DD-MON-RR'),1);
Insert into SYSTEM.INVENTARIO (IDPRODUCTO,NOMBRE,IDPROVEEDOR,PUNITARIO,FADQUISICION,LOTE,STOCK,UBICACION,FECHACREACION,IDUSUARIOCREA,IDUSUARIOACTUA,FECHAACTUA,ESTADO) values (55,' MEMORIA USB SANDISK       ',3,15,to_date('20-MAY-23','DD-MON-RR'),' MU1122 ',70,5,to_date('11-NOV-23','DD-MON-RR'),109,111,to_date('11-NOV-23','DD-MON-RR'),1);
Insert into SYSTEM.INVENTARIO (IDPRODUCTO,NOMBRE,IDPROVEEDOR,PUNITARIO,FADQUISICION,LOTE,STOCK,UBICACION,FECHACREACION,IDUSUARIOCREA,IDUSUARIOACTUA,FECHAACTUA,ESTADO) values (56,' LAPTOP LENOVO             ',4,800,to_date('28-MAY-23','DD-MON-RR'),' L3344  ',10,3,to_date('11-NOV-23','DD-MON-RR'),110,112,to_date('11-NOV-23','DD-MON-RR'),1);
Insert into SYSTEM.INVENTARIO (IDPRODUCTO,NOMBRE,IDPROVEEDOR,PUNITARIO,FADQUISICION,LOTE,STOCK,UBICACION,FECHACREACION,IDUSUARIOCREA,IDUSUARIOACTUA,FECHAACTUA,ESTADO) values (57,' IMPRESORA LASER HP        ',5,300,to_date('05-JUN-23','DD-MON-RR'),' I5566  ',35,4,to_date('11-NOV-23','DD-MON-RR'),111,102,to_date('11-NOV-23','DD-MON-RR'),1);
Insert into SYSTEM.INVENTARIO (IDPRODUCTO,NOMBRE,IDPROVEEDOR,PUNITARIO,FADQUISICION,LOTE,STOCK,UBICACION,FECHACREACION,IDUSUARIOCREA,IDUSUARIOACTUA,FECHAACTUA,ESTADO) values (58,' DISCO DURO INTERNO SEAGATE',6,60,to_date('12-JUN-23','DD-MON-RR'),' D7788  ',50,5,to_date('11-NOV-23','DD-MON-RR'),112,103,to_date('11-NOV-23','DD-MON-RR'),1);
Insert into SYSTEM.INVENTARIO (IDPRODUCTO,NOMBRE,IDPROVEEDOR,PUNITARIO,FADQUISICION,LOTE,STOCK,UBICACION,FECHACREACION,IDUSUARIOCREA,IDUSUARIOACTUA,FECHAACTUA,ESTADO) values (59,' WEBCAM LOGITECH           ',7,40,to_date('20-JUN-23','DD-MON-RR'),' W9900  ',25,5,to_date('11-NOV-23','DD-MON-RR'),102,104,to_date('11-NOV-23','DD-MON-RR'),1);
Insert into SYSTEM.INVENTARIO (IDPRODUCTO,NOMBRE,IDPROVEEDOR,PUNITARIO,FADQUISICION,LOTE,STOCK,UBICACION,FECHACREACION,IDUSUARIOCREA,IDUSUARIOACTUA,FECHAACTUA,ESTADO) values (60,' TABLETA GRÁFICA WACOM     ',8,150,to_date('28-JUN-23','DD-MON-RR'),' TG1122 ',15,3,to_date('11-NOV-23','DD-MON-RR'),103,105,to_date('11-NOV-23','DD-MON-RR'),1);
Insert into SYSTEM.INVENTARIO (IDPRODUCTO,NOMBRE,IDPROVEEDOR,PUNITARIO,FADQUISICION,LOTE,STOCK,UBICACION,FECHACREACION,IDUSUARIOCREA,IDUSUARIOACTUA,FECHAACTUA,ESTADO) values (61,' ROUTER ASUS               ',9,100,to_date('05-JUL-23','DD-MON-RR'),' R3344  ',30,4,to_date('11-NOV-23','DD-MON-RR'),104,106,to_date('11-NOV-23','DD-MON-RR'),1);
Insert into SYSTEM.INVENTARIO (IDPRODUCTO,NOMBRE,IDPROVEEDOR,PUNITARIO,FADQUISICION,LOTE,STOCK,UBICACION,FECHACREACION,IDUSUARIOCREA,IDUSUARIOACTUA,FECHAACTUA,ESTADO) values (62,' AURICULARES SONY          ',10,50,to_date('12-JUL-23','DD-MON-RR'),' A7788  ',40,5,to_date('11-NOV-23','DD-MON-RR'),105,107,to_date('11-NOV-23','DD-MON-RR'),1);
Insert into SYSTEM.INVENTARIO (IDPRODUCTO,NOMBRE,IDPROVEEDOR,PUNITARIO,FADQUISICION,LOTE,STOCK,UBICACION,FECHACREACION,IDUSUARIOCREA,IDUSUARIOACTUA,FECHAACTUA,ESTADO) values (63,' TARJETA GRÁFICA NVIDIA    ',11,200,to_date('20-JUL-23','DD-MON-RR'),' TG9900 ',5,3,to_date('11-NOV-23','DD-MON-RR'),106,108,to_date('11-NOV-23','DD-MON-RR'),1);
Insert into SYSTEM.INVENTARIO (IDPRODUCTO,NOMBRE,IDPROVEEDOR,PUNITARIO,FADQUISICION,LOTE,STOCK,UBICACION,FECHACREACION,IDUSUARIOCREA,IDUSUARIOACTUA,FECHAACTUA,ESTADO) values (64,' MONITOR ASUS              ',12,220,to_date('28-JUL-23','DD-MON-RR'),' M3344  ',20,4,to_date('11-NOV-23','DD-MON-RR'),107,109,to_date('11-NOV-23','DD-MON-RR'),1);
Insert into SYSTEM.INVENTARIO (IDPRODUCTO,NOMBRE,IDPROVEEDOR,PUNITARIO,FADQUISICION,LOTE,STOCK,UBICACION,FECHACREACION,IDUSUARIOCREA,IDUSUARIOACTUA,FECHAACTUA,ESTADO) values (65,' IMPRESORA SAMSUNG         ',13,180,to_date('05-AUG-23','DD-MON-RR'),' I5566  ',15,5,to_date('11-NOV-23','DD-MON-RR'),108,110,to_date('11-NOV-23','DD-MON-RR'),1);
Insert into SYSTEM.INVENTARIO (IDPRODUCTO,NOMBRE,IDPROVEEDOR,PUNITARIO,FADQUISICION,LOTE,STOCK,UBICACION,FECHACREACION,IDUSUARIOCREA,IDUSUARIOACTUA,FECHAACTUA,ESTADO) values (66,' MOUSE GAMING LOGITECH     ',14,70,to_date('12-AUG-23','DD-MON-RR'),' M7788  ',25,5,to_date('11-NOV-23','DD-MON-RR'),109,111,to_date('11-NOV-23','DD-MON-RR'),1);
Insert into SYSTEM.INVENTARIO (IDPRODUCTO,NOMBRE,IDPROVEEDOR,PUNITARIO,FADQUISICION,LOTE,STOCK,UBICACION,FECHACREACION,IDUSUARIOCREA,IDUSUARIOACTUA,FECHAACTUA,ESTADO) values (67,' TECLADO INALÁMBRICO DELL  ',15,60,to_date('20-AUG-23','DD-MON-RR'),' T9900  ',10,3,to_date('11-NOV-23','DD-MON-RR'),110,112,to_date('11-NOV-23','DD-MON-RR'),1);
REM INSERTING into SYSTEM.DETALLETRAS
SET DEFINE OFF;
Insert into SYSTEM.DETALLETRAS (NUMDETALLETRAS,IDTRASL,PRODUCTO,CANTIDAD,IDUSUARIOCREA,FECHACREACION,IDUSUARIOMODIF,FECHAMODIF,ESTADO) values (1,1,44,6,99,to_date('11-NOV-23','DD-MON-RR'),99,to_date('11-NOV-23','DD-MON-RR'),1);
Insert into SYSTEM.DETALLETRAS (NUMDETALLETRAS,IDTRASL,PRODUCTO,CANTIDAD,IDUSUARIOCREA,FECHACREACION,IDUSUARIOMODIF,FECHAMODIF,ESTADO) values (2,2,45,5,100,to_date('11-NOV-23','DD-MON-RR'),100,to_date('11-NOV-23','DD-MON-RR'),1);
Insert into SYSTEM.DETALLETRAS (NUMDETALLETRAS,IDTRASL,PRODUCTO,CANTIDAD,IDUSUARIOCREA,FECHACREACION,IDUSUARIOMODIF,FECHAMODIF,ESTADO) values (3,3,46,9,101,to_date('11-NOV-23','DD-MON-RR'),101,to_date('11-NOV-23','DD-MON-RR'),1);
Insert into SYSTEM.DETALLETRAS (NUMDETALLETRAS,IDTRASL,PRODUCTO,CANTIDAD,IDUSUARIOCREA,FECHACREACION,IDUSUARIOMODIF,FECHAMODIF,ESTADO) values (4,4,47,12,102,to_date('11-NOV-23','DD-MON-RR'),102,to_date('11-NOV-23','DD-MON-RR'),1);
Insert into SYSTEM.DETALLETRAS (NUMDETALLETRAS,IDTRASL,PRODUCTO,CANTIDAD,IDUSUARIOCREA,FECHACREACION,IDUSUARIOMODIF,FECHAMODIF,ESTADO) values (5,5,48,5,103,to_date('11-NOV-23','DD-MON-RR'),103,to_date('11-NOV-23','DD-MON-RR'),1);
Insert into SYSTEM.DETALLETRAS (NUMDETALLETRAS,IDTRASL,PRODUCTO,CANTIDAD,IDUSUARIOCREA,FECHACREACION,IDUSUARIOMODIF,FECHAMODIF,ESTADO) values (6,6,49,9,104,to_date('11-NOV-23','DD-MON-RR'),104,to_date('11-NOV-23','DD-MON-RR'),1);
Insert into SYSTEM.DETALLETRAS (NUMDETALLETRAS,IDTRASL,PRODUCTO,CANTIDAD,IDUSUARIOCREA,FECHACREACION,IDUSUARIOMODIF,FECHAMODIF,ESTADO) values (7,7,50,6,105,to_date('11-NOV-23','DD-MON-RR'),105,to_date('11-NOV-23','DD-MON-RR'),1);
Insert into SYSTEM.DETALLETRAS (NUMDETALLETRAS,IDTRASL,PRODUCTO,CANTIDAD,IDUSUARIOCREA,FECHACREACION,IDUSUARIOMODIF,FECHAMODIF,ESTADO) values (8,8,51,9,106,to_date('11-NOV-23','DD-MON-RR'),106,to_date('11-NOV-23','DD-MON-RR'),1);
Insert into SYSTEM.DETALLETRAS (NUMDETALLETRAS,IDTRASL,PRODUCTO,CANTIDAD,IDUSUARIOCREA,FECHACREACION,IDUSUARIOMODIF,FECHAMODIF,ESTADO) values (9,9,52,5,107,to_date('11-NOV-23','DD-MON-RR'),107,to_date('11-NOV-23','DD-MON-RR'),1);
Insert into SYSTEM.DETALLETRAS (NUMDETALLETRAS,IDTRASL,PRODUCTO,CANTIDAD,IDUSUARIOCREA,FECHACREACION,IDUSUARIOMODIF,FECHAMODIF,ESTADO) values (10,10,53,7,108,to_date('11-NOV-23','DD-MON-RR'),108,to_date('11-NOV-23','DD-MON-RR'),1);
Insert into SYSTEM.DETALLETRAS (NUMDETALLETRAS,IDTRASL,PRODUCTO,CANTIDAD,IDUSUARIOCREA,FECHACREACION,IDUSUARIOMODIF,FECHAMODIF,ESTADO) values (11,11,54,9,109,to_date('11-NOV-23','DD-MON-RR'),109,to_date('11-NOV-23','DD-MON-RR'),1);
Insert into SYSTEM.DETALLETRAS (NUMDETALLETRAS,IDTRASL,PRODUCTO,CANTIDAD,IDUSUARIOCREA,FECHACREACION,IDUSUARIOMODIF,FECHAMODIF,ESTADO) values (12,12,55,8,99,to_date('11-NOV-23','DD-MON-RR'),99,to_date('11-NOV-23','DD-MON-RR'),1);
Insert into SYSTEM.DETALLETRAS (NUMDETALLETRAS,IDTRASL,PRODUCTO,CANTIDAD,IDUSUARIOCREA,FECHACREACION,IDUSUARIOMODIF,FECHAMODIF,ESTADO) values (13,13,56,5,100,to_date('11-NOV-23','DD-MON-RR'),100,to_date('11-NOV-23','DD-MON-RR'),1);
Insert into SYSTEM.DETALLETRAS (NUMDETALLETRAS,IDTRASL,PRODUCTO,CANTIDAD,IDUSUARIOCREA,FECHACREACION,IDUSUARIOMODIF,FECHAMODIF,ESTADO) values (14,14,57,6,101,to_date('11-NOV-23','DD-MON-RR'),101,to_date('11-NOV-23','DD-MON-RR'),1);
Insert into SYSTEM.DETALLETRAS (NUMDETALLETRAS,IDTRASL,PRODUCTO,CANTIDAD,IDUSUARIOCREA,FECHACREACION,IDUSUARIOMODIF,FECHAMODIF,ESTADO) values (15,15,58,9,102,to_date('11-NOV-23','DD-MON-RR'),102,to_date('11-NOV-23','DD-MON-RR'),1);
Insert into SYSTEM.DETALLETRAS (NUMDETALLETRAS,IDTRASL,PRODUCTO,CANTIDAD,IDUSUARIOCREA,FECHACREACION,IDUSUARIOMODIF,FECHAMODIF,ESTADO) values (16,16,59,5,103,to_date('11-NOV-23','DD-MON-RR'),103,to_date('11-NOV-23','DD-MON-RR'),1);
Insert into SYSTEM.DETALLETRAS (NUMDETALLETRAS,IDTRASL,PRODUCTO,CANTIDAD,IDUSUARIOCREA,FECHACREACION,IDUSUARIOMODIF,FECHAMODIF,ESTADO) values (17,17,60,7,104,to_date('11-NOV-23','DD-MON-RR'),104,to_date('11-NOV-23','DD-MON-RR'),1);
Insert into SYSTEM.DETALLETRAS (NUMDETALLETRAS,IDTRASL,PRODUCTO,CANTIDAD,IDUSUARIOCREA,FECHACREACION,IDUSUARIOMODIF,FECHAMODIF,ESTADO) values (18,18,61,9,105,to_date('11-NOV-23','DD-MON-RR'),105,to_date('11-NOV-23','DD-MON-RR'),1);
Insert into SYSTEM.DETALLETRAS (NUMDETALLETRAS,IDTRASL,PRODUCTO,CANTIDAD,IDUSUARIOCREA,FECHACREACION,IDUSUARIOMODIF,FECHAMODIF,ESTADO) values (19,19,62,6,106,to_date('11-NOV-23','DD-MON-RR'),106,to_date('11-NOV-23','DD-MON-RR'),1);
Insert into SYSTEM.DETALLETRAS (NUMDETALLETRAS,IDTRASL,PRODUCTO,CANTIDAD,IDUSUARIOCREA,FECHACREACION,IDUSUARIOMODIF,FECHAMODIF,ESTADO) values (20,20,63,9,107,to_date('11-NOV-23','DD-MON-RR'),107,to_date('11-NOV-23','DD-MON-RR'),1);
REM INSERTING into SYSTEM.DETALLEOC
SET DEFINE OFF;
Insert into SYSTEM.DETALLEOC (NUMDETALLEOC,IDOC,PRODUCTO,CANTIDAD,PRECIO,IDUSUARIOCREA,FECHACREACION,IDUSUARIOMODIF,FECHAMODIF,ESTADO) values (1,1,26,5,300,41,to_date('11-NOV-23','DD-MON-RR'),41,to_date('11-NOV-23','DD-MON-RR'),1);
Insert into SYSTEM.DETALLEOC (NUMDETALLEOC,IDOC,PRODUCTO,CANTIDAD,PRECIO,IDUSUARIOCREA,FECHACREACION,IDUSUARIOMODIF,FECHAMODIF,ESTADO) values (2,2,27,6,70,145,to_date('11-NOV-23','DD-MON-RR'),145,to_date('11-NOV-23','DD-MON-RR'),1);
Insert into SYSTEM.DETALLEOC (NUMDETALLEOC,IDOC,PRODUCTO,CANTIDAD,PRECIO,IDUSUARIOCREA,FECHACREACION,IDUSUARIOMODIF,FECHAMODIF,ESTADO) values (3,3,28,7,50,146,to_date('11-NOV-23','DD-MON-RR'),146,to_date('11-NOV-23','DD-MON-RR'),1);
Insert into SYSTEM.DETALLEOC (NUMDETALLEOC,IDOC,PRODUCTO,CANTIDAD,PRECIO,IDUSUARIOCREA,FECHACREACION,IDUSUARIOMODIF,FECHAMODIF,ESTADO) values (4,4,29,1,950,147,to_date('11-NOV-23','DD-MON-RR'),147,to_date('11-NOV-23','DD-MON-RR'),1);
Insert into SYSTEM.DETALLEOC (NUMDETALLEOC,IDOC,PRODUCTO,CANTIDAD,PRECIO,IDUSUARIOCREA,FECHACREACION,IDUSUARIOMODIF,FECHAMODIF,ESTADO) values (5,5,30,2,35,148,to_date('11-NOV-23','DD-MON-RR'),148,to_date('11-NOV-23','DD-MON-RR'),1);
Insert into SYSTEM.DETALLEOC (NUMDETALLEOC,IDOC,PRODUCTO,CANTIDAD,PRECIO,IDUSUARIOCREA,FECHACREACION,IDUSUARIOMODIF,FECHAMODIF,ESTADO) values (6,6,31,3,180,149,to_date('11-NOV-23','DD-MON-RR'),149,to_date('11-NOV-23','DD-MON-RR'),1);
Insert into SYSTEM.DETALLEOC (NUMDETALLEOC,IDOC,PRODUCTO,CANTIDAD,PRECIO,IDUSUARIOCREA,FECHACREACION,IDUSUARIOMODIF,FECHAMODIF,ESTADO) values (7,7,32,4,120,41,to_date('11-NOV-23','DD-MON-RR'),41,to_date('11-NOV-23','DD-MON-RR'),1);
Insert into SYSTEM.DETALLEOC (NUMDETALLEOC,IDOC,PRODUCTO,CANTIDAD,PRECIO,IDUSUARIOCREA,FECHACREACION,IDUSUARIOMODIF,FECHAMODIF,ESTADO) values (8,8,33,6,300,145,to_date('11-NOV-23','DD-MON-RR'),145,to_date('11-NOV-23','DD-MON-RR'),1);
Insert into SYSTEM.DETALLEOC (NUMDETALLEOC,IDOC,PRODUCTO,CANTIDAD,PRECIO,IDUSUARIOCREA,FECHACREACION,IDUSUARIOMODIF,FECHAMODIF,ESTADO) values (9,9,34,8,90,146,to_date('11-NOV-23','DD-MON-RR'),146,to_date('11-NOV-23','DD-MON-RR'),1);
Insert into SYSTEM.DETALLEOC (NUMDETALLEOC,IDOC,PRODUCTO,CANTIDAD,PRECIO,IDUSUARIOCREA,FECHACREACION,IDUSUARIOMODIF,FECHAMODIF,ESTADO) values (10,10,35,2,40,147,to_date('11-NOV-23','DD-MON-RR'),147,to_date('11-NOV-23','DD-MON-RR'),1);
Insert into SYSTEM.DETALLEOC (NUMDETALLEOC,IDOC,PRODUCTO,CANTIDAD,PRECIO,IDUSUARIOCREA,FECHACREACION,IDUSUARIOMODIF,FECHAMODIF,ESTADO) values (11,11,36,6,400,148,to_date('11-NOV-23','DD-MON-RR'),148,to_date('11-NOV-23','DD-MON-RR'),1);
Insert into SYSTEM.DETALLEOC (NUMDETALLEOC,IDOC,PRODUCTO,CANTIDAD,PRECIO,IDUSUARIOCREA,FECHACREACION,IDUSUARIOMODIF,FECHAMODIF,ESTADO) values (12,12,37,8,1200,149,to_date('11-NOV-23','DD-MON-RR'),149,to_date('11-NOV-23','DD-MON-RR'),1);
Insert into SYSTEM.DETALLEOC (NUMDETALLEOC,IDOC,PRODUCTO,CANTIDAD,PRECIO,IDUSUARIOCREA,FECHACREACION,IDUSUARIOMODIF,FECHAMODIF,ESTADO) values (13,13,38,6,25,41,to_date('11-NOV-23','DD-MON-RR'),41,to_date('11-NOV-23','DD-MON-RR'),1);
Insert into SYSTEM.DETALLEOC (NUMDETALLEOC,IDOC,PRODUCTO,CANTIDAD,PRECIO,IDUSUARIOCREA,FECHACREACION,IDUSUARIOMODIF,FECHAMODIF,ESTADO) values (14,14,39,8,50,145,to_date('11-NOV-23','DD-MON-RR'),145,to_date('11-NOV-23','DD-MON-RR'),1);
Insert into SYSTEM.DETALLEOC (NUMDETALLEOC,IDOC,PRODUCTO,CANTIDAD,PRECIO,IDUSUARIOCREA,FECHACREACION,IDUSUARIOMODIF,FECHAMODIF,ESTADO) values (15,15,40,9,300,146,to_date('11-NOV-23','DD-MON-RR'),146,to_date('11-NOV-23','DD-MON-RR'),1);
Insert into SYSTEM.DETALLEOC (NUMDETALLEOC,IDOC,PRODUCTO,CANTIDAD,PRECIO,IDUSUARIOCREA,FECHACREACION,IDUSUARIOMODIF,FECHAMODIF,ESTADO) values (16,16,41,2,80,147,to_date('11-NOV-23','DD-MON-RR'),147,to_date('11-NOV-23','DD-MON-RR'),1);
Insert into SYSTEM.DETALLEOC (NUMDETALLEOC,IDOC,PRODUCTO,CANTIDAD,PRECIO,IDUSUARIOCREA,FECHACREACION,IDUSUARIOMODIF,FECHAMODIF,ESTADO) values (17,17,42,3,150,148,to_date('11-NOV-23','DD-MON-RR'),148,to_date('11-NOV-23','DD-MON-RR'),1);
Insert into SYSTEM.DETALLEOC (NUMDETALLEOC,IDOC,PRODUCTO,CANTIDAD,PRECIO,IDUSUARIOCREA,FECHACREACION,IDUSUARIOMODIF,FECHAMODIF,ESTADO) values (18,18,43,5,200,149,to_date('11-NOV-23','DD-MON-RR'),149,to_date('11-NOV-23','DD-MON-RR'),1);
Insert into SYSTEM.DETALLEOC (NUMDETALLEOC,IDOC,PRODUCTO,CANTIDAD,PRECIO,IDUSUARIOCREA,FECHACREACION,IDUSUARIOMODIF,FECHAMODIF,ESTADO) values (19,19,44,4,60,41,to_date('11-NOV-23','DD-MON-RR'),41,to_date('11-NOV-23','DD-MON-RR'),1);
Insert into SYSTEM.DETALLEOC (NUMDETALLEOC,IDOC,PRODUCTO,CANTIDAD,PRECIO,IDUSUARIOCREA,FECHACREACION,IDUSUARIOMODIF,FECHAMODIF,ESTADO) values (20,20,45,2,100,145,to_date('11-NOV-23','DD-MON-RR'),145,to_date('11-NOV-23','DD-MON-RR'),1);
REM INSERTING into SYSTEM.COTIZACION
SET DEFINE OFF;
Insert into SYSTEM.COTIZACION (IDCOTIZACION,FECHA,IDCLIENTE,IDVENDEDOR,VIGENCIA,IDUSUARIOCRE,FECHACREACION,IDUSUARIOMODIF,FECHAMODIF,ESTADO) values (1,to_date('01-JAN-23','DD-MON-RR'),23,46,to_date('16-JAN-23','DD-MON-RR'),46,to_date('11-NOV-23','DD-MON-RR'),46,to_date('11-NOV-23','DD-MON-RR'),1);
Insert into SYSTEM.COTIZACION (IDCOTIZACION,FECHA,IDCLIENTE,IDVENDEDOR,VIGENCIA,IDUSUARIOCRE,FECHACREACION,IDUSUARIOMODIF,FECHAMODIF,ESTADO) values (2,to_date('04-FEB-23','DD-MON-RR'),24,47,to_date('19-FEB-23','DD-MON-RR'),47,to_date('11-NOV-23','DD-MON-RR'),47,to_date('11-NOV-23','DD-MON-RR'),1);
Insert into SYSTEM.COTIZACION (IDCOTIZACION,FECHA,IDCLIENTE,IDVENDEDOR,VIGENCIA,IDUSUARIOCRE,FECHACREACION,IDUSUARIOMODIF,FECHAMODIF,ESTADO) values (3,to_date('10-MAR-23','DD-MON-RR'),25,48,to_date('25-MAR-23','DD-MON-RR'),48,to_date('11-NOV-23','DD-MON-RR'),48,to_date('11-NOV-23','DD-MON-RR'),1);
Insert into SYSTEM.COTIZACION (IDCOTIZACION,FECHA,IDCLIENTE,IDVENDEDOR,VIGENCIA,IDUSUARIOCRE,FECHACREACION,IDUSUARIOMODIF,FECHAMODIF,ESTADO) values (4,to_date('15-APR-23','DD-MON-RR'),26,49,to_date('30-APR-23','DD-MON-RR'),49,to_date('11-NOV-23','DD-MON-RR'),49,to_date('11-NOV-23','DD-MON-RR'),1);
Insert into SYSTEM.COTIZACION (IDCOTIZACION,FECHA,IDCLIENTE,IDVENDEDOR,VIGENCIA,IDUSUARIOCRE,FECHACREACION,IDUSUARIOMODIF,FECHAMODIF,ESTADO) values (5,to_date('20-MAY-23','DD-MON-RR'),27,50,to_date('04-JUN-23','DD-MON-RR'),50,to_date('11-NOV-23','DD-MON-RR'),50,to_date('11-NOV-23','DD-MON-RR'),1);
Insert into SYSTEM.COTIZACION (IDCOTIZACION,FECHA,IDCLIENTE,IDVENDEDOR,VIGENCIA,IDUSUARIOCRE,FECHACREACION,IDUSUARIOMODIF,FECHAMODIF,ESTADO) values (6,to_date('25-JUN-23','DD-MON-RR'),28,51,to_date('10-JUL-23','DD-MON-RR'),51,to_date('11-NOV-23','DD-MON-RR'),51,to_date('11-NOV-23','DD-MON-RR'),1);
Insert into SYSTEM.COTIZACION (IDCOTIZACION,FECHA,IDCLIENTE,IDVENDEDOR,VIGENCIA,IDUSUARIOCRE,FECHACREACION,IDUSUARIOMODIF,FECHAMODIF,ESTADO) values (7,to_date('01-JUL-23','DD-MON-RR'),29,52,to_date('16-JUL-23','DD-MON-RR'),52,to_date('11-NOV-23','DD-MON-RR'),52,to_date('11-NOV-23','DD-MON-RR'),1);
Insert into SYSTEM.COTIZACION (IDCOTIZACION,FECHA,IDCLIENTE,IDVENDEDOR,VIGENCIA,IDUSUARIOCRE,FECHACREACION,IDUSUARIOMODIF,FECHAMODIF,ESTADO) values (8,to_date('05-AUG-23','DD-MON-RR'),30,53,to_date('20-AUG-23','DD-MON-RR'),53,to_date('11-NOV-23','DD-MON-RR'),53,to_date('11-NOV-23','DD-MON-RR'),1);
Insert into SYSTEM.COTIZACION (IDCOTIZACION,FECHA,IDCLIENTE,IDVENDEDOR,VIGENCIA,IDUSUARIOCRE,FECHACREACION,IDUSUARIOMODIF,FECHAMODIF,ESTADO) values (9,to_date('11-SEP-23','DD-MON-RR'),31,54,to_date('26-SEP-23','DD-MON-RR'),54,to_date('11-NOV-23','DD-MON-RR'),54,to_date('11-NOV-23','DD-MON-RR'),1);
Insert into SYSTEM.COTIZACION (IDCOTIZACION,FECHA,IDCLIENTE,IDVENDEDOR,VIGENCIA,IDUSUARIOCRE,FECHACREACION,IDUSUARIOMODIF,FECHAMODIF,ESTADO) values (10,to_date('16-OCT-23','DD-MON-RR'),32,55,to_date('31-OCT-23','DD-MON-RR'),55,to_date('11-NOV-23','DD-MON-RR'),55,to_date('11-NOV-23','DD-MON-RR'),1);
Insert into SYSTEM.COTIZACION (IDCOTIZACION,FECHA,IDCLIENTE,IDVENDEDOR,VIGENCIA,IDUSUARIOCRE,FECHACREACION,IDUSUARIOMODIF,FECHAMODIF,ESTADO) values (11,to_date('21-NOV-23','DD-MON-RR'),33,56,to_date('06-DEC-23','DD-MON-RR'),56,to_date('11-NOV-23','DD-MON-RR'),56,to_date('11-NOV-23','DD-MON-RR'),1);
Insert into SYSTEM.COTIZACION (IDCOTIZACION,FECHA,IDCLIENTE,IDVENDEDOR,VIGENCIA,IDUSUARIOCRE,FECHACREACION,IDUSUARIOMODIF,FECHAMODIF,ESTADO) values (12,to_date('26-DEC-23','DD-MON-RR'),34,57,to_date('10-JAN-24','DD-MON-RR'),57,to_date('11-NOV-23','DD-MON-RR'),57,to_date('11-NOV-23','DD-MON-RR'),1);
Insert into SYSTEM.COTIZACION (IDCOTIZACION,FECHA,IDCLIENTE,IDVENDEDOR,VIGENCIA,IDUSUARIOCRE,FECHACREACION,IDUSUARIOMODIF,FECHAMODIF,ESTADO) values (13,to_date('01-JAN-24','DD-MON-RR'),35,58,to_date('16-JAN-24','DD-MON-RR'),58,to_date('11-NOV-23','DD-MON-RR'),58,to_date('11-NOV-23','DD-MON-RR'),1);
Insert into SYSTEM.COTIZACION (IDCOTIZACION,FECHA,IDCLIENTE,IDVENDEDOR,VIGENCIA,IDUSUARIOCRE,FECHACREACION,IDUSUARIOMODIF,FECHAMODIF,ESTADO) values (14,to_date('05-FEB-24','DD-MON-RR'),36,59,to_date('20-FEB-24','DD-MON-RR'),59,to_date('11-NOV-23','DD-MON-RR'),59,to_date('11-NOV-23','DD-MON-RR'),1);
Insert into SYSTEM.COTIZACION (IDCOTIZACION,FECHA,IDCLIENTE,IDVENDEDOR,VIGENCIA,IDUSUARIOCRE,FECHACREACION,IDUSUARIOMODIF,FECHAMODIF,ESTADO) values (15,to_date('11-MAR-24','DD-MON-RR'),37,60,to_date('25-MAR-24','DD-MON-RR'),60,to_date('11-NOV-23','DD-MON-RR'),60,to_date('11-NOV-23','DD-MON-RR'),1);
Insert into SYSTEM.COTIZACION (IDCOTIZACION,FECHA,IDCLIENTE,IDVENDEDOR,VIGENCIA,IDUSUARIOCRE,FECHACREACION,IDUSUARIOMODIF,FECHAMODIF,ESTADO) values (16,to_date('16-APR-24','DD-MON-RR'),38,61,to_date('01-MAY-24','DD-MON-RR'),61,to_date('11-NOV-23','DD-MON-RR'),61,to_date('11-NOV-23','DD-MON-RR'),1);
Insert into SYSTEM.COTIZACION (IDCOTIZACION,FECHA,IDCLIENTE,IDVENDEDOR,VIGENCIA,IDUSUARIOCRE,FECHACREACION,IDUSUARIOMODIF,FECHAMODIF,ESTADO) values (17,to_date('21-MAY-24','DD-MON-RR'),39,62,to_date('05-JUN-24','DD-MON-RR'),62,to_date('11-NOV-23','DD-MON-RR'),62,to_date('11-NOV-23','DD-MON-RR'),1);
Insert into SYSTEM.COTIZACION (IDCOTIZACION,FECHA,IDCLIENTE,IDVENDEDOR,VIGENCIA,IDUSUARIOCRE,FECHACREACION,IDUSUARIOMODIF,FECHAMODIF,ESTADO) values (18,to_date('26-JUN-24','DD-MON-RR'),40,63,to_date('11-JUL-24','DD-MON-RR'),63,to_date('11-NOV-23','DD-MON-RR'),63,to_date('11-NOV-23','DD-MON-RR'),1);
Insert into SYSTEM.COTIZACION (IDCOTIZACION,FECHA,IDCLIENTE,IDVENDEDOR,VIGENCIA,IDUSUARIOCRE,FECHACREACION,IDUSUARIOMODIF,FECHAMODIF,ESTADO) values (19,to_date('01-JUL-24','DD-MON-RR'),41,64,to_date('16-JUL-24','DD-MON-RR'),64,to_date('11-NOV-23','DD-MON-RR'),64,to_date('11-NOV-23','DD-MON-RR'),1);
Insert into SYSTEM.COTIZACION (IDCOTIZACION,FECHA,IDCLIENTE,IDVENDEDOR,VIGENCIA,IDUSUARIOCRE,FECHACREACION,IDUSUARIOMODIF,FECHAMODIF,ESTADO) values (20,to_date('06-AUG-24','DD-MON-RR'),42,65,to_date('21-AUG-24','DD-MON-RR'),65,to_date('11-NOV-23','DD-MON-RR'),65,to_date('11-NOV-23','DD-MON-RR'),1);
REM INSERTING into SYSTEM.CLIENTES
SET DEFINE OFF;
Insert into SYSTEM.CLIENTES (IDCLIENTE,PRIMERNOMBRE,SEGUNDONOMBRE,OTRONOMBRE,PRIMERAPELLIDO,SEGUNDOAPELLIDO,OTROAPELLIDO,DPI,CODIGOPAIS,TELEFONO,FECHANAC,GENERO,DESCDIRECCION,CALLE,AVENIDA,ZONA,MUNICIPIO,DEPARTAMENTO,IDUSUARIOCRE,FECHACREACION,IDUSUARIOMOD,FECHAMODIF,ESTADO,CORREO) values (23,' ANA           ',' LUCIA           ',null,' RIVERA           ',' GOMEZ             ',null,'1234567890123',77,'12345678',to_date('15-MAR-85','DD-MON-RR'),1,' 12-78 COLONIA VISTA HERMOSA  ','12','78','10',106,9,5,to_date('11-NOV-23','DD-MON-RR'),5,to_date('11-NOV-23','DD-MON-RR'),1,' ANA.RIVERA@EXAMPLE.COM         ');
Insert into SYSTEM.CLIENTES (IDCLIENTE,PRIMERNOMBRE,SEGUNDONOMBRE,OTRONOMBRE,PRIMERAPELLIDO,SEGUNDOAPELLIDO,OTROAPELLIDO,DPI,CODIGOPAIS,TELEFONO,FECHANAC,GENERO,DESCDIRECCION,CALLE,AVENIDA,ZONA,MUNICIPIO,DEPARTAMENTO,IDUSUARIOCRE,FECHACREACION,IDUSUARIOMOD,FECHAMODIF,ESTADO,CORREO) values (24,' JORGE         ',' LUIS            ',null,' MARTINEZ         ',' RAMIREZ           ',null,'9876543210987',77,'87654321',to_date('22-JUL-92','DD-MON-RR'),2,' 34-56 ZONA 4                ','34','56','4',106,9,5,to_date('11-NOV-23','DD-MON-RR'),5,to_date('11-NOV-23','DD-MON-RR'),1,' JORGE.MARTINEZ@EXAMPLE.COM     ');
Insert into SYSTEM.CLIENTES (IDCLIENTE,PRIMERNOMBRE,SEGUNDONOMBRE,OTRONOMBRE,PRIMERAPELLIDO,SEGUNDOAPELLIDO,OTROAPELLIDO,DPI,CODIGOPAIS,TELEFONO,FECHANAC,GENERO,DESCDIRECCION,CALLE,AVENIDA,ZONA,MUNICIPIO,DEPARTAMENTO,IDUSUARIOCRE,FECHACREACION,IDUSUARIOMOD,FECHAMODIF,ESTADO,CORREO) values (25,' MARIA         ',' JOSE            ',null,' GUTIERREZ        ',' CASTILLO          ',null,'4567890123456',77,'45678901',to_date('03-DEC-89','DD-MON-RR'),1,' 45-23 COLONIA EL ROSARIO    ','45','23','15',106,9,5,to_date('11-NOV-23','DD-MON-RR'),5,to_date('11-NOV-23','DD-MON-RR'),1,' MARIA.GUTIERREZ@EXAMPLE.COM    ');
Insert into SYSTEM.CLIENTES (IDCLIENTE,PRIMERNOMBRE,SEGUNDONOMBRE,OTRONOMBRE,PRIMERAPELLIDO,SEGUNDOAPELLIDO,OTROAPELLIDO,DPI,CODIGOPAIS,TELEFONO,FECHANAC,GENERO,DESCDIRECCION,CALLE,AVENIDA,ZONA,MUNICIPIO,DEPARTAMENTO,IDUSUARIOCRE,FECHACREACION,IDUSUARIOMOD,FECHAMODIF,ESTADO,CORREO) values (26,' CARLOS        ',' ALBERTO         ',null,' RODRIGUEZ        ',' PEREZ             ',null,'5678901234567',77,'23456789',to_date('10-JAN-80','DD-MON-RR'),2,' 67-12 AVENIDA LAS AMERICAS  ','67','12','8',106,9,5,to_date('11-NOV-23','DD-MON-RR'),5,to_date('11-NOV-23','DD-MON-RR'),1,' CARLOS.RODRIGUEZ@EXAMPLE.COM   ');
Insert into SYSTEM.CLIENTES (IDCLIENTE,PRIMERNOMBRE,SEGUNDONOMBRE,OTRONOMBRE,PRIMERAPELLIDO,SEGUNDOAPELLIDO,OTROAPELLIDO,DPI,CODIGOPAIS,TELEFONO,FECHANAC,GENERO,DESCDIRECCION,CALLE,AVENIDA,ZONA,MUNICIPIO,DEPARTAMENTO,IDUSUARIOCRE,FECHACREACION,IDUSUARIOMOD,FECHAMODIF,ESTADO,CORREO) values (27,' ELENA         ',' BEATRIZ         ',null,' LOPEZ            ',' CRUZ              ',null,'3456789012345',77,'78901234',to_date('05-SEP-87','DD-MON-RR'),1,' 89-45 CALLE LA PAZ          ','89','45','20',106,9,5,to_date('11-NOV-23','DD-MON-RR'),5,to_date('11-NOV-23','DD-MON-RR'),1,' ELENA.LOPEZ@EXAMPLE.COM        ');
Insert into SYSTEM.CLIENTES (IDCLIENTE,PRIMERNOMBRE,SEGUNDONOMBRE,OTRONOMBRE,PRIMERAPELLIDO,SEGUNDOAPELLIDO,OTROAPELLIDO,DPI,CODIGOPAIS,TELEFONO,FECHANAC,GENERO,DESCDIRECCION,CALLE,AVENIDA,ZONA,MUNICIPIO,DEPARTAMENTO,IDUSUARIOCRE,FECHACREACION,IDUSUARIOMOD,FECHAMODIF,ESTADO,CORREO) values (28,' RAUL          ',' EDUARDO         ',null,' PEREZ            ',' SANCHEZ           ',null,'7890123456789',77,'34567890',to_date('18-FEB-78','DD-MON-RR'),2,' 56-78 ZONA 9                ','56','78','9',106,9,5,to_date('11-NOV-23','DD-MON-RR'),5,to_date('11-NOV-23','DD-MON-RR'),1,' RAUL.PEREZ@EXAMPLE.COM         ');
Insert into SYSTEM.CLIENTES (IDCLIENTE,PRIMERNOMBRE,SEGUNDONOMBRE,OTRONOMBRE,PRIMERAPELLIDO,SEGUNDOAPELLIDO,OTROAPELLIDO,DPI,CODIGOPAIS,TELEFONO,FECHANAC,GENERO,DESCDIRECCION,CALLE,AVENIDA,ZONA,MUNICIPIO,DEPARTAMENTO,IDUSUARIOCRE,FECHACREACION,IDUSUARIOMOD,FECHAMODIF,ESTADO,CORREO) values (29,' SILVIA        ',' PATRICIA        ',null,' RAMIREZ          ',' GOMEZ             ',null,'2345678901234',77,'56789012',to_date('11-APR-95','DD-MON-RR'),1,' 23-45 COLONIA EL PARAISO   ','23','45','12',106,9,5,to_date('11-NOV-23','DD-MON-RR'),5,to_date('11-NOV-23','DD-MON-RR'),1,' SILVIA.RAMIREZ@EXAMPLE.COM     ');
Insert into SYSTEM.CLIENTES (IDCLIENTE,PRIMERNOMBRE,SEGUNDONOMBRE,OTRONOMBRE,PRIMERAPELLIDO,SEGUNDOAPELLIDO,OTROAPELLIDO,DPI,CODIGOPAIS,TELEFONO,FECHANAC,GENERO,DESCDIRECCION,CALLE,AVENIDA,ZONA,MUNICIPIO,DEPARTAMENTO,IDUSUARIOCRE,FECHACREACION,IDUSUARIOMOD,FECHAMODIF,ESTADO,CORREO) values (30,' FELIPE        ',' ANDRES          ',null,' MOLINA           ',' PEREZ             ',null,'8901234567890',77,'67890123',to_date('30-JUN-82','DD-MON-RR'),2,' 12-34 AVENIDA REFORMA       ','12','34','5',106,9,5,to_date('11-NOV-23','DD-MON-RR'),5,to_date('11-NOV-23','DD-MON-RR'),1,' FELIPE.MOLINA@EXAMPLE.COM      ');
Insert into SYSTEM.CLIENTES (IDCLIENTE,PRIMERNOMBRE,SEGUNDONOMBRE,OTRONOMBRE,PRIMERAPELLIDO,SEGUNDOAPELLIDO,OTROAPELLIDO,DPI,CODIGOPAIS,TELEFONO,FECHANAC,GENERO,DESCDIRECCION,CALLE,AVENIDA,ZONA,MUNICIPIO,DEPARTAMENTO,IDUSUARIOCRE,FECHACREACION,IDUSUARIOMOD,FECHAMODIF,ESTADO,CORREO) values (31,' LAURA         ',' VICTORIA        ',null,' GARCIA           ',' FLORES            ',null,'3456789012345',77,'89012345',to_date('08-NOV-88','DD-MON-RR'),1,' 56-78 CALLE LOS OLIVOS      ','56','78','18',106,9,5,to_date('11-NOV-23','DD-MON-RR'),5,to_date('11-NOV-23','DD-MON-RR'),1,' LAURA.GARCIA@EXAMPLE.COM       ');
Insert into SYSTEM.CLIENTES (IDCLIENTE,PRIMERNOMBRE,SEGUNDONOMBRE,OTRONOMBRE,PRIMERAPELLIDO,SEGUNDOAPELLIDO,OTROAPELLIDO,DPI,CODIGOPAIS,TELEFONO,FECHANAC,GENERO,DESCDIRECCION,CALLE,AVENIDA,ZONA,MUNICIPIO,DEPARTAMENTO,IDUSUARIOCRE,FECHACREACION,IDUSUARIOMOD,FECHAMODIF,ESTADO,CORREO) values (32,' MARIO         ',' FRANCISCO       ',null,' HERRERA          ',' CRUZ              ',null,'5678901234567',77,'12345678',to_date('14-MAY-79','DD-MON-RR'),2,' 34-56 ZONA 10               ','34','56','10',106,9,5,to_date('11-NOV-23','DD-MON-RR'),5,to_date('11-NOV-23','DD-MON-RR'),1,' MARIO.HERRERA@EXAMPLE.COM      ');
Insert into SYSTEM.CLIENTES (IDCLIENTE,PRIMERNOMBRE,SEGUNDONOMBRE,OTRONOMBRE,PRIMERAPELLIDO,SEGUNDOAPELLIDO,OTROAPELLIDO,DPI,CODIGOPAIS,TELEFONO,FECHANAC,GENERO,DESCDIRECCION,CALLE,AVENIDA,ZONA,MUNICIPIO,DEPARTAMENTO,IDUSUARIOCRE,FECHACREACION,IDUSUARIOMOD,FECHAMODIF,ESTADO,CORREO) values (33,' MARTA         ',' ISABEL          ',null,' CASTILLO         ',' LOPEZ             ',null,'6789012345678',77,'23456789',to_date('21-JAN-84','DD-MON-RR'),1,' 67-12 COLONIA LOS PINOS     ','67','12','14',106,9,5,to_date('11-NOV-23','DD-MON-RR'),5,to_date('11-NOV-23','DD-MON-RR'),1,' MARTA.CASTILLO@EXAMPLE.COM     ');
Insert into SYSTEM.CLIENTES (IDCLIENTE,PRIMERNOMBRE,SEGUNDONOMBRE,OTRONOMBRE,PRIMERAPELLIDO,SEGUNDOAPELLIDO,OTROAPELLIDO,DPI,CODIGOPAIS,TELEFONO,FECHANAC,GENERO,DESCDIRECCION,CALLE,AVENIDA,ZONA,MUNICIPIO,DEPARTAMENTO,IDUSUARIOCRE,FECHACREACION,IDUSUARIOMOD,FECHAMODIF,ESTADO,CORREO) values (34,' CARLOS        ',' ALFONSO         ',null,' JIMENEZ          ',' GOMEZ             ',null,'7890123456789',77,'34567890',to_date('19-OCT-81','DD-MON-RR'),2,' 78-90 AVENIDA LA LIBERTAD   ','78','90','6',106,9,5,to_date('11-NOV-23','DD-MON-RR'),5,to_date('11-NOV-23','DD-MON-RR'),1,' CARLOS.JIMENEZ@EXAMPLE.COM     ');
Insert into SYSTEM.CLIENTES (IDCLIENTE,PRIMERNOMBRE,SEGUNDONOMBRE,OTRONOMBRE,PRIMERAPELLIDO,SEGUNDOAPELLIDO,OTROAPELLIDO,DPI,CODIGOPAIS,TELEFONO,FECHANAC,GENERO,DESCDIRECCION,CALLE,AVENIDA,ZONA,MUNICIPIO,DEPARTAMENTO,IDUSUARIOCRE,FECHACREACION,IDUSUARIOMOD,FECHAMODIF,ESTADO,CORREO) values (35,' EVA           ',' ROSA            ',null,' PEREZ            ',' RAMOS             ',null,'2345678901234',77,'45678901',to_date('25-DEC-98','DD-MON-RR'),1,' 89-45 CALLE LOS ALAMOS     ','89','45','22',106,9,5,to_date('11-NOV-23','DD-MON-RR'),5,to_date('11-NOV-23','DD-MON-RR'),1,' EVA.PEREZ@EXAMPLE.COM          ');
Insert into SYSTEM.CLIENTES (IDCLIENTE,PRIMERNOMBRE,SEGUNDONOMBRE,OTRONOMBRE,PRIMERAPELLIDO,SEGUNDOAPELLIDO,OTROAPELLIDO,DPI,CODIGOPAIS,TELEFONO,FECHANAC,GENERO,DESCDIRECCION,CALLE,AVENIDA,ZONA,MUNICIPIO,DEPARTAMENTO,IDUSUARIOCRE,FECHACREACION,IDUSUARIOMOD,FECHAMODIF,ESTADO,CORREO) values (36,' JUAN          ',' CARLOS          ',null,' MENDEZ           ',' RIVERA            ',null,'4567890123456',77,'56789012',to_date('02-AUG-87','DD-MON-RR'),2,' 34-56 ZONA 6                ','34','56','6',106,9,5,to_date('11-NOV-23','DD-MON-RR'),5,to_date('11-NOV-23','DD-MON-RR'),1,' JUAN.MENDEZ@EXAMPLE.COM        ');
Insert into SYSTEM.CLIENTES (IDCLIENTE,PRIMERNOMBRE,SEGUNDONOMBRE,OTRONOMBRE,PRIMERAPELLIDO,SEGUNDOAPELLIDO,OTROAPELLIDO,DPI,CODIGOPAIS,TELEFONO,FECHANAC,GENERO,DESCDIRECCION,CALLE,AVENIDA,ZONA,MUNICIPIO,DEPARTAMENTO,IDUSUARIOCRE,FECHACREACION,IDUSUARIOMOD,FECHAMODIF,ESTADO,CORREO) values (37,' PAOLA         ',' ALEJANDRA       ',null,' ORTIZ            ',' JIMENEZ           ',null,'5678901234567',77,'67890123',to_date('09-APR-91','DD-MON-RR'),1,' 45-67 COLONIA LAS FLORES   ','45','67','16',106,9,5,to_date('11-NOV-23','DD-MON-RR'),5,to_date('11-NOV-23','DD-MON-RR'),1,' PAOLA.ORTIZ@EXAMPLE.COM        ');
Insert into SYSTEM.CLIENTES (IDCLIENTE,PRIMERNOMBRE,SEGUNDONOMBRE,OTRONOMBRE,PRIMERAPELLIDO,SEGUNDOAPELLIDO,OTROAPELLIDO,DPI,CODIGOPAIS,TELEFONO,FECHANAC,GENERO,DESCDIRECCION,CALLE,AVENIDA,ZONA,MUNICIPIO,DEPARTAMENTO,IDUSUARIOCRE,FECHACREACION,IDUSUARIOMOD,FECHAMODIF,ESTADO,CORREO) values (38,' LUIS          ',' EDUARDO         ',null,' CABRERA          ',' GARCIA            ',null,'8901234567890',77,'78901234',to_date('14-JUN-76','DD-MON-RR'),2,' 56-78 ZONA 2                ','56','78','2',106,9,5,to_date('11-NOV-23','DD-MON-RR'),5,to_date('11-NOV-23','DD-MON-RR'),1,' LUIS.CABRERA@EXAMPLE.COM       ');
Insert into SYSTEM.CLIENTES (IDCLIENTE,PRIMERNOMBRE,SEGUNDONOMBRE,OTRONOMBRE,PRIMERAPELLIDO,SEGUNDOAPELLIDO,OTROAPELLIDO,DPI,CODIGOPAIS,TELEFONO,FECHANAC,GENERO,DESCDIRECCION,CALLE,AVENIDA,ZONA,MUNICIPIO,DEPARTAMENTO,IDUSUARIOCRE,FECHACREACION,IDUSUARIOMOD,FECHAMODIF,ESTADO,CORREO) values (39,' ANGELICA      ',' BEATRIZ         ',null,' SOTO             ',' CASTILLO          ',null,'2345678901234',77,'90123456',to_date('03-MAR-94','DD-MON-RR'),1,' 12-34 AVENIDA LAS ROSAS    ','12','34','19',106,9,5,to_date('11-NOV-23','DD-MON-RR'),5,to_date('11-NOV-23','DD-MON-RR'),1,' ANGELICA.SOTO@EXAMPLE.COM      ');
Insert into SYSTEM.CLIENTES (IDCLIENTE,PRIMERNOMBRE,SEGUNDONOMBRE,OTRONOMBRE,PRIMERAPELLIDO,SEGUNDOAPELLIDO,OTROAPELLIDO,DPI,CODIGOPAIS,TELEFONO,FECHANAC,GENERO,DESCDIRECCION,CALLE,AVENIDA,ZONA,MUNICIPIO,DEPARTAMENTO,IDUSUARIOCRE,FECHACREACION,IDUSUARIOMOD,FECHAMODIF,ESTADO,CORREO) values (40,' PABLO         ',' ANDRES          ',null,' VELASQUEZ        ',' PEREZ             ',null,'7890123456789',77,'12345678',to_date('28-JUL-79','DD-MON-RR'),2,' 56-78 CALLE LOS ALMENDROS  ','56','78','11',106,9,5,to_date('11-NOV-23','DD-MON-RR'),5,to_date('11-NOV-23','DD-MON-RR'),1,' PABLO.VELASQUEZ@EXAMPLE.COM    ');
Insert into SYSTEM.CLIENTES (IDCLIENTE,PRIMERNOMBRE,SEGUNDONOMBRE,OTRONOMBRE,PRIMERAPELLIDO,SEGUNDOAPELLIDO,OTROAPELLIDO,DPI,CODIGOPAIS,TELEFONO,FECHANAC,GENERO,DESCDIRECCION,CALLE,AVENIDA,ZONA,MUNICIPIO,DEPARTAMENTO,IDUSUARIOCRE,FECHACREACION,IDUSUARIOMOD,FECHAMODIF,ESTADO,CORREO) values (41,' ALEJANDRA     ',' FERNANDA        ',null,' HERNANDEZ        ',' RAMOS             ',null,'8901234567890',77,'23456789',to_date('05-MAY-83','DD-MON-RR'),1,' 67-89 COLONIA EL CARMEN    ','67','89','7',106,9,5,to_date('11-NOV-23','DD-MON-RR'),5,to_date('11-NOV-23','DD-MON-RR'),1,' ALEJANDRA.HERNANDEZ@EXAMPLE.COM ');
Insert into SYSTEM.CLIENTES (IDCLIENTE,PRIMERNOMBRE,SEGUNDONOMBRE,OTRONOMBRE,PRIMERAPELLIDO,SEGUNDOAPELLIDO,OTROAPELLIDO,DPI,CODIGOPAIS,TELEFONO,FECHANAC,GENERO,DESCDIRECCION,CALLE,AVENIDA,ZONA,MUNICIPIO,DEPARTAMENTO,IDUSUARIOCRE,FECHACREACION,IDUSUARIOMOD,FECHAMODIF,ESTADO,CORREO) values (42,' JORGE         ',' ALFREDO         ',null,' PEREZ            ',' RAMIREZ           ',null,'4567890123456',77,'34567890',to_date('23-SEP-88','DD-MON-RR'),2,' 78-90 AVENIDA LAS PALMAS   ','78','90','17',106,9,5,to_date('11-NOV-23','DD-MON-RR'),5,to_date('11-NOV-23','DD-MON-RR'),1,' JORGE.PEREZ@EXAMPLE.COM        ');
Insert into SYSTEM.CLIENTES (IDCLIENTE,PRIMERNOMBRE,SEGUNDONOMBRE,OTRONOMBRE,PRIMERAPELLIDO,SEGUNDOAPELLIDO,OTROAPELLIDO,DPI,CODIGOPAIS,TELEFONO,FECHANAC,GENERO,DESCDIRECCION,CALLE,AVENIDA,ZONA,MUNICIPIO,DEPARTAMENTO,IDUSUARIOCRE,FECHACREACION,IDUSUARIOMOD,FECHAMODIF,ESTADO,CORREO) values (43,' ADRIANA       ',' ISABEL          ',null,' LOPEZ            ',' CASTILLO          ',null,'8901234567890',77,'45678901',to_date('12-JUL-94','DD-MON-RR'),1,' 23-45 COLONIA SANTA FE         ','23','45','11',106,9,5,to_date('11-NOV-23','DD-MON-RR'),5,to_date('11-NOV-23','DD-MON-RR'),1,' ADRIANA.LOPEZ@EXAMPLE.COM         ');
Insert into SYSTEM.CLIENTES (IDCLIENTE,PRIMERNOMBRE,SEGUNDONOMBRE,OTRONOMBRE,PRIMERAPELLIDO,SEGUNDOAPELLIDO,OTROAPELLIDO,DPI,CODIGOPAIS,TELEFONO,FECHANAC,GENERO,DESCDIRECCION,CALLE,AVENIDA,ZONA,MUNICIPIO,DEPARTAMENTO,IDUSUARIOCRE,FECHACREACION,IDUSUARIOMOD,FECHAMODIF,ESTADO,CORREO) values (44,' JUAN          ',' CARLOS          ',null,' RAMIREZ          ',' GUTIERREZ         ',null,'5678901234567',77,'23456789',to_date('30-SEP-88','DD-MON-RR'),2,' 56-78 ZONA 7                 ','56','78','7',106,9,5,to_date('11-NOV-23','DD-MON-RR'),5,to_date('11-NOV-23','DD-MON-RR'),1,' JUAN.RAMIREZ@EXAMPLE.COM          ');
Insert into SYSTEM.CLIENTES (IDCLIENTE,PRIMERNOMBRE,SEGUNDONOMBRE,OTRONOMBRE,PRIMERAPELLIDO,SEGUNDOAPELLIDO,OTROAPELLIDO,DPI,CODIGOPAIS,TELEFONO,FECHANAC,GENERO,DESCDIRECCION,CALLE,AVENIDA,ZONA,MUNICIPIO,DEPARTAMENTO,IDUSUARIOCRE,FECHACREACION,IDUSUARIOMOD,FECHAMODIF,ESTADO,CORREO) values (45,' LUCIA         ',' FERNANDA        ',null,' GARCIA           ',' CASTILLO          ',null,'2345678901234',77,'78901234',to_date('15-MAY-82','DD-MON-RR'),1,' 89-12 CALLE LOS PINOS         ','89','12','14',106,9,5,to_date('11-NOV-23','DD-MON-RR'),5,to_date('11-NOV-23','DD-MON-RR'),1,' LUCIA.GARCIA@EXAMPLE.COM          ');
Insert into SYSTEM.CLIENTES (IDCLIENTE,PRIMERNOMBRE,SEGUNDONOMBRE,OTRONOMBRE,PRIMERAPELLIDO,SEGUNDOAPELLIDO,OTROAPELLIDO,DPI,CODIGOPAIS,TELEFONO,FECHANAC,GENERO,DESCDIRECCION,CALLE,AVENIDA,ZONA,MUNICIPIO,DEPARTAMENTO,IDUSUARIOCRE,FECHACREACION,IDUSUARIOMOD,FECHAMODIF,ESTADO,CORREO) values (46,' RAFAEL        ',' ANTONIO         ',null,' PEREZ            ',' SANTOS            ',null,'7890123456789',77,'34567890',to_date('28-JAN-75','DD-MON-RR'),2,' 34-56 AVENIDA LAS ROSAS       ','34','56','19',106,9,5,to_date('11-NOV-23','DD-MON-RR'),5,to_date('11-NOV-23','DD-MON-RR'),1,' RAFAEL.PEREZ@EXAMPLE.COM         ');
Insert into SYSTEM.CLIENTES (IDCLIENTE,PRIMERNOMBRE,SEGUNDONOMBRE,OTRONOMBRE,PRIMERAPELLIDO,SEGUNDOAPELLIDO,OTROAPELLIDO,DPI,CODIGOPAIS,TELEFONO,FECHANAC,GENERO,DESCDIRECCION,CALLE,AVENIDA,ZONA,MUNICIPIO,DEPARTAMENTO,IDUSUARIOCRE,FECHACREACION,IDUSUARIOMOD,FECHAMODIF,ESTADO,CORREO) values (47,' ELENA         ',' BELEN           ',null,' RIVERA           ',' GOMEZ             ',null,'3456789012345',77,'56789012',to_date('20-AUG-96','DD-MON-RR'),1,' 45-78 ZONA 3                 ','45','78','3',106,9,5,to_date('11-NOV-23','DD-MON-RR'),5,to_date('11-NOV-23','DD-MON-RR'),1,' ELENA.RIVERA@EXAMPLE.COM         ');
Insert into SYSTEM.CLIENTES (IDCLIENTE,PRIMERNOMBRE,SEGUNDONOMBRE,OTRONOMBRE,PRIMERAPELLIDO,SEGUNDOAPELLIDO,OTROAPELLIDO,DPI,CODIGOPAIS,TELEFONO,FECHANAC,GENERO,DESCDIRECCION,CALLE,AVENIDA,ZONA,MUNICIPIO,DEPARTAMENTO,IDUSUARIOCRE,FECHACREACION,IDUSUARIOMOD,FECHAMODIF,ESTADO,CORREO) values (48,' OSCAR         ',' EDUARDO         ',null,' CASTILLO         ',' GUTIERREZ         ',null,'5678901234567',77,'12345678',to_date('05-APR-89','DD-MON-RR'),2,' 67-90 AVENIDA EL PRADO        ','67','90','13',106,9,5,to_date('11-NOV-23','DD-MON-RR'),5,to_date('11-NOV-23','DD-MON-RR'),1,' OSCAR.CASTILLO@EXAMPLE.COM       ');
Insert into SYSTEM.CLIENTES (IDCLIENTE,PRIMERNOMBRE,SEGUNDONOMBRE,OTRONOMBRE,PRIMERAPELLIDO,SEGUNDOAPELLIDO,OTROAPELLIDO,DPI,CODIGOPAIS,TELEFONO,FECHANAC,GENERO,DESCDIRECCION,CALLE,AVENIDA,ZONA,MUNICIPIO,DEPARTAMENTO,IDUSUARIOCRE,FECHACREACION,IDUSUARIOMOD,FECHAMODIF,ESTADO,CORREO) values (49,' MARTINA       ',' SOFIA           ',null,' PEREZ            ',' MOLINA            ',null,'2345678901234',77,'23456789',to_date('10-DEC-87','DD-MON-RR'),1,' 12-34 COLONIA LOS ALAMOS      ','12','34','22',106,9,5,to_date('11-NOV-23','DD-MON-RR'),5,to_date('11-NOV-23','DD-MON-RR'),1,' MARTINA.PEREZ@EXAMPLE.COM        ');
Insert into SYSTEM.CLIENTES (IDCLIENTE,PRIMERNOMBRE,SEGUNDONOMBRE,OTRONOMBRE,PRIMERAPELLIDO,SEGUNDOAPELLIDO,OTROAPELLIDO,DPI,CODIGOPAIS,TELEFONO,FECHANAC,GENERO,DESCDIRECCION,CALLE,AVENIDA,ZONA,MUNICIPIO,DEPARTAMENTO,IDUSUARIOCRE,FECHACREACION,IDUSUARIOMOD,FECHAMODIF,ESTADO,CORREO) values (50,' ANDRES        ',' ALFREDO         ',null,' HERRERA          ',' GOMEZ             ',null,'6789012345678',77,'45678901',to_date('15-JUL-80','DD-MON-RR'),2,' 56-78 ZONA 15                ','56','78','15',106,9,5,to_date('11-NOV-23','DD-MON-RR'),5,to_date('11-NOV-23','DD-MON-RR'),1,' ANDRES.HERRERA@EXAMPLE.COM       ');
Insert into SYSTEM.CLIENTES (IDCLIENTE,PRIMERNOMBRE,SEGUNDONOMBRE,OTRONOMBRE,PRIMERAPELLIDO,SEGUNDOAPELLIDO,OTROAPELLIDO,DPI,CODIGOPAIS,TELEFONO,FECHANAC,GENERO,DESCDIRECCION,CALLE,AVENIDA,ZONA,MUNICIPIO,DEPARTAMENTO,IDUSUARIOCRE,FECHACREACION,IDUSUARIOMOD,FECHAMODIF,ESTADO,CORREO) values (51,' ROSA          ',' MARIA           ',null,' RAMIREZ          ',' CASTILLO          ',null,'1234567890123',77,'56789012',to_date('25-MAR-85','DD-MON-RR'),1,' 67-89 CALLE LAS FLORES       ','67','89','5',106,9,5,to_date('11-NOV-23','DD-MON-RR'),5,to_date('11-NOV-23','DD-MON-RR'),1,' ROSA.RAMIREZ@EXAMPLE.COM         ');
Insert into SYSTEM.CLIENTES (IDCLIENTE,PRIMERNOMBRE,SEGUNDONOMBRE,OTRONOMBRE,PRIMERAPELLIDO,SEGUNDOAPELLIDO,OTROAPELLIDO,DPI,CODIGOPAIS,TELEFONO,FECHANAC,GENERO,DESCDIRECCION,CALLE,AVENIDA,ZONA,MUNICIPIO,DEPARTAMENTO,IDUSUARIOCRE,FECHACREACION,IDUSUARIOMOD,FECHAMODIF,ESTADO,CORREO) values (52,' JAVIER        ',' IGNACIO         ',null,' LOPEZ            ',' PEREZ             ',null,'8901234567890',77,'67890123',to_date('03-NOV-79','DD-MON-RR'),2,' 78-90 AVENIDA LA LIBERTAD    ','78','90','6',106,9,5,to_date('11-NOV-23','DD-MON-RR'),5,to_date('11-NOV-23','DD-MON-RR'),1,' JAVIER.LOPEZ@EXAMPLE.COM          ');
Insert into SYSTEM.CLIENTES (IDCLIENTE,PRIMERNOMBRE,SEGUNDONOMBRE,OTRONOMBRE,PRIMERAPELLIDO,SEGUNDOAPELLIDO,OTROAPELLIDO,DPI,CODIGOPAIS,TELEFONO,FECHANAC,GENERO,DESCDIRECCION,CALLE,AVENIDA,ZONA,MUNICIPIO,DEPARTAMENTO,IDUSUARIOCRE,FECHACREACION,IDUSUARIOMOD,FECHAMODIF,ESTADO,CORREO) values (53,' MARTA         ',' VICTORIA        ',null,' GUTIERREZ        ',' FLORES            ',null,'3456789012345',77,'78901234',to_date('18-JUN-92','DD-MON-RR'),1,' 23-45 COLONIA EL CARMEN      ','23','45','7',106,9,5,to_date('11-NOV-23','DD-MON-RR'),5,to_date('11-NOV-23','DD-MON-RR'),1,' MARTA.GUTIERREZ@EXAMPLE.COM      ');
Insert into SYSTEM.CLIENTES (IDCLIENTE,PRIMERNOMBRE,SEGUNDONOMBRE,OTRONOMBRE,PRIMERAPELLIDO,SEGUNDOAPELLIDO,OTROAPELLIDO,DPI,CODIGOPAIS,TELEFONO,FECHANAC,GENERO,DESCDIRECCION,CALLE,AVENIDA,ZONA,MUNICIPIO,DEPARTAMENTO,IDUSUARIOCRE,FECHACREACION,IDUSUARIOMOD,FECHAMODIF,ESTADO,CORREO) values (54,' CARLOS        ',' ALBERTO         ',null,' RAMIREZ          ',' PEREZ             ',null,'5678901234567',77,'12345678',to_date('09-AUG-81','DD-MON-RR'),2,' 56-78 AVENIDA LAS AMERICAS   ','56','78','8',106,9,5,to_date('11-NOV-23','DD-MON-RR'),5,to_date('11-NOV-23','DD-MON-RR'),1,' CARLOS.RAMIREZ@EXAMPLE.COM       ');
Insert into SYSTEM.CLIENTES (IDCLIENTE,PRIMERNOMBRE,SEGUNDONOMBRE,OTRONOMBRE,PRIMERAPELLIDO,SEGUNDOAPELLIDO,OTROAPELLIDO,DPI,CODIGOPAIS,TELEFONO,FECHANAC,GENERO,DESCDIRECCION,CALLE,AVENIDA,ZONA,MUNICIPIO,DEPARTAMENTO,IDUSUARIOCRE,FECHACREACION,IDUSUARIOMOD,FECHAMODIF,ESTADO,CORREO) values (55,' ALEJANDRA     ',' PATRICIA        ',null,' MARTINEZ         ',' GOMEZ             ',null,'7890123456789',77,'34567890',to_date('14-FEB-89','DD-MON-RR'),1,' 67-89 ZONA 11                ','67','89','11',106,9,5,to_date('11-NOV-23','DD-MON-RR'),5,to_date('11-NOV-23','DD-MON-RR'),1,' ALEJANDRA.MARTINEZ@EXAMPLE.COM   ');
Insert into SYSTEM.CLIENTES (IDCLIENTE,PRIMERNOMBRE,SEGUNDONOMBRE,OTRONOMBRE,PRIMERAPELLIDO,SEGUNDOAPELLIDO,OTROAPELLIDO,DPI,CODIGOPAIS,TELEFONO,FECHANAC,GENERO,DESCDIRECCION,CALLE,AVENIDA,ZONA,MUNICIPIO,DEPARTAMENTO,IDUSUARIOCRE,FECHACREACION,IDUSUARIOMOD,FECHAMODIF,ESTADO,CORREO) values (56,' EDUARDO       ',' ANTONIO         ',null,' PEREZ            ',' SANCHEZ           ',null,'2345678901234',77,'90123456',to_date('22-OCT-76','DD-MON-RR'),2,' 12-34 COLONIA VISTA HERMOSA  ','12','34','10',106,9,5,to_date('11-NOV-23','DD-MON-RR'),5,to_date('11-NOV-23','DD-MON-RR'),1,' EDUARDO.PEREZ@EXAMPLE.COM        ');
Insert into SYSTEM.CLIENTES (IDCLIENTE,PRIMERNOMBRE,SEGUNDONOMBRE,OTRONOMBRE,PRIMERAPELLIDO,SEGUNDOAPELLIDO,OTROAPELLIDO,DPI,CODIGOPAIS,TELEFONO,FECHANAC,GENERO,DESCDIRECCION,CALLE,AVENIDA,ZONA,MUNICIPIO,DEPARTAMENTO,IDUSUARIOCRE,FECHACREACION,IDUSUARIOMOD,FECHAMODIF,ESTADO,CORREO) values (57,' MARIA         ',' JOSE            ',null,' CASTILLO         ',' LOPEZ             ',null,'5678901234567',77,'23456789',to_date('07-APR-83','DD-MON-RR'),1,' 56-78 CALLE LOS ALAMOS       ','56','78','22',106,9,5,to_date('11-NOV-23','DD-MON-RR'),5,to_date('11-NOV-23','DD-MON-RR'),1,' MARIA.CASTILLO@EXAMPLE.COM       ');
Insert into SYSTEM.CLIENTES (IDCLIENTE,PRIMERNOMBRE,SEGUNDONOMBRE,OTRONOMBRE,PRIMERAPELLIDO,SEGUNDOAPELLIDO,OTROAPELLIDO,DPI,CODIGOPAIS,TELEFONO,FECHANAC,GENERO,DESCDIRECCION,CALLE,AVENIDA,ZONA,MUNICIPIO,DEPARTAMENTO,IDUSUARIOCRE,FECHACREACION,IDUSUARIOMOD,FECHAMODIF,ESTADO,CORREO) values (58,' FRANCISCO     ',' JAVIER          ',null,' GARCIA           ',' PEREZ             ',null,'6789012345678',77,'34567890',to_date('13-MAY-97','DD-MON-RR'),2,' 78-90 AVENIDA REFORMA        ','78','90','16',106,9,5,to_date('11-NOV-23','DD-MON-RR'),5,to_date('11-NOV-23','DD-MON-RR'),1,' FRANCISCO.GARCIA@EXAMPLE.COM     ');
Insert into SYSTEM.CLIENTES (IDCLIENTE,PRIMERNOMBRE,SEGUNDONOMBRE,OTRONOMBRE,PRIMERAPELLIDO,SEGUNDOAPELLIDO,OTROAPELLIDO,DPI,CODIGOPAIS,TELEFONO,FECHANAC,GENERO,DESCDIRECCION,CALLE,AVENIDA,ZONA,MUNICIPIO,DEPARTAMENTO,IDUSUARIOCRE,FECHACREACION,IDUSUARIOMOD,FECHAMODIF,ESTADO,CORREO) values (59,' ANA           ',' PATRICIA        ',null,' LOPEZ            ',' CRUZ              ',null,'8901234567890',77,'56789012',to_date('02-JUN-91','DD-MON-RR'),1,' 34-56 ZONA 6                 ','34','56','6',106,9,5,to_date('11-NOV-23','DD-MON-RR'),5,to_date('11-NOV-23','DD-MON-RR'),1,' ANA.LOPEZ@EXAMPLE.COM            ');
Insert into SYSTEM.CLIENTES (IDCLIENTE,PRIMERNOMBRE,SEGUNDONOMBRE,OTRONOMBRE,PRIMERAPELLIDO,SEGUNDOAPELLIDO,OTROAPELLIDO,DPI,CODIGOPAIS,TELEFONO,FECHANAC,GENERO,DESCDIRECCION,CALLE,AVENIDA,ZONA,MUNICIPIO,DEPARTAMENTO,IDUSUARIOCRE,FECHACREACION,IDUSUARIOMOD,FECHAMODIF,ESTADO,CORREO) values (60,' PEDRO         ',' ENRIQUE         ',null,' MARTINEZ         ',' PEREZ             ',null,'2345678901234',77,'67890123',to_date('21-SEP-75','DD-MON-RR'),2,' 45-67 AVENIDA LAS ROSAS      ','45','67','19',106,9,5,to_date('11-NOV-23','DD-MON-RR'),5,to_date('11-NOV-23','DD-MON-RR'),1,' PEDRO.MARTINEZ@EXAMPLE.COM       ');
Insert into SYSTEM.CLIENTES (IDCLIENTE,PRIMERNOMBRE,SEGUNDONOMBRE,OTRONOMBRE,PRIMERAPELLIDO,SEGUNDOAPELLIDO,OTROAPELLIDO,DPI,CODIGOPAIS,TELEFONO,FECHANAC,GENERO,DESCDIRECCION,CALLE,AVENIDA,ZONA,MUNICIPIO,DEPARTAMENTO,IDUSUARIOCRE,FECHACREACION,IDUSUARIOMOD,FECHAMODIF,ESTADO,CORREO) values (61,' MARTA         ',' ELENA           ',null,' PEREZ            ',' GUTIERREZ         ',null,'5678901234567',77,'12345678',to_date('16-AUG-94','DD-MON-RR'),1,' 56-78 COLONIA LOS PINOS      ','56','78','14',106,9,5,to_date('11-NOV-23','DD-MON-RR'),5,to_date('11-NOV-23','DD-MON-RR'),1,' MARTA.PEREZ@EXAMPLE.COM          ');
Insert into SYSTEM.CLIENTES (IDCLIENTE,PRIMERNOMBRE,SEGUNDONOMBRE,OTRONOMBRE,PRIMERAPELLIDO,SEGUNDOAPELLIDO,OTROAPELLIDO,DPI,CODIGOPAIS,TELEFONO,FECHANAC,GENERO,DESCDIRECCION,CALLE,AVENIDA,ZONA,MUNICIPIO,DEPARTAMENTO,IDUSUARIOCRE,FECHACREACION,IDUSUARIOMOD,FECHAMODIF,ESTADO,CORREO) values (62,' FELIPE        ',' JOSE            ',null,' RAMIREZ          ',' CASTILLO          ',null,'7890123456789',77,'23456789',to_date('29-DEC-85','DD-MON-RR'),2,' 67-89 ZONA 3                 ','67','89','3',106,9,5,to_date('11-NOV-23','DD-MON-RR'),5,to_date('11-NOV-23','DD-MON-RR'),1,' FELIPE.RAMIREZ@EXAMPLE.COM       ');
Insert into SYSTEM.CLIENTES (IDCLIENTE,PRIMERNOMBRE,SEGUNDONOMBRE,OTRONOMBRE,PRIMERAPELLIDO,SEGUNDOAPELLIDO,OTROAPELLIDO,DPI,CODIGOPAIS,TELEFONO,FECHANAC,GENERO,DESCDIRECCION,CALLE,AVENIDA,ZONA,MUNICIPIO,DEPARTAMENTO,IDUSUARIOCRE,FECHACREACION,IDUSUARIOMOD,FECHAMODIF,ESTADO,CORREO) values (106,' ANGEL         ',' LUIS            ',null,' RAMIREZ          ',' GOMEZ             ',null,'5678901234567',77,'12345678',to_date('15-SEP-88','DD-MON-RR'),2,' 56-78 ZONA 8                 ','56','78','8',106,9,5,to_date('11-NOV-23','DD-MON-RR'),5,to_date('11-NOV-23','DD-MON-RR'),1,' ANGEL.RAMIREZ@example.com         ');
Insert into SYSTEM.CLIENTES (IDCLIENTE,PRIMERNOMBRE,SEGUNDONOMBRE,OTRONOMBRE,PRIMERAPELLIDO,SEGUNDOAPELLIDO,OTROAPELLIDO,DPI,CODIGOPAIS,TELEFONO,FECHANAC,GENERO,DESCDIRECCION,CALLE,AVENIDA,ZONA,MUNICIPIO,DEPARTAMENTO,IDUSUARIOCRE,FECHACREACION,IDUSUARIOMOD,FECHAMODIF,ESTADO,CORREO) values (107,' MARIA         ',' FERNANDA        ',null,' CASTILLO         ',' PEREZ             ',null,'2345678901234',77,'56789012',to_date('20-APR-93','DD-MON-RR'),1,' 23-45 COLONIA EL PRADO       ','23','45','13',106,9,5,to_date('11-NOV-23','DD-MON-RR'),5,to_date('11-NOV-23','DD-MON-RR'),1,' MARIA.CASTILLO@example.com       ');
Insert into SYSTEM.CLIENTES (IDCLIENTE,PRIMERNOMBRE,SEGUNDONOMBRE,OTRONOMBRE,PRIMERAPELLIDO,SEGUNDOAPELLIDO,OTROAPELLIDO,DPI,CODIGOPAIS,TELEFONO,FECHANAC,GENERO,DESCDIRECCION,CALLE,AVENIDA,ZONA,MUNICIPIO,DEPARTAMENTO,IDUSUARIOCRE,FECHACREACION,IDUSUARIOMOD,FECHAMODIF,ESTADO,CORREO) values (108,' JORGE         ',' EDUARDO         ',null,' GUTIERREZ        ',' RAMIREZ           ',null,'7890123456789',77,'23456789',to_date('08-JUL-86','DD-MON-RR'),2,' 34-56 AVENIDA LAS AMERICAS   ','34','56','9',106,9,5,to_date('11-NOV-23','DD-MON-RR'),5,to_date('11-NOV-23','DD-MON-RR'),1,' JORGE.GUTIERREZ@example.com      ');
Insert into SYSTEM.CLIENTES (IDCLIENTE,PRIMERNOMBRE,SEGUNDONOMBRE,OTRONOMBRE,PRIMERAPELLIDO,SEGUNDOAPELLIDO,OTROAPELLIDO,DPI,CODIGOPAIS,TELEFONO,FECHANAC,GENERO,DESCDIRECCION,CALLE,AVENIDA,ZONA,MUNICIPIO,DEPARTAMENTO,IDUSUARIOCRE,FECHACREACION,IDUSUARIOMOD,FECHAMODIF,ESTADO,CORREO) values (109,' ALEJANDRA     ',' BEATRIZ         ',null,' LOPEZ            ',' PEREZ             ',null,'2345678901234',77,'78901234',to_date('12-MAY-90','DD-MON-RR'),1,' 45-67 ZONA 5                 ','45','67','5',106,9,5,to_date('11-NOV-23','DD-MON-RR'),5,to_date('11-NOV-23','DD-MON-RR'),1,' ALEJANDRA.LOPEZ@example.com      ');
Insert into SYSTEM.CLIENTES (IDCLIENTE,PRIMERNOMBRE,SEGUNDONOMBRE,OTRONOMBRE,PRIMERAPELLIDO,SEGUNDOAPELLIDO,OTROAPELLIDO,DPI,CODIGOPAIS,TELEFONO,FECHANAC,GENERO,DESCDIRECCION,CALLE,AVENIDA,ZONA,MUNICIPIO,DEPARTAMENTO,IDUSUARIOCRE,FECHACREACION,IDUSUARIOMOD,FECHAMODIF,ESTADO,CORREO) values (110,' CARLOS        ',' ANTONIO         ',null,' MARTINEZ         ',' SANTOS            ',null,'5678901234567',77,'34567890',to_date('05-FEB-84','DD-MON-RR'),2,' 56-78 CALLE LAS FLORES       ','56','78','14',106,9,5,to_date('11-NOV-23','DD-MON-RR'),5,to_date('11-NOV-23','DD-MON-RR'),1,' CARLOS.MARTINEZ@example.com      ');
Insert into SYSTEM.CLIENTES (IDCLIENTE,PRIMERNOMBRE,SEGUNDONOMBRE,OTRONOMBRE,PRIMERAPELLIDO,SEGUNDOAPELLIDO,OTROAPELLIDO,DPI,CODIGOPAIS,TELEFONO,FECHANAC,GENERO,DESCDIRECCION,CALLE,AVENIDA,ZONA,MUNICIPIO,DEPARTAMENTO,IDUSUARIOCRE,FECHACREACION,IDUSUARIOMOD,FECHAMODIF,ESTADO,CORREO) values (111,' LUCIA         ',' VICTORIA        ',null,' RIVERA           ',' CASTILLO          ',null,'1234567890123',77,'56789012',to_date('18-OCT-89','DD-MON-RR'),1,' 67-89 COLONIA VISTA HERMOSA  ','67','89','10',106,9,5,to_date('11-NOV-23','DD-MON-RR'),5,to_date('11-NOV-23','DD-MON-RR'),1,' LUCIA.RIVERA@example.com         ');
Insert into SYSTEM.CLIENTES (IDCLIENTE,PRIMERNOMBRE,SEGUNDONOMBRE,OTRONOMBRE,PRIMERAPELLIDO,SEGUNDOAPELLIDO,OTROAPELLIDO,DPI,CODIGOPAIS,TELEFONO,FECHANAC,GENERO,DESCDIRECCION,CALLE,AVENIDA,ZONA,MUNICIPIO,DEPARTAMENTO,IDUSUARIOCRE,FECHACREACION,IDUSUARIOMOD,FECHAMODIF,ESTADO,CORREO) values (112,' FELIPE        ',' ANDRES          ',null,' PEREZ            ',' SANCHEZ           ',null,'8901234567890',77,'45678901',to_date('23-JUN-87','DD-MON-RR'),2,' 78-90 AVENIDA REFORMA        ','78','90','5',106,9,5,to_date('11-NOV-23','DD-MON-RR'),5,to_date('11-NOV-23','DD-MON-RR'),1,' FELIPE.PEREZ@example.com         ');
Insert into SYSTEM.CLIENTES (IDCLIENTE,PRIMERNOMBRE,SEGUNDONOMBRE,OTRONOMBRE,PRIMERAPELLIDO,SEGUNDOAPELLIDO,OTROAPELLIDO,DPI,CODIGOPAIS,TELEFONO,FECHANAC,GENERO,DESCDIRECCION,CALLE,AVENIDA,ZONA,MUNICIPIO,DEPARTAMENTO,IDUSUARIOCRE,FECHACREACION,IDUSUARIOMOD,FECHAMODIF,ESTADO,CORREO) values (113,' MARTA         ',' PATRICIA        ',null,' RAMIREZ          ',' CRUZ              ',null,'5678901234567',77,'89012345',to_date('30-DEC-91','DD-MON-RR'),1,' 12-34 COLONIA EL CARMEN      ','12','34','7',106,9,5,to_date('11-NOV-23','DD-MON-RR'),5,to_date('11-NOV-23','DD-MON-RR'),1,' MARTA.RAMIREZ@example.com        ');
Insert into SYSTEM.CLIENTES (IDCLIENTE,PRIMERNOMBRE,SEGUNDONOMBRE,OTRONOMBRE,PRIMERAPELLIDO,SEGUNDOAPELLIDO,OTROAPELLIDO,DPI,CODIGOPAIS,TELEFONO,FECHANAC,GENERO,DESCDIRECCION,CALLE,AVENIDA,ZONA,MUNICIPIO,DEPARTAMENTO,IDUSUARIOCRE,FECHACREACION,IDUSUARIOMOD,FECHAMODIF,ESTADO,CORREO) values (114,' JUAN          ',' CARLOS          ',null,' CASTILLO         ',' GOMEZ             ',null,'2345678901234',77,'67890123',to_date('17-NOV-79','DD-MON-RR'),2,' 45-67 ZONA 11                ','45','67','11',106,9,5,to_date('11-NOV-23','DD-MON-RR'),5,to_date('11-NOV-23','DD-MON-RR'),1,' JUAN.CASTILLO@example.com        ');
Insert into SYSTEM.CLIENTES (IDCLIENTE,PRIMERNOMBRE,SEGUNDONOMBRE,OTRONOMBRE,PRIMERAPELLIDO,SEGUNDOAPELLIDO,OTROAPELLIDO,DPI,CODIGOPAIS,TELEFONO,FECHANAC,GENERO,DESCDIRECCION,CALLE,AVENIDA,ZONA,MUNICIPIO,DEPARTAMENTO,IDUSUARIOCRE,FECHACREACION,IDUSUARIOMOD,FECHAMODIF,ESTADO,CORREO) values (115,' ELENA         ',' BEATRIZ         ',null,' LOPEZ            ',' RAMOS             ',null,'3456789012345',77,'90123456',to_date('03-APR-94','DD-MON-RR'),1,' 56-78 AVENIDA LAS PALMAS   ','56','78','17',106,9,5,to_date('11-NOV-23','DD-MON-RR'),5,to_date('11-NOV-23','DD-MON-RR'),1,' ELENA.LOPEZ@example.com          ');
Insert into SYSTEM.CLIENTES (IDCLIENTE,PRIMERNOMBRE,SEGUNDONOMBRE,OTRONOMBRE,PRIMERAPELLIDO,SEGUNDOAPELLIDO,OTROAPELLIDO,DPI,CODIGOPAIS,TELEFONO,FECHANAC,GENERO,DESCDIRECCION,CALLE,AVENIDA,ZONA,MUNICIPIO,DEPARTAMENTO,IDUSUARIOCRE,FECHACREACION,IDUSUARIOMOD,FECHAMODIF,ESTADO,CORREO) values (116,' RAUL          ',' ANTONIO         ',null,' MARTINEZ         ',' PEREZ             ',null,'7890123456789',77,'12345678',to_date('12-JAN-83','DD-MON-RR'),2,' 67-89 ZONA 6                 ','67','89','6',106,9,5,to_date('11-NOV-23','DD-MON-RR'),5,to_date('11-NOV-23','DD-MON-RR'),1,' RAUL.MARTINEZ@example.com        ');
Insert into SYSTEM.CLIENTES (IDCLIENTE,PRIMERNOMBRE,SEGUNDONOMBRE,OTRONOMBRE,PRIMERAPELLIDO,SEGUNDOAPELLIDO,OTROAPELLIDO,DPI,CODIGOPAIS,TELEFONO,FECHANAC,GENERO,DESCDIRECCION,CALLE,AVENIDA,ZONA,MUNICIPIO,DEPARTAMENTO,IDUSUARIOCRE,FECHACREACION,IDUSUARIOMOD,FECHAMODIF,ESTADO,CORREO) values (117,' ANA           ',' CAROLINA        ',null,' GUTIERREZ        ',' RAMIREZ           ',null,'3456789012345',77,'23456789',to_date('25-MAR-92','DD-MON-RR'),1,' 78-90 AVENIDA LA LIBERTAD   ','78','90','8',106,9,5,to_date('11-NOV-23','DD-MON-RR'),5,to_date('11-NOV-23','DD-MON-RR'),1,' ANA.GUTIERREZ@example.com        ');
Insert into SYSTEM.CLIENTES (IDCLIENTE,PRIMERNOMBRE,SEGUNDONOMBRE,OTRONOMBRE,PRIMERAPELLIDO,SEGUNDOAPELLIDO,OTROAPELLIDO,DPI,CODIGOPAIS,TELEFONO,FECHANAC,GENERO,DESCDIRECCION,CALLE,AVENIDA,ZONA,MUNICIPIO,DEPARTAMENTO,IDUSUARIOCRE,FECHACREACION,IDUSUARIOMOD,FECHAMODIF,ESTADO,CORREO) values (118,' JORGE         ',' ALBERTO         ',null,' RAMIREZ          ',' SANTOS            ',null,'5678901234567',77,'34567890',to_date('01-JUL-78','DD-MON-RR'),2,' 34-56 CALLE LOS ALAMOS      ','34','56','12',106,9,5,to_date('11-NOV-23','DD-MON-RR'),5,to_date('11-NOV-23','DD-MON-RR'),1,' JORGE.RAMIREZ@example.com        ');
Insert into SYSTEM.CLIENTES (IDCLIENTE,PRIMERNOMBRE,SEGUNDONOMBRE,OTRONOMBRE,PRIMERAPELLIDO,SEGUNDOAPELLIDO,OTROAPELLIDO,DPI,CODIGOPAIS,TELEFONO,FECHANAC,GENERO,DESCDIRECCION,CALLE,AVENIDA,ZONA,MUNICIPIO,DEPARTAMENTO,IDUSUARIOCRE,FECHACREACION,IDUSUARIOMOD,FECHAMODIF,ESTADO,CORREO) values (119,' LAURA         ',' VICTORIA        ',null,' PEREZ            ',' CRUZ              ',null,'2345678901234',77,'56789012',to_date('14-SEP-95','DD-MON-RR'),1,' 67-89 COLONIA LOS OLIVOS    ','67','89','19',106,9,5,to_date('11-NOV-23','DD-MON-RR'),5,to_date('11-NOV-23','DD-MON-RR'),1,' LAURA.PEREZ@example.com          ');
Insert into SYSTEM.CLIENTES (IDCLIENTE,PRIMERNOMBRE,SEGUNDONOMBRE,OTRONOMBRE,PRIMERAPELLIDO,SEGUNDOAPELLIDO,OTROAPELLIDO,DPI,CODIGOPAIS,TELEFONO,FECHANAC,GENERO,DESCDIRECCION,CALLE,AVENIDA,ZONA,MUNICIPIO,DEPARTAMENTO,IDUSUARIOCRE,FECHACREACION,IDUSUARIOMOD,FECHAMODIF,ESTADO,CORREO) values (120,' MARIO         ',' ENRIQUE         ',null,' HERRERA          ',' GOMEZ             ',null,'5678901234567',77,'12345678',to_date('02-FEB-79','DD-MON-RR'),2,' 23-45 COLONIA EL ROSARIO    ','23','45','4',106,9,5,to_date('11-NOV-23','DD-MON-RR'),5,to_date('11-NOV-23','DD-MON-RR'),1,' MARIO.HERRERA@example.com        ');
Insert into SYSTEM.CLIENTES (IDCLIENTE,PRIMERNOMBRE,SEGUNDONOMBRE,OTRONOMBRE,PRIMERAPELLIDO,SEGUNDOAPELLIDO,OTROAPELLIDO,DPI,CODIGOPAIS,TELEFONO,FECHANAC,GENERO,DESCDIRECCION,CALLE,AVENIDA,ZONA,MUNICIPIO,DEPARTAMENTO,IDUSUARIOCRE,FECHACREACION,IDUSUARIOMOD,FECHAMODIF,ESTADO,CORREO) values (121,' MARTA         ',' SOFIA           ',null,' CASTILLO         ',' GOMEZ             ',null,'8901234567890',77,'23456789',to_date('19-JUN-86','DD-MON-RR'),1,' 56-78 AVENIDA LAS AMERICAS   ','56','78','9',106,9,5,to_date('11-NOV-23','DD-MON-RR'),5,to_date('11-NOV-23','DD-MON-RR'),1,' MARTA.CASTILLO@example.com       ');
Insert into SYSTEM.CLIENTES (IDCLIENTE,PRIMERNOMBRE,SEGUNDONOMBRE,OTRONOMBRE,PRIMERAPELLIDO,SEGUNDOAPELLIDO,OTROAPELLIDO,DPI,CODIGOPAIS,TELEFONO,FECHANAC,GENERO,DESCDIRECCION,CALLE,AVENIDA,ZONA,MUNICIPIO,DEPARTAMENTO,IDUSUARIOCRE,FECHACREACION,IDUSUARIOMOD,FECHAMODIF,ESTADO,CORREO) values (122,' CARLOS        ',' EDUARDO         ',null,' RAMIREZ          ',' PEREZ             ',null,'5678901234567',77,'45678901',to_date('07-MAR-94','DD-MON-RR'),2,' 67-89 ZONA 14               ','67','89','14',106,9,5,to_date('11-NOV-23','DD-MON-RR'),5,to_date('11-NOV-23','DD-MON-RR'),1,' CARLOS.RAMIREZ@example.com       ');
Insert into SYSTEM.CLIENTES (IDCLIENTE,PRIMERNOMBRE,SEGUNDONOMBRE,OTRONOMBRE,PRIMERAPELLIDO,SEGUNDOAPELLIDO,OTROAPELLIDO,DPI,CODIGOPAIS,TELEFONO,FECHANAC,GENERO,DESCDIRECCION,CALLE,AVENIDA,ZONA,MUNICIPIO,DEPARTAMENTO,IDUSUARIOCRE,FECHACREACION,IDUSUARIOMOD,FECHAMODIF,ESTADO,CORREO) values (123,' ALEJANDRA     ',' MARIA           ',null,' GUTIERREZ        ',' CASTILLO          ',null,'7890123456789',77,'23456789',to_date('22-AUG-88','DD-MON-RR'),1,' 34-56 COLONIA EL PARAISO    ','34','56','15',106,9,5,to_date('11-NOV-23','DD-MON-RR'),5,to_date('11-NOV-23','DD-MON-RR'),1,' ALEJANDRA.GUTIERREZ@example.com  ');
Insert into SYSTEM.CLIENTES (IDCLIENTE,PRIMERNOMBRE,SEGUNDONOMBRE,OTRONOMBRE,PRIMERAPELLIDO,SEGUNDOAPELLIDO,OTROAPELLIDO,DPI,CODIGOPAIS,TELEFONO,FECHANAC,GENERO,DESCDIRECCION,CALLE,AVENIDA,ZONA,MUNICIPIO,DEPARTAMENTO,IDUSUARIOCRE,FECHACREACION,IDUSUARIOMOD,FECHAMODIF,ESTADO,CORREO) values (124,' EDUARDO       ',' LUIS            ',null,' MARTINEZ         ',' PEREZ             ',null,'2345678901234',77,'56789012',to_date('11-JAN-91','DD-MON-RR'),2,' 45-67 ZONA 4                 ','45','67','4',106,9,5,to_date('11-NOV-23','DD-MON-RR'),5,to_date('11-NOV-23','DD-MON-RR'),1,' EDUARDO.MARTINEZ@example.com      ');
Insert into SYSTEM.CLIENTES (IDCLIENTE,PRIMERNOMBRE,SEGUNDONOMBRE,OTRONOMBRE,PRIMERAPELLIDO,SEGUNDOAPELLIDO,OTROAPELLIDO,DPI,CODIGOPAIS,TELEFONO,FECHANAC,GENERO,DESCDIRECCION,CALLE,AVENIDA,ZONA,MUNICIPIO,DEPARTAMENTO,IDUSUARIOCRE,FECHACREACION,IDUSUARIOMOD,FECHAMODIF,ESTADO,CORREO) values (125,' MARIA         ',' ELENA           ',null,' RAMIREZ          ',' CRUZ              ',null,'5678901234567',77,'89012345',to_date('09-SEP-79','DD-MON-RR'),1,' 56-78 AVENIDA EL PRADO      ','56','78','18',106,9,5,to_date('11-NOV-23','DD-MON-RR'),5,to_date('11-NOV-23','DD-MON-RR'),1,' MARIA.RAMIREZ@example.com        ');
Insert into SYSTEM.CLIENTES (IDCLIENTE,PRIMERNOMBRE,SEGUNDONOMBRE,OTRONOMBRE,PRIMERAPELLIDO,SEGUNDOAPELLIDO,OTROAPELLIDO,DPI,CODIGOPAIS,TELEFONO,FECHANAC,GENERO,DESCDIRECCION,CALLE,AVENIDA,ZONA,MUNICIPIO,DEPARTAMENTO,IDUSUARIOCRE,FECHACREACION,IDUSUARIOMOD,FECHAMODIF,ESTADO,CORREO) values (126,' RAUL          ','ESTUARDO',null,' MARTINEZ         ','JUAN',null,'478986944856',77,'12548987',to_date('12-JAN-83','DD-MON-RR'),2,' 67-89 ZONA 6                 ','67','89','98',106,9,5,to_date('11-NOV-23','DD-MON-RR'),5,to_date('11-NOV-23','DD-MON-RR'),1,' RAUL.MMARTINEZ@example.com        ');
Insert into SYSTEM.CLIENTES (IDCLIENTE,PRIMERNOMBRE,SEGUNDONOMBRE,OTRONOMBRE,PRIMERAPELLIDO,SEGUNDOAPELLIDO,OTROAPELLIDO,DPI,CODIGOPAIS,TELEFONO,FECHANAC,GENERO,DESCDIRECCION,CALLE,AVENIDA,ZONA,MUNICIPIO,DEPARTAMENTO,IDUSUARIOCRE,FECHACREACION,IDUSUARIOMOD,FECHAMODIF,ESTADO,CORREO) values (128,' ANDREA        ',' BELEN           ',null,' LOPEZ            ',' CASTILLO          ',null,'8901234567890',77,'45678901',to_date('18-FEB-85','DD-MON-RR'),1,' 12-34 COLONIA VISTA HERMOSA  ','12','34','10',106,9,5,to_date('11-NOV-23','DD-MON-RR'),5,to_date('11-NOV-23','DD-MON-RR'),1,' ANDREA.LOPEZ@example.com         ');
Insert into SYSTEM.CLIENTES (IDCLIENTE,PRIMERNOMBRE,SEGUNDONOMBRE,OTRONOMBRE,PRIMERAPELLIDO,SEGUNDOAPELLIDO,OTROAPELLIDO,DPI,CODIGOPAIS,TELEFONO,FECHANAC,GENERO,DESCDIRECCION,CALLE,AVENIDA,ZONA,MUNICIPIO,DEPARTAMENTO,IDUSUARIOCRE,FECHACREACION,IDUSUARIOMOD,FECHAMODIF,ESTADO,CORREO) values (129,' JAVIER        ',' EDUARDO         ',null,' GOMEZ            ',' PEREZ             ',null,'5678901234567',77,'23456789',to_date('07-OCT-90','DD-MON-RR'),2,' 56-78 ZONA 7                 ','56','78','7',106,9,5,to_date('11-NOV-23','DD-MON-RR'),5,to_date('11-NOV-23','DD-MON-RR'),1,' JAVIER.GOMEZ@example.com         ');
Insert into SYSTEM.CLIENTES (IDCLIENTE,PRIMERNOMBRE,SEGUNDONOMBRE,OTRONOMBRE,PRIMERAPELLIDO,SEGUNDOAPELLIDO,OTROAPELLIDO,DPI,CODIGOPAIS,TELEFONO,FECHANAC,GENERO,DESCDIRECCION,CALLE,AVENIDA,ZONA,MUNICIPIO,DEPARTAMENTO,IDUSUARIOCRE,FECHACREACION,IDUSUARIOMOD,FECHAMODIF,ESTADO,CORREO) values (130,' MARTA         ',' PATRICIA        ',null,' RAMIREZ          ',' PEREZ             ',null,'2345678901234',77,'56789012',to_date('25-DEC-87','DD-MON-RR'),1,' 23-45 COLONIA EL ROSARIO    ','23','45','13',106,9,5,to_date('11-NOV-23','DD-MON-RR'),5,to_date('11-NOV-23','DD-MON-RR'),1,' MARTA.RAMIREZ@example.com        ');
Insert into SYSTEM.CLIENTES (IDCLIENTE,PRIMERNOMBRE,SEGUNDONOMBRE,OTRONOMBRE,PRIMERAPELLIDO,SEGUNDOAPELLIDO,OTROAPELLIDO,DPI,CODIGOPAIS,TELEFONO,FECHANAC,GENERO,DESCDIRECCION,CALLE,AVENIDA,ZONA,MUNICIPIO,DEPARTAMENTO,IDUSUARIOCRE,FECHACREACION,IDUSUARIOMOD,FECHAMODIF,ESTADO,CORREO) values (131,' ALEJANDRO     ',' ALFREDO         ',null,' MARTINEZ         ',' RAMIREZ           ',null,'5678901234567',77,'34567890',to_date('09-SEP-80','DD-MON-RR'),2,' 34-56 AVENIDA LAS AMERICAS   ','34','56','9',106,9,5,to_date('11-NOV-23','DD-MON-RR'),5,to_date('11-NOV-23','DD-MON-RR'),1,' ALEJANDRO.MARTINEZ@example.com   ');
Insert into SYSTEM.CLIENTES (IDCLIENTE,PRIMERNOMBRE,SEGUNDONOMBRE,OTRONOMBRE,PRIMERAPELLIDO,SEGUNDOAPELLIDO,OTROAPELLIDO,DPI,CODIGOPAIS,TELEFONO,FECHANAC,GENERO,DESCDIRECCION,CALLE,AVENIDA,ZONA,MUNICIPIO,DEPARTAMENTO,IDUSUARIOCRE,FECHACREACION,IDUSUARIOMOD,FECHAMODIF,ESTADO,CORREO) values (132,' CLARA         ',' ISABEL          ',null,' PEREZ            ',' GOMEZ             ',null,'2345678901234',77,'67890123',to_date('12-NOV-88','DD-MON-RR'),1,' 45-67 ZONA 15                ','45','67','15',106,9,5,to_date('11-NOV-23','DD-MON-RR'),5,to_date('11-NOV-23','DD-MON-RR'),1,' CLARA.PEREZ@example.com          ');
Insert into SYSTEM.CLIENTES (IDCLIENTE,PRIMERNOMBRE,SEGUNDONOMBRE,OTRONOMBRE,PRIMERAPELLIDO,SEGUNDOAPELLIDO,OTROAPELLIDO,DPI,CODIGOPAIS,TELEFONO,FECHANAC,GENERO,DESCDIRECCION,CALLE,AVENIDA,ZONA,MUNICIPIO,DEPARTAMENTO,IDUSUARIOCRE,FECHACREACION,IDUSUARIOMOD,FECHAMODIF,ESTADO,CORREO) values (133,' JULIO         ',' ANTONIO         ',null,' CASTILLO         ',' RAMIREZ           ',null,'5678901234567',77,'12345678',to_date('30-JUL-82','DD-MON-RR'),2,' 56-78 CALLE LOS PINOS      ','56','78','14',106,9,5,to_date('11-NOV-23','DD-MON-RR'),5,to_date('11-NOV-23','DD-MON-RR'),1,' JULIO.CASTILLO@example.com       ');
Insert into SYSTEM.CLIENTES (IDCLIENTE,PRIMERNOMBRE,SEGUNDONOMBRE,OTRONOMBRE,PRIMERAPELLIDO,SEGUNDOAPELLIDO,OTROAPELLIDO,DPI,CODIGOPAIS,TELEFONO,FECHANAC,GENERO,DESCDIRECCION,CALLE,AVENIDA,ZONA,MUNICIPIO,DEPARTAMENTO,IDUSUARIOCRE,FECHACREACION,IDUSUARIOMOD,FECHAMODIF,ESTADO,CORREO) values (134,' LILIANA       ',' PATRICIA        ',null,' LOPEZ            ',' CASTILLO          ',null,'1234567890123',77,'56789012',to_date('07-APR-86','DD-MON-RR'),1,' 67-89 COLONIA LOS OLIVOS    ','67','89','18',106,9,5,to_date('11-NOV-23','DD-MON-RR'),5,to_date('11-NOV-23','DD-MON-RR'),1,' LILIANA.LOPEZ@example.com        ');
Insert into SYSTEM.CLIENTES (IDCLIENTE,PRIMERNOMBRE,SEGUNDONOMBRE,OTRONOMBRE,PRIMERAPELLIDO,SEGUNDOAPELLIDO,OTROAPELLIDO,DPI,CODIGOPAIS,TELEFONO,FECHANAC,GENERO,DESCDIRECCION,CALLE,AVENIDA,ZONA,MUNICIPIO,DEPARTAMENTO,IDUSUARIOCRE,FECHACREACION,IDUSUARIOMOD,FECHAMODIF,ESTADO,CORREO) values (135,' FRANCISCO     ',' ALFONSO         ',null,' RAMIREZ          ',' GOMEZ             ',null,'7890123456789',77,'23456789',to_date('21-FEB-79','DD-MON-RR'),2,' 78-90 AVENIDA REFORMA        ','78','90','10',106,9,5,to_date('11-NOV-23','DD-MON-RR'),5,to_date('11-NOV-23','DD-MON-RR'),1,' FRANCISCO.RAMIREZ@example.com    ');
Insert into SYSTEM.CLIENTES (IDCLIENTE,PRIMERNOMBRE,SEGUNDONOMBRE,OTRONOMBRE,PRIMERAPELLIDO,SEGUNDOAPELLIDO,OTROAPELLIDO,DPI,CODIGOPAIS,TELEFONO,FECHANAC,GENERO,DESCDIRECCION,CALLE,AVENIDA,ZONA,MUNICIPIO,DEPARTAMENTO,IDUSUARIOCRE,FECHACREACION,IDUSUARIOMOD,FECHAMODIF,ESTADO,CORREO) values (136,' MARTINA       ',' SOLEDAD         ',null,' PEREZ            ',' CASTILLO          ',null,'2345678901234',77,'34567890',to_date('15-SEP-95','DD-MON-RR'),1,' 12-34 COLONIA EL CARMEN      ','12','34','7',106,9,5,to_date('11-NOV-23','DD-MON-RR'),5,to_date('11-NOV-23','DD-MON-RR'),1,' MARTINA.PEREZ@example.com        ');
Insert into SYSTEM.CLIENTES (IDCLIENTE,PRIMERNOMBRE,SEGUNDONOMBRE,OTRONOMBRE,PRIMERAPELLIDO,SEGUNDOAPELLIDO,OTROAPELLIDO,DPI,CODIGOPAIS,TELEFONO,FECHANAC,GENERO,DESCDIRECCION,CALLE,AVENIDA,ZONA,MUNICIPIO,DEPARTAMENTO,IDUSUARIOCRE,FECHACREACION,IDUSUARIOMOD,FECHAMODIF,ESTADO,CORREO) values (137,' EDUARDO       ',' JOSE            ',null,' GUTIERREZ        ',' PEREZ             ',null,'5678901234567',77,'56789012',to_date('29-MAR-90','DD-MON-RR'),2,' 56-78 AVENIDA EL PRADO      ','56','78','8',106,9,5,to_date('11-NOV-23','DD-MON-RR'),5,to_date('11-NOV-23','DD-MON-RR'),1,' EDUARDO.GUTIERREZ@example.com    ');
Insert into SYSTEM.CLIENTES (IDCLIENTE,PRIMERNOMBRE,SEGUNDONOMBRE,OTRONOMBRE,PRIMERAPELLIDO,SEGUNDOAPELLIDO,OTROAPELLIDO,DPI,CODIGOPAIS,TELEFONO,FECHANAC,GENERO,DESCDIRECCION,CALLE,AVENIDA,ZONA,MUNICIPIO,DEPARTAMENTO,IDUSUARIOCRE,FECHACREACION,IDUSUARIOMOD,FECHAMODIF,ESTADO,CORREO) values (138,' LUCIA         ',' CAROLINA        ',null,' RAMIREZ          ',' SANTOS            ',null,'1234567890123',77,'78901234',to_date('03-JAN-88','DD-MON-RR'),1,' 67-89 ZONA 12                ','67','89','12',106,9,5,to_date('11-NOV-23','DD-MON-RR'),5,to_date('11-NOV-23','DD-MON-RR'),1,' LUCIA.RAMIREZ@example.com        ');
Insert into SYSTEM.CLIENTES (IDCLIENTE,PRIMERNOMBRE,SEGUNDONOMBRE,OTRONOMBRE,PRIMERAPELLIDO,SEGUNDOAPELLIDO,OTROAPELLIDO,DPI,CODIGOPAIS,TELEFONO,FECHANAC,GENERO,DESCDIRECCION,CALLE,AVENIDA,ZONA,MUNICIPIO,DEPARTAMENTO,IDUSUARIOCRE,FECHACREACION,IDUSUARIOMOD,FECHAMODIF,ESTADO,CORREO) values (139,' PABLO         ',' EDUARDO         ',null,' CASTILLO         ',' LOPEZ             ',null,'8901234567890',77,'23456789',to_date('16-MAY-79','DD-MON-RR'),2,' 34-56 CALLE LAS FLORES      ','34','56','5',106,9,5,to_date('11-NOV-23','DD-MON-RR'),5,to_date('11-NOV-23','DD-MON-RR'),1,' PABLO.CASTILLO@example.com       ');
Insert into SYSTEM.CLIENTES (IDCLIENTE,PRIMERNOMBRE,SEGUNDONOMBRE,OTRONOMBRE,PRIMERAPELLIDO,SEGUNDOAPELLIDO,OTROAPELLIDO,DPI,CODIGOPAIS,TELEFONO,FECHANAC,GENERO,DESCDIRECCION,CALLE,AVENIDA,ZONA,MUNICIPIO,DEPARTAMENTO,IDUSUARIOCRE,FECHACREACION,IDUSUARIOMOD,FECHAMODIF,ESTADO,CORREO) values (140,' MARINA        ',' VICTORIA        ',null,' LOPEZ            ',' CRUZ              ',null,'2345678901234',77,'56789012',to_date('22-APR-92','DD-MON-RR'),1,' 45-67 AVENIDA LAS PALMAS   ','45','67','17',106,9,5,to_date('11-NOV-23','DD-MON-RR'),5,to_date('11-NOV-23','DD-MON-RR'),1,' MARINA.LOPEZ@example.com         ');
Insert into SYSTEM.CLIENTES (IDCLIENTE,PRIMERNOMBRE,SEGUNDONOMBRE,OTRONOMBRE,PRIMERAPELLIDO,SEGUNDOAPELLIDO,OTROAPELLIDO,DPI,CODIGOPAIS,TELEFONO,FECHANAC,GENERO,DESCDIRECCION,CALLE,AVENIDA,ZONA,MUNICIPIO,DEPARTAMENTO,IDUSUARIOCRE,FECHACREACION,IDUSUARIOMOD,FECHAMODIF,ESTADO,CORREO) values (141,' JOSE          ',' ANTONIO         ',null,' PEREZ            ',' RAMIREZ           ',null,'5678901234567',77,'67890123',to_date('11-OCT-81','DD-MON-RR'),2,' 56-78 COLONIA VISTA HERMOSA  ','56','78','11',106,9,5,to_date('11-NOV-23','DD-MON-RR'),5,to_date('11-NOV-23','DD-MON-RR'),1,' JOSE.PEREZ@example.com           ');
Insert into SYSTEM.CLIENTES (IDCLIENTE,PRIMERNOMBRE,SEGUNDONOMBRE,OTRONOMBRE,PRIMERAPELLIDO,SEGUNDOAPELLIDO,OTROAPELLIDO,DPI,CODIGOPAIS,TELEFONO,FECHANAC,GENERO,DESCDIRECCION,CALLE,AVENIDA,ZONA,MUNICIPIO,DEPARTAMENTO,IDUSUARIOCRE,FECHACREACION,IDUSUARIOMOD,FECHAMODIF,ESTADO,CORREO) values (142,' CLAUDIA       ',' VICTORIA        ',null,' RAMIREZ          ',' PEREZ             ',null,'2345678901234',77,'12345678',to_date('07-JUL-89','DD-MON-RR'),1,' 67-89 ZONA 9                 ','67','89','9',106,9,5,to_date('11-NOV-23','DD-MON-RR'),5,to_date('11-NOV-23','DD-MON-RR'),1,' CLAUDIA.RAMIREZ@example.com      ');
Insert into SYSTEM.CLIENTES (IDCLIENTE,PRIMERNOMBRE,SEGUNDONOMBRE,OTRONOMBRE,PRIMERAPELLIDO,SEGUNDOAPELLIDO,OTROAPELLIDO,DPI,CODIGOPAIS,TELEFONO,FECHANAC,GENERO,DESCDIRECCION,CALLE,AVENIDA,ZONA,MUNICIPIO,DEPARTAMENTO,IDUSUARIOCRE,FECHACREACION,IDUSUARIOMOD,FECHAMODIF,ESTADO,CORREO) values (143,' MIGUEL        ',' ANGEL           ',null,' MARTINEZ         ',' PEREZ             ',null,'5678901234567',77,'23456789',to_date('14-MAR-94','DD-MON-RR'),2,' 78-90 AVENIDA LAS AMERICAS   ','78','90','8',106,9,5,to_date('11-NOV-23','DD-MON-RR'),5,to_date('11-NOV-23','DD-MON-RR'),1,' MIGUEL.MARTINEZ@example.com      ');
Insert into SYSTEM.CLIENTES (IDCLIENTE,PRIMERNOMBRE,SEGUNDONOMBRE,OTRONOMBRE,PRIMERAPELLIDO,SEGUNDOAPELLIDO,OTROAPELLIDO,DPI,CODIGOPAIS,TELEFONO,FECHANAC,GENERO,DESCDIRECCION,CALLE,AVENIDA,ZONA,MUNICIPIO,DEPARTAMENTO,IDUSUARIOCRE,FECHACREACION,IDUSUARIOMOD,FECHAMODIF,ESTADO,CORREO) values (144,' SOFIA         ',' ISABEL          ',null,' CASTILLO         ',' GOMEZ             ',null,'1234567890123',77,'56789012',to_date('19-AUG-85','DD-MON-RR'),1,' 23-45 COLONIA LOS OLIVOS    ','23','45','15',106,9,5,to_date('11-NOV-23','DD-MON-RR'),5,to_date('11-NOV-23','DD-MON-RR'),1,' SOFIA.CASTILLO@example.com       ');
Insert into SYSTEM.CLIENTES (IDCLIENTE,PRIMERNOMBRE,SEGUNDONOMBRE,OTRONOMBRE,PRIMERAPELLIDO,SEGUNDOAPELLIDO,OTROAPELLIDO,DPI,CODIGOPAIS,TELEFONO,FECHANAC,GENERO,DESCDIRECCION,CALLE,AVENIDA,ZONA,MUNICIPIO,DEPARTAMENTO,IDUSUARIOCRE,FECHACREACION,IDUSUARIOMOD,FECHAMODIF,ESTADO,CORREO) values (145,' RAUL          ',' EDUARDO         ',null,' LOPEZ            ',' SANTOS            ',null,'5678901234567',77,'89012345',to_date('27-JUN-88','DD-MON-RR'),2,' 56-78 ZONA 14                ','56','78','14',106,9,5,to_date('11-NOV-23','DD-MON-RR'),5,to_date('11-NOV-23','DD-MON-RR'),1,' RAUL.LOPEZ@example.com           ');
Insert into SYSTEM.CLIENTES (IDCLIENTE,PRIMERNOMBRE,SEGUNDONOMBRE,OTRONOMBRE,PRIMERAPELLIDO,SEGUNDOAPELLIDO,OTROAPELLIDO,DPI,CODIGOPAIS,TELEFONO,FECHANAC,GENERO,DESCDIRECCION,CALLE,AVENIDA,ZONA,MUNICIPIO,DEPARTAMENTO,IDUSUARIOCRE,FECHACREACION,IDUSUARIOMOD,FECHAMODIF,ESTADO,CORREO) values (146,' EVA           ',' VICTORIA        ',null,' PEREZ            ',' CASTILLO          ',null,'2345678901234',77,'12345678',to_date('02-JAN-91','DD-MON-RR'),1,' 67-89 COLONIA LOS ALAMOS    ','67','89','11',106,9,5,to_date('11-NOV-23','DD-MON-RR'),5,to_date('11-NOV-23','DD-MON-RR'),1,' EVA.PEREZ@example.com            ');
Insert into SYSTEM.CLIENTES (IDCLIENTE,PRIMERNOMBRE,SEGUNDONOMBRE,OTRONOMBRE,PRIMERAPELLIDO,SEGUNDOAPELLIDO,OTROAPELLIDO,DPI,CODIGOPAIS,TELEFONO,FECHANAC,GENERO,DESCDIRECCION,CALLE,AVENIDA,ZONA,MUNICIPIO,DEPARTAMENTO,IDUSUARIOCRE,FECHACREACION,IDUSUARIOMOD,FECHAMODIF,ESTADO,CORREO) values (147,' ANDRES        ',' EDUARDO         ',null,' MARTINEZ         ',' PEREZ             ',null,'5678901234567',77,'23456789',to_date('19-FEB-78','DD-MON-RR'),2,' 78-90 AVENIDA LA LIBERTAD   ','78','90','6',106,9,5,to_date('11-NOV-23','DD-MON-RR'),5,to_date('11-NOV-23','DD-MON-RR'),1,' ANDRES.MARTINEZ@example.com      ');
Insert into SYSTEM.CLIENTES (IDCLIENTE,PRIMERNOMBRE,SEGUNDONOMBRE,OTRONOMBRE,PRIMERAPELLIDO,SEGUNDOAPELLIDO,OTROAPELLIDO,DPI,CODIGOPAIS,TELEFONO,FECHANAC,GENERO,DESCDIRECCION,CALLE,AVENIDA,ZONA,MUNICIPIO,DEPARTAMENTO,IDUSUARIOCRE,FECHACREACION,IDUSUARIOMOD,FECHAMODIF,ESTADO,CORREO) values (204,' CLARA         ',' VICTORIA        ',null,' PEREZ            ',' CASTILLO          ',null,'2345678901234',77,'45678901',to_date('15-JUL-82','DD-MON-RR'),1,' 12-34 COLONIA LAS PALMAS    ','12','34','17',106,9,5,to_date('11-NOV-23','DD-MON-RR'),5,to_date('11-NOV-23','DD-MON-RR'),1,' CLARA.PEREZ@example.com          ');
Insert into SYSTEM.CLIENTES (IDCLIENTE,PRIMERNOMBRE,SEGUNDONOMBRE,OTRONOMBRE,PRIMERAPELLIDO,SEGUNDOAPELLIDO,OTROAPELLIDO,DPI,CODIGOPAIS,TELEFONO,FECHANAC,GENERO,DESCDIRECCION,CALLE,AVENIDA,ZONA,MUNICIPIO,DEPARTAMENTO,IDUSUARIOCRE,FECHACREACION,IDUSUARIOMOD,FECHAMODIF,ESTADO,CORREO) values (205,' GABRIEL       ',' ANTONIO         ',null,' RAMIREZ          ',' CRUZ              ',null,'5678901234567',77,'23456789',to_date('28-APR-89','DD-MON-RR'),2,' 45-67 AVENIDA LAS FLORES   ','45','67','16',106,9,5,to_date('11-NOV-23','DD-MON-RR'),5,to_date('11-NOV-23','DD-MON-RR'),1,' GABRIEL.RAMIREZ@example.com      ');
Insert into SYSTEM.CLIENTES (IDCLIENTE,PRIMERNOMBRE,SEGUNDONOMBRE,OTRONOMBRE,PRIMERAPELLIDO,SEGUNDOAPELLIDO,OTROAPELLIDO,DPI,CODIGOPAIS,TELEFONO,FECHANAC,GENERO,DESCDIRECCION,CALLE,AVENIDA,ZONA,MUNICIPIO,DEPARTAMENTO,IDUSUARIOCRE,FECHACREACION,IDUSUARIOMOD,FECHAMODIF,ESTADO,CORREO) values (206,' LAURA         ',' FERNANDA        ',null,' CASTILLO         ',' SANTOS            ',null,'1234567890123',77,'56789012',to_date('03-MAR-96','DD-MON-RR'),1,' 56-78 ZONA 4                 ','56','78','4',106,9,5,to_date('11-NOV-23','DD-MON-RR'),5,to_date('11-NOV-23','DD-MON-RR'),1,' LAURA.CASTILLO@example.com       ');
Insert into SYSTEM.CLIENTES (IDCLIENTE,PRIMERNOMBRE,SEGUNDONOMBRE,OTRONOMBRE,PRIMERAPELLIDO,SEGUNDOAPELLIDO,OTROAPELLIDO,DPI,CODIGOPAIS,TELEFONO,FECHANAC,GENERO,DESCDIRECCION,CALLE,AVENIDA,ZONA,MUNICIPIO,DEPARTAMENTO,IDUSUARIOCRE,FECHACREACION,IDUSUARIOMOD,FECHAMODIF,ESTADO,CORREO) values (207,' JAVIER        ',' EDUARDO         ',null,' GOMEZ            ',' CRUZ              ',null,'5678901234567',77,'78901234',to_date('22-NOV-78','DD-MON-RR'),2,' 67-89 COLONIA EL PRADO      ','67','89','10',106,9,5,to_date('11-NOV-23','DD-MON-RR'),5,to_date('11-NOV-23','DD-MON-RR'),1,' JAVIER.GOMEZ@example.com         ');
Insert into SYSTEM.CLIENTES (IDCLIENTE,PRIMERNOMBRE,SEGUNDONOMBRE,OTRONOMBRE,PRIMERAPELLIDO,SEGUNDOAPELLIDO,OTROAPELLIDO,DPI,CODIGOPAIS,TELEFONO,FECHANAC,GENERO,DESCDIRECCION,CALLE,AVENIDA,ZONA,MUNICIPIO,DEPARTAMENTO,IDUSUARIOCRE,FECHACREACION,IDUSUARIOMOD,FECHAMODIF,ESTADO,CORREO) values (208,' MARTINA       ',' SOFIA           ',null,' PEREZ            ',' GUTIERREZ         ',null,'2345678901234',77,'90123456',to_date('14-JAN-93','DD-MON-RR'),1,' 78-90 AVENIDA EL ROSARIO    ','78','90','18',106,9,5,to_date('11-NOV-23','DD-MON-RR'),5,to_date('11-NOV-23','DD-MON-RR'),1,' MARTINA.PEREZ@example.com        ');
Insert into SYSTEM.CLIENTES (IDCLIENTE,PRIMERNOMBRE,SEGUNDONOMBRE,OTRONOMBRE,PRIMERAPELLIDO,SEGUNDOAPELLIDO,OTROAPELLIDO,DPI,CODIGOPAIS,TELEFONO,FECHANAC,GENERO,DESCDIRECCION,CALLE,AVENIDA,ZONA,MUNICIPIO,DEPARTAMENTO,IDUSUARIOCRE,FECHACREACION,IDUSUARIOMOD,FECHAMODIF,ESTADO,CORREO) values (209,' CARLOS        ',' EDUARDO         ',null,' LOPEZ            ',' GOMEZ             ',null,'8901234567890',77,'34567890',to_date('01-OCT-87','DD-MON-RR'),2,' 34-56 AVENIDA LAS AMERICAS   ','34','56','9',106,9,5,to_date('11-NOV-23','DD-MON-RR'),5,to_date('11-NOV-23','DD-MON-RR'),1,' CARLOS.LOPEZ@example.com         ');
Insert into SYSTEM.CLIENTES (IDCLIENTE,PRIMERNOMBRE,SEGUNDONOMBRE,OTRONOMBRE,PRIMERAPELLIDO,SEGUNDOAPELLIDO,OTROAPELLIDO,DPI,CODIGOPAIS,TELEFONO,FECHANAC,GENERO,DESCDIRECCION,CALLE,AVENIDA,ZONA,MUNICIPIO,DEPARTAMENTO,IDUSUARIOCRE,FECHACREACION,IDUSUARIOMOD,FECHAMODIF,ESTADO,CORREO) values (210,' ANDREA        ',' MARIA           ',null,' RAMIREZ          ',' CASTILLO          ',null,'2345678901234',77,'56789012',to_date('26-SEP-80','DD-MON-RR'),1,' 45-67 ZONA 15                ','45','67','15',106,9,5,to_date('11-NOV-23','DD-MON-RR'),5,to_date('11-NOV-23','DD-MON-RR'),1,' ANDREA.RAMIREZ@example.com       ');
Insert into SYSTEM.CLIENTES (IDCLIENTE,PRIMERNOMBRE,SEGUNDONOMBRE,OTRONOMBRE,PRIMERAPELLIDO,SEGUNDOAPELLIDO,OTROAPELLIDO,DPI,CODIGOPAIS,TELEFONO,FECHANAC,GENERO,DESCDIRECCION,CALLE,AVENIDA,ZONA,MUNICIPIO,DEPARTAMENTO,IDUSUARIOCRE,FECHACREACION,IDUSUARIOMOD,FECHAMODIF,ESTADO,CORREO) values (211,' PABLO         ',' ANTONIO         ',null,' CASTILLO         ',' PEREZ             ',null,'5678901234567',77,'12345678',to_date('11-AUG-91','DD-MON-RR'),2,' 56-78 CALLE LOS OLIVOS      ','56','78','19',106,9,5,to_date('11-NOV-23','DD-MON-RR'),5,to_date('11-NOV-23','DD-MON-RR'),1,' PABLO.CASTILLO@example.com       ');
Insert into SYSTEM.CLIENTES (IDCLIENTE,PRIMERNOMBRE,SEGUNDONOMBRE,OTRONOMBRE,PRIMERAPELLIDO,SEGUNDOAPELLIDO,OTROAPELLIDO,DPI,CODIGOPAIS,TELEFONO,FECHANAC,GENERO,DESCDIRECCION,CALLE,AVENIDA,ZONA,MUNICIPIO,DEPARTAMENTO,IDUSUARIOCRE,FECHACREACION,IDUSUARIOMOD,FECHAMODIF,ESTADO,CORREO) values (212,' EVA           ',' BELEN           ',null,' GOMEZ            ',' CRUZ              ',null,'1234567890123',77,'23456789',to_date('03-FEB-84','DD-MON-RR'),1,' 67-89 COLONIA EL ROSARIO    ','67','89','3',106,9,5,to_date('11-NOV-23','DD-MON-RR'),5,to_date('11-NOV-23','DD-MON-RR'),1,' EVA.GOMEZ@example.com            ');
Insert into SYSTEM.CLIENTES (IDCLIENTE,PRIMERNOMBRE,SEGUNDONOMBRE,OTRONOMBRE,PRIMERAPELLIDO,SEGUNDOAPELLIDO,OTROAPELLIDO,DPI,CODIGOPAIS,TELEFONO,FECHANAC,GENERO,DESCDIRECCION,CALLE,AVENIDA,ZONA,MUNICIPIO,DEPARTAMENTO,IDUSUARIOCRE,FECHACREACION,IDUSUARIOMOD,FECHAMODIF,ESTADO,CORREO) values (213,' RAUL          ',' EDUARDO         ',null,' RAMIREZ          ',' CASTILLO          ',null,'5678901234567',77,'67890123',to_date('20-JUN-95','DD-MON-RR'),2,' 78-90 AVENIDA REFORMA        ','78','90','8',106,9,5,to_date('11-NOV-23','DD-MON-RR'),5,to_date('11-NOV-23','DD-MON-RR'),1,' RAUL.RAMIREZ@example.com         ');
Insert into SYSTEM.CLIENTES (IDCLIENTE,PRIMERNOMBRE,SEGUNDONOMBRE,OTRONOMBRE,PRIMERAPELLIDO,SEGUNDOAPELLIDO,OTROAPELLIDO,DPI,CODIGOPAIS,TELEFONO,FECHANAC,GENERO,DESCDIRECCION,CALLE,AVENIDA,ZONA,MUNICIPIO,DEPARTAMENTO,IDUSUARIOCRE,FECHACREACION,IDUSUARIOMOD,FECHAMODIF,ESTADO,CORREO) values (214,' MARTA         ',' CAROLINA        ',null,' PEREZ            ',' LOPEZ             ',null,'2345678901234',77,'34567890',to_date('15-MAR-83','DD-MON-RR'),1,' 12-34 COLONIA VISTA HERMOSA  ','12','34','6',106,9,5,to_date('11-NOV-23','DD-MON-RR'),5,to_date('11-NOV-23','DD-MON-RR'),1,' MARTA.PEREZ@example.com          ');
Insert into SYSTEM.CLIENTES (IDCLIENTE,PRIMERNOMBRE,SEGUNDONOMBRE,OTRONOMBRE,PRIMERAPELLIDO,SEGUNDOAPELLIDO,OTROAPELLIDO,DPI,CODIGOPAIS,TELEFONO,FECHANAC,GENERO,DESCDIRECCION,CALLE,AVENIDA,ZONA,MUNICIPIO,DEPARTAMENTO,IDUSUARIOCRE,FECHACREACION,IDUSUARIOMOD,FECHAMODIF,ESTADO,CORREO) values (215,' JUAN          ',' ANTONIO         ',null,' LOPEZ            ',' SANTOS            ',null,'5678901234567',77,'56789012',to_date('02-JUL-79','DD-MON-RR'),2,' 45-67 ZONA 7                 ','45','67','7',106,9,5,to_date('11-NOV-23','DD-MON-RR'),5,to_date('11-NOV-23','DD-MON-RR'),1,' JUAN.LOPEZ@example.com           ');
Insert into SYSTEM.CLIENTES (IDCLIENTE,PRIMERNOMBRE,SEGUNDONOMBRE,OTRONOMBRE,PRIMERAPELLIDO,SEGUNDOAPELLIDO,OTROAPELLIDO,DPI,CODIGOPAIS,TELEFONO,FECHANAC,GENERO,DESCDIRECCION,CALLE,AVENIDA,ZONA,MUNICIPIO,DEPARTAMENTO,IDUSUARIOCRE,FECHACREACION,IDUSUARIOMOD,FECHAMODIF,ESTADO,CORREO) values (216,' CLAUDIA       ',' ISABEL          ',null,' RAMIREZ          ',' PEREZ             ',null,'2345678901234',77,'78901234',to_date('28-DEC-92','DD-MON-RR'),1,' 56-78 COLONIA LOS PINOS      ','56','78','14',106,9,5,to_date('11-NOV-23','DD-MON-RR'),5,to_date('11-NOV-23','DD-MON-RR'),1,' CLAUDIA.RAMIREZ@example.com      ');
Insert into SYSTEM.CLIENTES (IDCLIENTE,PRIMERNOMBRE,SEGUNDONOMBRE,OTRONOMBRE,PRIMERAPELLIDO,SEGUNDOAPELLIDO,OTROAPELLIDO,DPI,CODIGOPAIS,TELEFONO,FECHANAC,GENERO,DESCDIRECCION,CALLE,AVENIDA,ZONA,MUNICIPIO,DEPARTAMENTO,IDUSUARIOCRE,FECHACREACION,IDUSUARIOMOD,FECHAMODIF,ESTADO,CORREO) values (217,' FELIPE        ',' ENRIQUE         ',null,' CASTILLO         ',' GOMEZ             ',null,'5678901234567',77,'23456789',to_date('09-MAY-84','DD-MON-RR'),2,' 67-89 AVENIDA LAS PALMAS   ','67','89','17',106,9,5,to_date('11-NOV-23','DD-MON-RR'),5,to_date('11-NOV-23','DD-MON-RR'),1,' FELIPE.CASTILLO@example.com      ');
Insert into SYSTEM.CLIENTES (IDCLIENTE,PRIMERNOMBRE,SEGUNDONOMBRE,OTRONOMBRE,PRIMERAPELLIDO,SEGUNDOAPELLIDO,OTROAPELLIDO,DPI,CODIGOPAIS,TELEFONO,FECHANAC,GENERO,DESCDIRECCION,CALLE,AVENIDA,ZONA,MUNICIPIO,DEPARTAMENTO,IDUSUARIOCRE,FECHACREACION,IDUSUARIOMOD,FECHAMODIF,ESTADO,CORREO) values (218,' LILIANA       ',' VICTORIA        ',null,' LOPEZ            ',' PEREZ             ',null,'1234567890123',77,'56789012',to_date('17-AUG-86','DD-MON-RR'),1,' 78-90 AVENIDA LAS FLORES   ','78','90','5',106,9,5,to_date('11-NOV-23','DD-MON-RR'),5,to_date('11-NOV-23','DD-MON-RR'),1,' LILIANA.LOPEZ@example.com        ');
Insert into SYSTEM.CLIENTES (IDCLIENTE,PRIMERNOMBRE,SEGUNDONOMBRE,OTRONOMBRE,PRIMERAPELLIDO,SEGUNDOAPELLIDO,OTROAPELLIDO,DPI,CODIGOPAIS,TELEFONO,FECHANAC,GENERO,DESCDIRECCION,CALLE,AVENIDA,ZONA,MUNICIPIO,DEPARTAMENTO,IDUSUARIOCRE,FECHACREACION,IDUSUARIOMOD,FECHAMODIF,ESTADO,CORREO) values (219,' ALBERTO       ',' EDUARDO         ',null,' GUTIERREZ        ',' RAMIREZ           ',null,'2345678901234',77,'90123456',to_date('10-OCT-79','DD-MON-RR'),2,' 34-56 COLONIA EL CARMEN      ','34','56','7',106,9,5,to_date('11-NOV-23','DD-MON-RR'),5,to_date('11-NOV-23','DD-MON-RR'),1,' ALBERTO.GUTIERREZ@example.com    ');
Insert into SYSTEM.CLIENTES (IDCLIENTE,PRIMERNOMBRE,SEGUNDONOMBRE,OTRONOMBRE,PRIMERAPELLIDO,SEGUNDOAPELLIDO,OTROAPELLIDO,DPI,CODIGOPAIS,TELEFONO,FECHANAC,GENERO,DESCDIRECCION,CALLE,AVENIDA,ZONA,MUNICIPIO,DEPARTAMENTO,IDUSUARIOCRE,FECHACREACION,IDUSUARIOMOD,FECHAMODIF,ESTADO,CORREO) values (220,' MARIA         ',' JOSE            ',null,' RAMIREZ          ',' SANTOS            ',null,'5678901234567',77,'23456789',to_date('05-JAN-89','DD-MON-RR'),1,' 45-67 ZONA 12                ','45','67','12',106,9,5,to_date('11-NOV-23','DD-MON-RR'),5,to_date('11-NOV-23','DD-MON-RR'),1,' MARIA.RAMIREZ@example.com        ');
Insert into SYSTEM.CLIENTES (IDCLIENTE,PRIMERNOMBRE,SEGUNDONOMBRE,OTRONOMBRE,PRIMERAPELLIDO,SEGUNDOAPELLIDO,OTROAPELLIDO,DPI,CODIGOPAIS,TELEFONO,FECHANAC,GENERO,DESCDIRECCION,CALLE,AVENIDA,ZONA,MUNICIPIO,DEPARTAMENTO,IDUSUARIOCRE,FECHACREACION,IDUSUARIOMOD,FECHAMODIF,ESTADO,CORREO) values (221,' GABRIELA      ',' BELEN           ',null,' LOPEZ            ',' CRUZ              ',null,'2345678901234',77,'56789012',to_date('29-JUL-91','DD-MON-RR'),1,' 56-78 CALLE LOS ALAMOS      ','56','78','11',106,9,5,to_date('11-NOV-23','DD-MON-RR'),5,to_date('11-NOV-23','DD-MON-RR'),1,' GABRIELA.LOPEZ@example.com       ');
Insert into SYSTEM.CLIENTES (IDCLIENTE,PRIMERNOMBRE,SEGUNDONOMBRE,OTRONOMBRE,PRIMERAPELLIDO,SEGUNDOAPELLIDO,OTROAPELLIDO,DPI,CODIGOPAIS,TELEFONO,FECHANAC,GENERO,DESCDIRECCION,CALLE,AVENIDA,ZONA,MUNICIPIO,DEPARTAMENTO,IDUSUARIOCRE,FECHACREACION,IDUSUARIOMOD,FECHAMODIF,ESTADO,CORREO) values (222,' MARIO         ',' ALFREDO         ',null,' CASTILLO         ',' PEREZ             ',null,'5678901234567',77,'67890123',to_date('03-APR-94','DD-MON-RR'),2,' 67-89 COLONIA LOS OLIVOS    ','67','89','18',106,9,5,to_date('11-NOV-23','DD-MON-RR'),5,to_date('11-NOV-23','DD-MON-RR'),1,' MARIO.CASTILLO@example.com       ');
Insert into SYSTEM.CLIENTES (IDCLIENTE,PRIMERNOMBRE,SEGUNDONOMBRE,OTRONOMBRE,PRIMERAPELLIDO,SEGUNDOAPELLIDO,OTROAPELLIDO,DPI,CODIGOPAIS,TELEFONO,FECHANAC,GENERO,DESCDIRECCION,CALLE,AVENIDA,ZONA,MUNICIPIO,DEPARTAMENTO,IDUSUARIOCRE,FECHACREACION,IDUSUARIOMOD,FECHAMODIF,ESTADO,CORREO) values (223,' SOFIA         ',' CAROLINA        ',null,' PEREZ            ',' GUTIERREZ         ',null,'1234567890123',77,'89012345',to_date('11-SEP-79','DD-MON-RR'),1,' 78-90 AVENIDA EL PRADO      ','78','90','9',106,9,5,to_date('11-NOV-23','DD-MON-RR'),5,to_date('11-NOV-23','DD-MON-RR'),1,' SOFIA.PEREZ@example.com          ');
Insert into SYSTEM.CLIENTES (IDCLIENTE,PRIMERNOMBRE,SEGUNDONOMBRE,OTRONOMBRE,PRIMERAPELLIDO,SEGUNDOAPELLIDO,OTROAPELLIDO,DPI,CODIGOPAIS,TELEFONO,FECHANAC,GENERO,DESCDIRECCION,CALLE,AVENIDA,ZONA,MUNICIPIO,DEPARTAMENTO,IDUSUARIOCRE,FECHACREACION,IDUSUARIOMOD,FECHAMODIF,ESTADO,CORREO) values (224,' EDUARDO       ',' ANTONIO         ',null,' MARTINEZ         ',' SANTOS            ',null,'5678901234567',77,'12345678',to_date('23-JUN-88','DD-MON-RR'),2,' 12-34 COLONIA VISTA HERMOSA  ','12','34','10',106,9,5,to_date('11-NOV-23','DD-MON-RR'),5,to_date('11-NOV-23','DD-MON-RR'),1,' EDUARDO.MARTINEZ@example.com      ');
Insert into SYSTEM.CLIENTES (IDCLIENTE,PRIMERNOMBRE,SEGUNDONOMBRE,OTRONOMBRE,PRIMERAPELLIDO,SEGUNDOAPELLIDO,OTROAPELLIDO,DPI,CODIGOPAIS,TELEFONO,FECHANAC,GENERO,DESCDIRECCION,CALLE,AVENIDA,ZONA,MUNICIPIO,DEPARTAMENTO,IDUSUARIOCRE,FECHACREACION,IDUSUARIOMOD,FECHAMODIF,ESTADO,CORREO) values (225,' ANDREA        ',' VICTORIA        ',null,' GOMEZ            ',' PEREZ             ',null,'2345678901234',77,'23456789',to_date('19-DEC-90','DD-MON-RR'),1,' 45-67 AVENIDA LAS AMERICAS   ','45','67','15',106,9,5,to_date('11-NOV-23','DD-MON-RR'),5,to_date('11-NOV-23','DD-MON-RR'),1,' ANDREA.GOMEZ@example.com         ');
Insert into SYSTEM.CLIENTES (IDCLIENTE,PRIMERNOMBRE,SEGUNDONOMBRE,OTRONOMBRE,PRIMERAPELLIDO,SEGUNDOAPELLIDO,OTROAPELLIDO,DPI,CODIGOPAIS,TELEFONO,FECHANAC,GENERO,DESCDIRECCION,CALLE,AVENIDA,ZONA,MUNICIPIO,DEPARTAMENTO,IDUSUARIOCRE,FECHACREACION,IDUSUARIOMOD,FECHAMODIF,ESTADO,CORREO) values (226,' JULIO         ',' ALFREDO         ',null,' LOPEZ            ',' GUTIERREZ         ',null,'5678901234567',77,'34567890',to_date('02-JAN-86','DD-MON-RR'),2,' 56-78 COLONIA LOS PINOS      ','56','78','14',106,9,5,to_date('11-NOV-23','DD-MON-RR'),5,to_date('11-NOV-23','DD-MON-RR'),1,' JULIO.LOPEZ@example.com          ');
Insert into SYSTEM.CLIENTES (IDCLIENTE,PRIMERNOMBRE,SEGUNDONOMBRE,OTRONOMBRE,PRIMERAPELLIDO,SEGUNDOAPELLIDO,OTROAPELLIDO,DPI,CODIGOPAIS,TELEFONO,FECHANAC,GENERO,DESCDIRECCION,CALLE,AVENIDA,ZONA,MUNICIPIO,DEPARTAMENTO,IDUSUARIOCRE,FECHACREACION,IDUSUARIOMOD,FECHAMODIF,ESTADO,CORREO) values (227,' MARINA        ',' SOFIA           ',null,' RAMIREZ          ',' CRUZ              ',null,'2345678901234',77,'56789012',to_date('27-MAY-93','DD-MON-RR'),1,' 23-45 COLONIA EL PARAISO    ','23','45','7',106,9,5,to_date('11-NOV-23','DD-MON-RR'),5,to_date('11-NOV-23','DD-MON-RR'),1,' MARINA.RAMIREZ@example.com       ');
Insert into SYSTEM.CLIENTES (IDCLIENTE,PRIMERNOMBRE,SEGUNDONOMBRE,OTRONOMBRE,PRIMERAPELLIDO,SEGUNDOAPELLIDO,OTROAPELLIDO,DPI,CODIGOPAIS,TELEFONO,FECHANAC,GENERO,DESCDIRECCION,CALLE,AVENIDA,ZONA,MUNICIPIO,DEPARTAMENTO,IDUSUARIOCRE,FECHACREACION,IDUSUARIOMOD,FECHAMODIF,ESTADO,CORREO) values (228,' JORGE         ',' JOSE            ',null,' MARTINEZ         ',' PEREZ             ',null,'5678901234567',77,'90123456',to_date('14-SEP-85','DD-MON-RR'),2,' 34-56 AVENIDA LAS PALMAS   ','34','56','17',106,9,5,to_date('11-NOV-23','DD-MON-RR'),5,to_date('11-NOV-23','DD-MON-RR'),1,' JORGE.MARTINEZ@example.com       ');
Insert into SYSTEM.CLIENTES (IDCLIENTE,PRIMERNOMBRE,SEGUNDONOMBRE,OTRONOMBRE,PRIMERAPELLIDO,SEGUNDOAPELLIDO,OTROAPELLIDO,DPI,CODIGOPAIS,TELEFONO,FECHANAC,GENERO,DESCDIRECCION,CALLE,AVENIDA,ZONA,MUNICIPIO,DEPARTAMENTO,IDUSUARIOCRE,FECHACREACION,IDUSUARIOMOD,FECHAMODIF,ESTADO,CORREO) values (229,' LAURA         ',' VICTORIA        ',null,' PEREZ            ',' SANTOS            ',null,'1234567890123',77,'12345678',to_date('09-APR-89','DD-MON-RR'),1,' 56-78 CALLE LOS ALAMOS      ','56','78','11',106,9,5,to_date('11-NOV-23','DD-MON-RR'),5,to_date('11-NOV-23','DD-MON-RR'),1,' LAURA.PEREZ@example.com          ');
Insert into SYSTEM.CLIENTES (IDCLIENTE,PRIMERNOMBRE,SEGUNDONOMBRE,OTRONOMBRE,PRIMERAPELLIDO,SEGUNDOAPELLIDO,OTROAPELLIDO,DPI,CODIGOPAIS,TELEFONO,FECHANAC,GENERO,DESCDIRECCION,CALLE,AVENIDA,ZONA,MUNICIPIO,DEPARTAMENTO,IDUSUARIOCRE,FECHACREACION,IDUSUARIOMOD,FECHAMODIF,ESTADO,CORREO) values (230,' CARLOS        ',' ENRIQUE         ',null,' CASTILLO         ',' RAMIREZ           ',null,'5678901234567',77,'23456789',to_date('26-JUL-92','DD-MON-RR'),2,' 67-89 ZONA 6                 ','67','89','6',106,9,5,to_date('11-NOV-23','DD-MON-RR'),5,to_date('11-NOV-23','DD-MON-RR'),1,' CARLOS.CASTILLO@example.com      ');
Insert into SYSTEM.CLIENTES (IDCLIENTE,PRIMERNOMBRE,SEGUNDONOMBRE,OTRONOMBRE,PRIMERAPELLIDO,SEGUNDOAPELLIDO,OTROAPELLIDO,DPI,CODIGOPAIS,TELEFONO,FECHANAC,GENERO,DESCDIRECCION,CALLE,AVENIDA,ZONA,MUNICIPIO,DEPARTAMENTO,IDUSUARIOCRE,FECHACREACION,IDUSUARIOMOD,FECHAMODIF,ESTADO,CORREO) values (231,' LILIANA       ',' VICTORIA        ',null,' LOPEZ            ',' GUTIERREZ         ',null,'2345678901234',77,'56789012',to_date('10-MAR-87','DD-MON-RR'),1,' 78-90 AVENIDA LA LIBERTAD   ','78','90','8',106,9,5,to_date('11-NOV-23','DD-MON-RR'),5,to_date('11-NOV-23','DD-MON-RR'),1,' LILIANA.LOPEZ@example.com        ');
Insert into SYSTEM.CLIENTES (IDCLIENTE,PRIMERNOMBRE,SEGUNDONOMBRE,OTRONOMBRE,PRIMERAPELLIDO,SEGUNDOAPELLIDO,OTROAPELLIDO,DPI,CODIGOPAIS,TELEFONO,FECHANAC,GENERO,DESCDIRECCION,CALLE,AVENIDA,ZONA,MUNICIPIO,DEPARTAMENTO,IDUSUARIOCRE,FECHACREACION,IDUSUARIOMOD,FECHAMODIF,ESTADO,CORREO) values (232,' DANIEL        ',' EDUARDO         ',null,' PEREZ            ',' GUTIERREZ         ',null,'5678901234567',77,'67890123',to_date('10-MAR-87','DD-MON-RR'),2,' 56-78 COLONIA LOS OLIVOS    ','56','78','17',106,9,5,to_date('11-NOV-23','DD-MON-RR'),5,to_date('11-NOV-23','DD-MON-RR'),1,' DANIEL.PEREZ@example.com         ');
Insert into SYSTEM.CLIENTES (IDCLIENTE,PRIMERNOMBRE,SEGUNDONOMBRE,OTRONOMBRE,PRIMERAPELLIDO,SEGUNDOAPELLIDO,OTROAPELLIDO,DPI,CODIGOPAIS,TELEFONO,FECHANAC,GENERO,DESCDIRECCION,CALLE,AVENIDA,ZONA,MUNICIPIO,DEPARTAMENTO,IDUSUARIOCRE,FECHACREACION,IDUSUARIOMOD,FECHAMODIF,ESTADO,CORREO) values (233,' JULIA         ',' FERNANDA        ',null,' CASTILLO         ',' RAMIREZ           ',null,'2345678901234',77,'90123456',to_date('05-MAY-94','DD-MON-RR'),1,' 67-89 AVENIDA REFORMA        ','67','89','8',106,9,5,to_date('11-NOV-23','DD-MON-RR'),5,to_date('11-NOV-23','DD-MON-RR'),1,' JULIA.CASTILLO@example.com       ');
REM INSERTING into SYSTEM.BODEGA
SET DEFINE OFF;
Insert into SYSTEM.BODEGA (IDBODEGA,NOMBRE,ENCARGADO,CODIGOPAIS,TELEFONO,DESCDIRECCION,CALLE,AVENIDA,ZONA,MUNICIPIO,DEPARTAMENTO,CAPACIDAD,IDUSUARIOCRE,FECHACREACION,IDUSUARIOMOD,FECHAMODIF,ESTADO) values (3,'CENTRAL',33,77,'45678956','12-58 COLONIA NORTE','45','65','01',106,9,1000,5,to_date('11-NOV-23','DD-MON-RR'),5,to_date('11-NOV-23','DD-MON-RR'),1);
Insert into SYSTEM.BODEGA (IDBODEGA,NOMBRE,ENCARGADO,CODIGOPAIS,TELEFONO,DESCDIRECCION,CALLE,AVENIDA,ZONA,MUNICIPIO,DEPARTAMENTO,CAPACIDAD,IDUSUARIOCRE,FECHACREACION,IDUSUARIOMOD,FECHAMODIF,ESTADO) values (4,'SUR',113,77,'44789569','21-58 COLONIA SUR','89','95','12',106,9,1000,5,to_date('11-NOV-23','DD-MON-RR'),5,to_date('11-NOV-23','DD-MON-RR'),1);
Insert into SYSTEM.BODEGA (IDBODEGA,NOMBRE,ENCARGADO,CODIGOPAIS,TELEFONO,DESCDIRECCION,CALLE,AVENIDA,ZONA,MUNICIPIO,DEPARTAMENTO,CAPACIDAD,IDUSUARIOCRE,FECHACREACION,IDUSUARIOMOD,FECHAMODIF,ESTADO) values (5,'NORTE',114,77,'598769587','21-88 COLONIA NORTE','99','86','17',106,9,1000,5,to_date('11-NOV-23','DD-MON-RR'),5,to_date('11-NOV-23','DD-MON-RR'),1);
REM INSERTING into SYSTEM.DEPARTAMENTO
SET DEFINE OFF;
Insert into SYSTEM.DEPARTAMENTO (IDDEPTO,DEPARTAMENTO,IDUSUARIOCREA,FECHACREACION,IDUSUARIOMODIF,FECHAMODIF) values (1,'ALTA VERAPAZ',5,to_date('05-NOV-23','DD-MON-RR'),5,to_date('05-NOV-23','DD-MON-RR'));
Insert into SYSTEM.DEPARTAMENTO (IDDEPTO,DEPARTAMENTO,IDUSUARIOCREA,FECHACREACION,IDUSUARIOMODIF,FECHAMODIF) values (2,'BAJA VERAPAZ',5,to_date('05-NOV-23','DD-MON-RR'),5,to_date('05-NOV-23','DD-MON-RR'));
Insert into SYSTEM.DEPARTAMENTO (IDDEPTO,DEPARTAMENTO,IDUSUARIOCREA,FECHACREACION,IDUSUARIOMODIF,FECHAMODIF) values (3,'CHILMATENANGO',5,to_date('05-NOV-23','DD-MON-RR'),5,to_date('05-NOV-23','DD-MON-RR'));
Insert into SYSTEM.DEPARTAMENTO (IDDEPTO,DEPARTAMENTO,IDUSUARIOCREA,FECHACREACION,IDUSUARIOMODIF,FECHAMODIF) values (4,'CHIQUIMULA',5,to_date('05-NOV-23','DD-MON-RR'),5,to_date('05-NOV-23','DD-MON-RR'));
Insert into SYSTEM.DEPARTAMENTO (IDDEPTO,DEPARTAMENTO,IDUSUARIOCREA,FECHACREACION,IDUSUARIOMODIF,FECHAMODIF) values (5,'PETEN',5,to_date('05-NOV-23','DD-MON-RR'),5,to_date('05-NOV-23','DD-MON-RR'));
Insert into SYSTEM.DEPARTAMENTO (IDDEPTO,DEPARTAMENTO,IDUSUARIOCREA,FECHACREACION,IDUSUARIOMODIF,FECHAMODIF) values (6,'EL PROGRESO',5,to_date('05-NOV-23','DD-MON-RR'),5,to_date('05-NOV-23','DD-MON-RR'));
Insert into SYSTEM.DEPARTAMENTO (IDDEPTO,DEPARTAMENTO,IDUSUARIOCREA,FECHACREACION,IDUSUARIOMODIF,FECHAMODIF) values (7,'EL QUICHE',5,to_date('05-NOV-23','DD-MON-RR'),5,to_date('05-NOV-23','DD-MON-RR'));
Insert into SYSTEM.DEPARTAMENTO (IDDEPTO,DEPARTAMENTO,IDUSUARIOCREA,FECHACREACION,IDUSUARIOMODIF,FECHAMODIF) values (8,'ESCUINTLA',5,to_date('05-NOV-23','DD-MON-RR'),5,to_date('05-NOV-23','DD-MON-RR'));
Insert into SYSTEM.DEPARTAMENTO (IDDEPTO,DEPARTAMENTO,IDUSUARIOCREA,FECHACREACION,IDUSUARIOMODIF,FECHAMODIF) values (9,'GUATEMALA',5,to_date('05-NOV-23','DD-MON-RR'),5,to_date('05-NOV-23','DD-MON-RR'));
Insert into SYSTEM.DEPARTAMENTO (IDDEPTO,DEPARTAMENTO,IDUSUARIOCREA,FECHACREACION,IDUSUARIOMODIF,FECHAMODIF) values (10,'HUEHUETENANGO',5,to_date('05-NOV-23','DD-MON-RR'),5,to_date('05-NOV-23','DD-MON-RR'));
Insert into SYSTEM.DEPARTAMENTO (IDDEPTO,DEPARTAMENTO,IDUSUARIOCREA,FECHACREACION,IDUSUARIOMODIF,FECHAMODIF) values (11,'IZABAL',5,to_date('05-NOV-23','DD-MON-RR'),5,to_date('05-NOV-23','DD-MON-RR'));
Insert into SYSTEM.DEPARTAMENTO (IDDEPTO,DEPARTAMENTO,IDUSUARIOCREA,FECHACREACION,IDUSUARIOMODIF,FECHAMODIF) values (12,'JALAPA',5,to_date('05-NOV-23','DD-MON-RR'),5,to_date('05-NOV-23','DD-MON-RR'));
Insert into SYSTEM.DEPARTAMENTO (IDDEPTO,DEPARTAMENTO,IDUSUARIOCREA,FECHACREACION,IDUSUARIOMODIF,FECHAMODIF) values (13,'JUTIAPA',5,to_date('05-NOV-23','DD-MON-RR'),5,to_date('05-NOV-23','DD-MON-RR'));
Insert into SYSTEM.DEPARTAMENTO (IDDEPTO,DEPARTAMENTO,IDUSUARIOCREA,FECHACREACION,IDUSUARIOMODIF,FECHAMODIF) values (14,'QUETZALTENANGO',5,to_date('05-NOV-23','DD-MON-RR'),5,to_date('05-NOV-23','DD-MON-RR'));
Insert into SYSTEM.DEPARTAMENTO (IDDEPTO,DEPARTAMENTO,IDUSUARIOCREA,FECHACREACION,IDUSUARIOMODIF,FECHAMODIF) values (15,'RETALHULEU',5,to_date('05-NOV-23','DD-MON-RR'),5,to_date('05-NOV-23','DD-MON-RR'));
Insert into SYSTEM.DEPARTAMENTO (IDDEPTO,DEPARTAMENTO,IDUSUARIOCREA,FECHACREACION,IDUSUARIOMODIF,FECHAMODIF) values (16,'SACATEPEQUEZ',5,to_date('05-NOV-23','DD-MON-RR'),5,to_date('05-NOV-23','DD-MON-RR'));
Insert into SYSTEM.DEPARTAMENTO (IDDEPTO,DEPARTAMENTO,IDUSUARIOCREA,FECHACREACION,IDUSUARIOMODIF,FECHAMODIF) values (17,'SAN MARCOS',5,to_date('05-NOV-23','DD-MON-RR'),5,to_date('05-NOV-23','DD-MON-RR'));
Insert into SYSTEM.DEPARTAMENTO (IDDEPTO,DEPARTAMENTO,IDUSUARIOCREA,FECHACREACION,IDUSUARIOMODIF,FECHAMODIF) values (18,'SANTA ROSA',5,to_date('05-NOV-23','DD-MON-RR'),5,to_date('05-NOV-23','DD-MON-RR'));
Insert into SYSTEM.DEPARTAMENTO (IDDEPTO,DEPARTAMENTO,IDUSUARIOCREA,FECHACREACION,IDUSUARIOMODIF,FECHAMODIF) values (19,'SOLOLA',5,to_date('05-NOV-23','DD-MON-RR'),5,to_date('05-NOV-23','DD-MON-RR'));
Insert into SYSTEM.DEPARTAMENTO (IDDEPTO,DEPARTAMENTO,IDUSUARIOCREA,FECHACREACION,IDUSUARIOMODIF,FECHAMODIF) values (20,'SUCHITEPEQUEZ',5,to_date('05-NOV-23','DD-MON-RR'),5,to_date('05-NOV-23','DD-MON-RR'));
Insert into SYSTEM.DEPARTAMENTO (IDDEPTO,DEPARTAMENTO,IDUSUARIOCREA,FECHACREACION,IDUSUARIOMODIF,FECHAMODIF) values (21,'TOTONICAPAN',5,to_date('05-NOV-23','DD-MON-RR'),5,to_date('05-NOV-23','DD-MON-RR'));
Insert into SYSTEM.DEPARTAMENTO (IDDEPTO,DEPARTAMENTO,IDUSUARIOCREA,FECHACREACION,IDUSUARIOMODIF,FECHAMODIF) values (22,'ZACAPA',5,to_date('05-NOV-23','DD-MON-RR'),5,to_date('05-NOV-23','DD-MON-RR'));
REM INSERTING into SYSTEM.EMPRESA
SET DEFINE OFF;
Insert into SYSTEM.EMPRESA (IDEMPRESA,NOMBREEM,DENOMINACIONSOCIAL,NIT,DESCDIRECCION,CALLE,AVENIDA,ZONA,MUNICIPIO,DEPARTAMENTO,CODPAIS,TELEFONO,EMAIL,SECTORECONOMICO,TIPOPERSONERIA,FECHACONST,ACTIVIDADECO,FECHAOPERACIONES,CONTADOR,REPRESENTANTE,IDUSUARIOCREA,FECHACREA,IDUSUARIOMODIF,FECHAMODIF,ESTADO) values (1,'TECNOLOGY','TECNOLOGY S.A.','555896988','12-45 COLONIA VISTA HERMOSA','58','98','15',106,9,77,'558779854','INFO@TECNOLOGY.COM','TECNOLOGIA','JURIDICA',to_date('10-FEB-21','DD-MON-RR'),'VENTA DE EQUIPOS DE COMPUTO',to_date('10-FEB-21','DD-MON-RR'),39,26,5,to_date('11-NOV-23','DD-MON-RR'),5,to_date('11-NOV-23','DD-MON-RR'),1);
REM INSERTING into SYSTEM.ROL
SET DEFINE OFF;
Insert into SYSTEM.ROL (IDROL,NOMBREROL,DESCRIPCION,IDUSUARIOCREA,FECHACREA,IDUSUARIOMODIF,FECHAMODIF,ESTADO) values (1,'ADMINISTRADOR','ACCESO COMPLETO',5,to_date('11-NOV-23','DD-MON-RR'),5,to_date('11-NOV-23','DD-MON-RR'),1);
Insert into SYSTEM.ROL (IDROL,NOMBREROL,DESCRIPCION,IDUSUARIOCREA,FECHACREA,IDUSUARIOMODIF,FECHAMODIF,ESTADO) values (2,'NORMAL','ACCESO LIMITADO',5,to_date('11-NOV-23','DD-MON-RR'),5,to_date('11-NOV-23','DD-MON-RR'),1);
Insert into SYSTEM.ROL (IDROL,NOMBREROL,DESCRIPCION,IDUSUARIOCREA,FECHACREA,IDUSUARIOMODIF,FECHAMODIF,ESTADO) values (3,'INVITADO','ACCESO SOLO LECTURA',5,to_date('11-NOV-23','DD-MON-RR'),5,to_date('11-NOV-23','DD-MON-RR'),1);
REM INSERTING into SYSTEM.COLABORADOR
SET DEFINE OFF;
Insert into SYSTEM.COLABORADOR (IDCOLABORADOR,PRIMERNOMBRE,SEGUNDONOMBRE,OTRONOMBRE,PRIMERAPELLIDO,SEGUNDOAPELLIDO,OTROAPELLIDO,GENERO,DPI,CODIGOPAIS,TELEFONO,EMAIL,DESCDIRECCION,CALLE,AVENIDA,ZONA,MUNICIPIO,DEPARTAMENTO,IDCREADOR,FECHACREACION,IDMODIF,FECHAMODIF,ESTADO,FECHANAC,CATECOLA,ESTADO_CIVIL) values (26,'JUAN','CARLOS',null,'PEREZ','RAMIREZ',null,2,'4178523698789',77,'89563287','JUAN@EJEMPLO.COM','25-87 COLONIA VISTA HERMOSA','12','58','5',106,9,5,to_date('10-NOV-23','DD-MON-RR'),5,to_date('10-NOV-23','DD-MON-RR'),1,to_date('05-NOV-92','DD-MON-RR'),69,1);
Insert into SYSTEM.COLABORADOR (IDCOLABORADOR,PRIMERNOMBRE,SEGUNDONOMBRE,OTRONOMBRE,PRIMERAPELLIDO,SEGUNDOAPELLIDO,OTROAPELLIDO,GENERO,DPI,CODIGOPAIS,TELEFONO,EMAIL,DESCDIRECCION,CALLE,AVENIDA,ZONA,MUNICIPIO,DEPARTAMENTO,IDCREADOR,FECHACREACION,IDMODIF,FECHAMODIF,ESTADO,FECHANAC,CATECOLA,ESTADO_CIVIL) values (27,'LISBETH','YANIRA',null,'HERNANDEZ','GARCIA',null,1,'2974454990101',77,'44904571','LIS@GMAIL.COM','1-62 COLONIA ALTOS DE SNA NICOLAS','1','5','5',106,9,5,to_date('10-NOV-23','DD-MON-RR'),5,to_date('10-NOV-23','DD-MON-RR'),1,to_date('27-MAR-96','DD-MON-RR'),60,1);
Insert into SYSTEM.COLABORADOR (IDCOLABORADOR,PRIMERNOMBRE,SEGUNDONOMBRE,OTRONOMBRE,PRIMERAPELLIDO,SEGUNDOAPELLIDO,OTROAPELLIDO,GENERO,DPI,CODIGOPAIS,TELEFONO,EMAIL,DESCDIRECCION,CALLE,AVENIDA,ZONA,MUNICIPIO,DEPARTAMENTO,IDCREADOR,FECHACREACION,IDMODIF,FECHAMODIF,ESTADO,FECHANAC,CATECOLA,ESTADO_CIVIL) values (28,'MARÍA','ISABEL',null,'GARCÍA','MARTÍNEZ','PÉREZ',1,'2345678901258',77,'23456789','MARIA@EMAIL.COM',' 23-34 CONDOMINIO LOS PINOS       ','15','25','14',106,9,5,to_date('10-NOV-23','DD-MON-RR'),5,to_date('10-NOV-23','DD-MON-RR'),1,to_date('09-MAR-98','DD-MON-RR'),60,2);
Insert into SYSTEM.COLABORADOR (IDCOLABORADOR,PRIMERNOMBRE,SEGUNDONOMBRE,OTRONOMBRE,PRIMERAPELLIDO,SEGUNDOAPELLIDO,OTROAPELLIDO,GENERO,DPI,CODIGOPAIS,TELEFONO,EMAIL,DESCDIRECCION,CALLE,AVENIDA,ZONA,MUNICIPIO,DEPARTAMENTO,IDCREADOR,FECHACREACION,IDMODIF,FECHAMODIF,ESTADO,FECHANAC,CATECOLA,ESTADO_CIVIL) values (29,'CARLOS','MIGUEL',null,'LÓPEZ','SÁNCHEZ',null,2,'3456789012356',77,'34567890','CARLOS@EMAIL.COM',' 34-45 RESIDENCIAL SAN LUCAS      ','30','40','15',106,9,5,to_date('10-NOV-23','DD-MON-RR'),5,to_date('10-NOV-23','DD-MON-RR'),1,to_date('11-APR-95','DD-MON-RR'),61,6);
Insert into SYSTEM.COLABORADOR (IDCOLABORADOR,PRIMERNOMBRE,SEGUNDONOMBRE,OTRONOMBRE,PRIMERAPELLIDO,SEGUNDOAPELLIDO,OTROAPELLIDO,GENERO,DPI,CODIGOPAIS,TELEFONO,EMAIL,DESCDIRECCION,CALLE,AVENIDA,ZONA,MUNICIPIO,DEPARTAMENTO,IDCREADOR,FECHACREACION,IDMODIF,FECHAMODIF,ESTADO,FECHANAC,CATECOLA,ESTADO_CIVIL) values (30,'ANA','PATRICIA','LAURA','TORRES','RODRÍGUEZ',null,1,'4567890123489',77,'45678901','ANA@EMAIL.COM',' 45-56 COLONIA EL ROSARIO         ','5','10','5',106,9,5,to_date('10-NOV-23','DD-MON-RR'),5,to_date('10-NOV-23','DD-MON-RR'),1,to_date('05-NOV-92','DD-MON-RR'),62,1);
Insert into SYSTEM.COLABORADOR (IDCOLABORADOR,PRIMERNOMBRE,SEGUNDONOMBRE,OTRONOMBRE,PRIMERAPELLIDO,SEGUNDOAPELLIDO,OTROAPELLIDO,GENERO,DPI,CODIGOPAIS,TELEFONO,EMAIL,DESCDIRECCION,CALLE,AVENIDA,ZONA,MUNICIPIO,DEPARTAMENTO,IDCREADOR,FECHACREACION,IDMODIF,FECHAMODIF,ESTADO,FECHANAC,CATECOLA,ESTADO_CIVIL) values (31,'ALEJANDRO','FELIPE',null,'RODRÍGUEZ','SOTO',null,2,'5678901234589',77,'56789012','ALEJANDRO@EMAIL.COM',' 56-67 CONDOMINIO SAN ISIDRO      ','25','30','11',106,9,5,to_date('10-NOV-23','DD-MON-RR'),5,to_date('10-NOV-23','DD-MON-RR'),1,to_date('09-MAR-98','DD-MON-RR'),63,2);
Insert into SYSTEM.COLABORADOR (IDCOLABORADOR,PRIMERNOMBRE,SEGUNDONOMBRE,OTRONOMBRE,PRIMERAPELLIDO,SEGUNDOAPELLIDO,OTROAPELLIDO,GENERO,DPI,CODIGOPAIS,TELEFONO,EMAIL,DESCDIRECCION,CALLE,AVENIDA,ZONA,MUNICIPIO,DEPARTAMENTO,IDCREADOR,FECHACREACION,IDMODIF,FECHAMODIF,ESTADO,FECHANAC,CATECOLA,ESTADO_CIVIL) values (32,'LAURA','SOFÍA','VALENTINA','MARTÍNEZ','RAMÍREZ',null,1,'6789012345656',77,'67890123','LAURA@EMAIL.COM',' 67-78 RESIDENCIAL BELLA VISTA    ','20','35','13',106,9,5,to_date('10-NOV-23','DD-MON-RR'),5,to_date('10-NOV-23','DD-MON-RR'),1,to_date('11-APR-95','DD-MON-RR'),64,6);
Insert into SYSTEM.COLABORADOR (IDCOLABORADOR,PRIMERNOMBRE,SEGUNDONOMBRE,OTRONOMBRE,PRIMERAPELLIDO,SEGUNDOAPELLIDO,OTROAPELLIDO,GENERO,DPI,CODIGOPAIS,TELEFONO,EMAIL,DESCDIRECCION,CALLE,AVENIDA,ZONA,MUNICIPIO,DEPARTAMENTO,IDCREADOR,FECHACREACION,IDMODIF,FECHAMODIF,ESTADO,FECHANAC,CATECOLA,ESTADO_CIVIL) values (33,'MANUEL','DAVID',null,'SÁNCHEZ','MARTÍNEZ',null,2,'7890123456756',77,'78901234','MANUEL@EMAIL.COM',' 78-89 COLONIA SAN JOSÉ           ','15','20','7',106,9,5,to_date('10-NOV-23','DD-MON-RR'),5,to_date('10-NOV-23','DD-MON-RR'),1,to_date('02-JAN-80','DD-MON-RR'),65,1);
Insert into SYSTEM.COLABORADOR (IDCOLABORADOR,PRIMERNOMBRE,SEGUNDONOMBRE,OTRONOMBRE,PRIMERAPELLIDO,SEGUNDOAPELLIDO,OTROAPELLIDO,GENERO,DPI,CODIGOPAIS,TELEFONO,EMAIL,DESCDIRECCION,CALLE,AVENIDA,ZONA,MUNICIPIO,DEPARTAMENTO,IDCREADOR,FECHACREACION,IDMODIF,FECHAMODIF,ESTADO,FECHANAC,CATECOLA,ESTADO_CIVIL) values (34,'ANDREA','VALERIA',null,'PÉREZ','LÓPEZ',null,1,'8901234567855',77,'89012345','ANDREA@EMAIL.COM',' 89-90 CONDOMINIO LOS ALAMOS       ','10','25','12',106,9,5,to_date('10-NOV-23','DD-MON-RR'),5,to_date('10-NOV-23','DD-MON-RR'),1,to_date('15-MAY-87','DD-MON-RR'),66,2);
Insert into SYSTEM.COLABORADOR (IDCOLABORADOR,PRIMERNOMBRE,SEGUNDONOMBRE,OTRONOMBRE,PRIMERAPELLIDO,SEGUNDOAPELLIDO,OTROAPELLIDO,GENERO,DPI,CODIGOPAIS,TELEFONO,EMAIL,DESCDIRECCION,CALLE,AVENIDA,ZONA,MUNICIPIO,DEPARTAMENTO,IDCREADOR,FECHACREACION,IDMODIF,FECHAMODIF,ESTADO,FECHANAC,CATECOLA,ESTADO_CIVIL) values (35,'JORGE','ALBERTO','FERNANDO','RODRÍGUEZ','SOTO',null,2,'9012345678955',77,'98765432','JORGE@EMAIL.COM',' 90-101 RESIDENCIAL LOS OLIVOS     ','5','30','16',106,9,5,to_date('10-NOV-23','DD-MON-RR'),5,to_date('10-NOV-23','DD-MON-RR'),1,to_date('07-JUL-85','DD-MON-RR'),67,6);
Insert into SYSTEM.COLABORADOR (IDCOLABORADOR,PRIMERNOMBRE,SEGUNDONOMBRE,OTRONOMBRE,PRIMERAPELLIDO,SEGUNDOAPELLIDO,OTROAPELLIDO,GENERO,DPI,CODIGOPAIS,TELEFONO,EMAIL,DESCDIRECCION,CALLE,AVENIDA,ZONA,MUNICIPIO,DEPARTAMENTO,IDCREADOR,FECHACREACION,IDMODIF,FECHAMODIF,ESTADO,FECHANAC,CATECOLA,ESTADO_CIVIL) values (36,'MARTA','ELENA',null,'SOTO','LÓPEZ',null,1,'1234156789066',77,'87654321','MARTA@EMAIL.COM',' 101-112 COLONIA SAN MARCOS       ','25','35','9',106,9,5,to_date('10-NOV-23','DD-MON-RR'),5,to_date('10-NOV-23','DD-MON-RR'),1,to_date('18-SEP-88','DD-MON-RR'),68,1);
Insert into SYSTEM.COLABORADOR (IDCOLABORADOR,PRIMERNOMBRE,SEGUNDONOMBRE,OTRONOMBRE,PRIMERAPELLIDO,SEGUNDOAPELLIDO,OTROAPELLIDO,GENERO,DPI,CODIGOPAIS,TELEFONO,EMAIL,DESCDIRECCION,CALLE,AVENIDA,ZONA,MUNICIPIO,DEPARTAMENTO,IDCREADOR,FECHACREACION,IDMODIF,FECHAMODIF,ESTADO,FECHANAC,CATECOLA,ESTADO_CIVIL) values (37,'PEDRO','JOSÉ',null,'GARCÍA','MARTÍNEZ',null,2,'1234567890177',77,'76543210','PEDRO@EMAIL.COM',' 112-123 CONDOMINIO LAS ACACIAS    ','20','40','4',106,9,5,to_date('10-NOV-23','DD-MON-RR'),5,to_date('10-NOV-23','DD-MON-RR'),1,to_date('25-NOV-84','DD-MON-RR'),69,2);
Insert into SYSTEM.COLABORADOR (IDCOLABORADOR,PRIMERNOMBRE,SEGUNDONOMBRE,OTRONOMBRE,PRIMERAPELLIDO,SEGUNDOAPELLIDO,OTROAPELLIDO,GENERO,DPI,CODIGOPAIS,TELEFONO,EMAIL,DESCDIRECCION,CALLE,AVENIDA,ZONA,MUNICIPIO,DEPARTAMENTO,IDCREADOR,FECHACREACION,IDMODIF,FECHAMODIF,ESTADO,FECHANAC,CATECOLA,ESTADO_CIVIL) values (38,'SILVIA','MARGARITA',null,'LÓPEZ','RODRÍGUEZ',null,1,'2345678901288',77,'65432109','SILVIA@EMAIL.COM',' 123-134 RESIDENCIAL LOS ARCOS     ','15','20','6',106,9,5,to_date('10-NOV-23','DD-MON-RR'),5,to_date('10-NOV-23','DD-MON-RR'),1,to_date('03-MAR-89','DD-MON-RR'),70,6);
Insert into SYSTEM.COLABORADOR (IDCOLABORADOR,PRIMERNOMBRE,SEGUNDONOMBRE,OTRONOMBRE,PRIMERAPELLIDO,SEGUNDOAPELLIDO,OTROAPELLIDO,GENERO,DPI,CODIGOPAIS,TELEFONO,EMAIL,DESCDIRECCION,CALLE,AVENIDA,ZONA,MUNICIPIO,DEPARTAMENTO,IDCREADOR,FECHACREACION,IDMODIF,FECHAMODIF,ESTADO,FECHANAC,CATECOLA,ESTADO_CIVIL) values (39,'DIEGO','ALEJANDRO',null,'TORRES','GARCÍA',null,2,'3456789012388',77,'54321098','DIEGO@EMAIL.COM',' 134-145 COLONIA LOS REYES        ','25','30','8',106,9,5,to_date('10-NOV-23','DD-MON-RR'),5,to_date('10-NOV-23','DD-MON-RR'),1,to_date('20-AUG-82','DD-MON-RR'),71,1);
Insert into SYSTEM.COLABORADOR (IDCOLABORADOR,PRIMERNOMBRE,SEGUNDONOMBRE,OTRONOMBRE,PRIMERAPELLIDO,SEGUNDOAPELLIDO,OTROAPELLIDO,GENERO,DPI,CODIGOPAIS,TELEFONO,EMAIL,DESCDIRECCION,CALLE,AVENIDA,ZONA,MUNICIPIO,DEPARTAMENTO,IDCREADOR,FECHACREACION,IDMODIF,FECHAMODIF,ESTADO,FECHANAC,CATECOLA,ESTADO_CIVIL) values (40,'ISABEL','CARMEN',null,'RODRÍGUEZ','LÓPEZ',null,1,'4567890123455',77,'43210987','ISABEL@EMAIL.COM',' 145-156 CONDOMINIO SAN FRANCISCO ','20','35','1',106,9,5,to_date('10-NOV-23','DD-MON-RR'),5,to_date('10-NOV-23','DD-MON-RR'),1,to_date('05-DEC-83','DD-MON-RR'),72,2);
Insert into SYSTEM.COLABORADOR (IDCOLABORADOR,PRIMERNOMBRE,SEGUNDONOMBRE,OTRONOMBRE,PRIMERAPELLIDO,SEGUNDOAPELLIDO,OTROAPELLIDO,GENERO,DPI,CODIGOPAIS,TELEFONO,EMAIL,DESCDIRECCION,CALLE,AVENIDA,ZONA,MUNICIPIO,DEPARTAMENTO,IDCREADOR,FECHACREACION,IDMODIF,FECHAMODIF,ESTADO,FECHANAC,CATECOLA,ESTADO_CIVIL) values (41,'RAFAEL','ANDRÉS','MANUEL','MARTÍNEZ','SOTO',null,2,'5678901234566',77,'32109876','RAFAEL@EMAIL.COM',' 156-167 RESIDENCIAL LOS CIPRESES ','5','10','2',106,9,5,to_date('10-NOV-23','DD-MON-RR'),5,to_date('10-NOV-23','DD-MON-RR'),1,to_date('14-JUN-78','DD-MON-RR'),73,6);
Insert into SYSTEM.COLABORADOR (IDCOLABORADOR,PRIMERNOMBRE,SEGUNDONOMBRE,OTRONOMBRE,PRIMERAPELLIDO,SEGUNDOAPELLIDO,OTROAPELLIDO,GENERO,DPI,CODIGOPAIS,TELEFONO,EMAIL,DESCDIRECCION,CALLE,AVENIDA,ZONA,MUNICIPIO,DEPARTAMENTO,IDCREADOR,FECHACREACION,IDMODIF,FECHAMODIF,ESTADO,FECHANAC,CATECOLA,ESTADO_CIVIL) values (42,'ALBA','ALEJANDRA',null,'SANCHEZ','LOPEZ',null,1,'1234567891234',77,'55879863','ALBA@EMAIL.COM',' 167-178 COLONIA LOS PÁJAROS      ','10','15','3',106,9,5,to_date('10-NOV-23','DD-MON-RR'),5,to_date('10-NOV-23','DD-MON-RR'),1,to_date('29-JAN-86','DD-MON-RR'),74,1);
Insert into SYSTEM.COLABORADOR (IDCOLABORADOR,PRIMERNOMBRE,SEGUNDONOMBRE,OTRONOMBRE,PRIMERAPELLIDO,SEGUNDOAPELLIDO,OTROAPELLIDO,GENERO,DPI,CODIGOPAIS,TELEFONO,EMAIL,DESCDIRECCION,CALLE,AVENIDA,ZONA,MUNICIPIO,DEPARTAMENTO,IDCREADOR,FECHACREACION,IDMODIF,FECHAMODIF,ESTADO,FECHANAC,CATECOLA,ESTADO_CIVIL) values (43,'GERSON','PABLO',null,'RODRIGUEZ','RAMON',null,2,'1122554488996',77,'54896354','GERSON@EMAIL.COM','55-58 COLONIA MONSERRAT','45','45','3',106,9,5,to_date('10-NOV-23','DD-MON-RR'),5,to_date('10-NOV-23','DD-MON-RR'),1,to_date('10-FEB-90','DD-MON-RR'),75,2);
Insert into SYSTEM.COLABORADOR (IDCOLABORADOR,PRIMERNOMBRE,SEGUNDONOMBRE,OTRONOMBRE,PRIMERAPELLIDO,SEGUNDOAPELLIDO,OTROAPELLIDO,GENERO,DPI,CODIGOPAIS,TELEFONO,EMAIL,DESCDIRECCION,CALLE,AVENIDA,ZONA,MUNICIPIO,DEPARTAMENTO,IDCREADOR,FECHACREACION,IDMODIF,FECHAMODIF,ESTADO,FECHANAC,CATECOLA,ESTADO_CIVIL) values (44,'MARIO','ELIAN',null,'RAMIREZ','GATICA',null,2,'7845122356895',77,'58896595','MARIO@EMAIL.COM','78-69 COLONIA MARISCAL','58','68','17',106,9,5,to_date('10-NOV-23','DD-MON-RR'),5,to_date('10-NOV-23','DD-MON-RR'),1,to_date('26-APR-79','DD-MON-RR'),76,6);
Insert into SYSTEM.COLABORADOR (IDCOLABORADOR,PRIMERNOMBRE,SEGUNDONOMBRE,OTRONOMBRE,PRIMERAPELLIDO,SEGUNDOAPELLIDO,OTROAPELLIDO,GENERO,DPI,CODIGOPAIS,TELEFONO,EMAIL,DESCDIRECCION,CALLE,AVENIDA,ZONA,MUNICIPIO,DEPARTAMENTO,IDCREADOR,FECHACREACION,IDMODIF,FECHAMODIF,ESTADO,FECHANAC,CATECOLA,ESTADO_CIVIL) values (45,'LUISA','CARMEN',null,'SOTO','MARROQUIN',null,1,'1245787845125',77,'58987456','LUISA@EMAIL.COM','69-98 COLONIA JUANA DE ARCO','68','12','18',106,9,5,to_date('10-NOV-23','DD-MON-RR'),5,to_date('10-NOV-23','DD-MON-RR'),1,to_date('11-OCT-81','DD-MON-RR'),77,1);
Insert into SYSTEM.COLABORADOR (IDCOLABORADOR,PRIMERNOMBRE,SEGUNDONOMBRE,OTRONOMBRE,PRIMERAPELLIDO,SEGUNDOAPELLIDO,OTROAPELLIDO,GENERO,DPI,CODIGOPAIS,TELEFONO,EMAIL,DESCDIRECCION,CALLE,AVENIDA,ZONA,MUNICIPIO,DEPARTAMENTO,IDCREADOR,FECHACREACION,IDMODIF,FECHAMODIF,ESTADO,FECHANAC,CATECOLA,ESTADO_CIVIL) values (46,'JUAN','JOSÉ',null,'PÉREZ','RODRÍGUEZ',null,2,'1234567890123',77,'12345678','JUAN.PEREZ@EMAIL.COM','23-34 COLONIA VISTA HERMOSA','10','20','5',106,9,5,to_date('10-NOV-23','DD-MON-RR'),5,to_date('10-NOV-23','DD-MON-RR'),1,to_date('07-JUL-77','DD-MON-RR'),79,2);
Insert into SYSTEM.COLABORADOR (IDCOLABORADOR,PRIMERNOMBRE,SEGUNDONOMBRE,OTRONOMBRE,PRIMERAPELLIDO,SEGUNDOAPELLIDO,OTROAPELLIDO,GENERO,DPI,CODIGOPAIS,TELEFONO,EMAIL,DESCDIRECCION,CALLE,AVENIDA,ZONA,MUNICIPIO,DEPARTAMENTO,IDCREADOR,FECHACREACION,IDMODIF,FECHAMODIF,ESTADO,FECHANAC,CATECOLA,ESTADO_CIVIL) values (47,'MARÍA','ALEJANDRA',null,'GÓMEZ','GARCÍA',null,1,'2345678901234',77,'23456789','MARIA.GOMEZ@EMAIL.COM','23-34 COLONIA LOS PINOS','15','25','12',106,9,5,to_date('10-NOV-23','DD-MON-RR'),5,to_date('10-NOV-23','DD-MON-RR'),1,to_date('30-AUG-76','DD-MON-RR'),79,6);
Insert into SYSTEM.COLABORADOR (IDCOLABORADOR,PRIMERNOMBRE,SEGUNDONOMBRE,OTRONOMBRE,PRIMERAPELLIDO,SEGUNDOAPELLIDO,OTROAPELLIDO,GENERO,DPI,CODIGOPAIS,TELEFONO,EMAIL,DESCDIRECCION,CALLE,AVENIDA,ZONA,MUNICIPIO,DEPARTAMENTO,IDCREADOR,FECHACREACION,IDMODIF,FECHAMODIF,ESTADO,FECHANAC,CATECOLA,ESTADO_CIVIL) values (48,'CARLOS','ALBERTO',null,'MARTÍNEZ','LÓPEZ',null,2,'3456789012345',77,'34567890','CARLOS.MARTINEZ@EMAIL.COM','34-45 COLONIA SAN LUCAS','30','40','20',106,9,5,to_date('10-NOV-23','DD-MON-RR'),5,to_date('10-NOV-23','DD-MON-RR'),1,to_date('12-NOV-92','DD-MON-RR'),79,1);
Insert into SYSTEM.COLABORADOR (IDCOLABORADOR,PRIMERNOMBRE,SEGUNDONOMBRE,OTRONOMBRE,PRIMERAPELLIDO,SEGUNDOAPELLIDO,OTROAPELLIDO,GENERO,DPI,CODIGOPAIS,TELEFONO,EMAIL,DESCDIRECCION,CALLE,AVENIDA,ZONA,MUNICIPIO,DEPARTAMENTO,IDCREADOR,FECHACREACION,IDMODIF,FECHAMODIF,ESTADO,FECHANAC,CATECOLA,ESTADO_CIVIL) values (49,'ANA','VICTORIA',null,'RAMÍREZ','FERNÁNDEZ',null,1,'4567890123456',77,'45678901','ANA.RAMIREZ@EMAIL.COM','45-56 COLONIA EL ROSARIO','5','10','3',106,9,5,to_date('10-NOV-23','DD-MON-RR'),5,to_date('10-NOV-23','DD-MON-RR'),1,to_date('23-MAR-93','DD-MON-RR'),79,2);
Insert into SYSTEM.COLABORADOR (IDCOLABORADOR,PRIMERNOMBRE,SEGUNDONOMBRE,OTRONOMBRE,PRIMERAPELLIDO,SEGUNDOAPELLIDO,OTROAPELLIDO,GENERO,DPI,CODIGOPAIS,TELEFONO,EMAIL,DESCDIRECCION,CALLE,AVENIDA,ZONA,MUNICIPIO,DEPARTAMENTO,IDCREADOR,FECHACREACION,IDMODIF,FECHAMODIF,ESTADO,FECHANAC,CATECOLA,ESTADO_CIVIL) values (50,'ALEJANDRO','MANUEL',null,'DÍAZ','VARGAS',null,2,'5678901234567',77,'56789012','ALEJANDRO.DIAZ@EMAIL.COM','56-67 COLONIA SAN ISIDRO','25','30','15',106,9,5,to_date('10-NOV-23','DD-MON-RR'),5,to_date('10-NOV-23','DD-MON-RR'),1,to_date('08-AUG-94','DD-MON-RR'),79,6);
Insert into SYSTEM.COLABORADOR (IDCOLABORADOR,PRIMERNOMBRE,SEGUNDONOMBRE,OTRONOMBRE,PRIMERAPELLIDO,SEGUNDOAPELLIDO,OTROAPELLIDO,GENERO,DPI,CODIGOPAIS,TELEFONO,EMAIL,DESCDIRECCION,CALLE,AVENIDA,ZONA,MUNICIPIO,DEPARTAMENTO,IDCREADOR,FECHACREACION,IDMODIF,FECHAMODIF,ESTADO,FECHANAC,CATECOLA,ESTADO_CIVIL) values (51,'LAURA','PATRICIA',null,'CASTRO','JIMÉNEZ',null,1,'6789012345678',77,'67890123','LAURA.CASTRO@EMAIL.COM','67-78 COLONIA BELLA VISTA','20','35','10',106,9,5,to_date('10-NOV-23','DD-MON-RR'),5,to_date('10-NOV-23','DD-MON-RR'),1,to_date('01-JAN-91','DD-MON-RR'),79,1);
Insert into SYSTEM.COLABORADOR (IDCOLABORADOR,PRIMERNOMBRE,SEGUNDONOMBRE,OTRONOMBRE,PRIMERAPELLIDO,SEGUNDOAPELLIDO,OTROAPELLIDO,GENERO,DPI,CODIGOPAIS,TELEFONO,EMAIL,DESCDIRECCION,CALLE,AVENIDA,ZONA,MUNICIPIO,DEPARTAMENTO,IDCREADOR,FECHACREACION,IDMODIF,FECHAMODIF,ESTADO,FECHANAC,CATECOLA,ESTADO_CIVIL) values (52,'MANUEL','ENRIQUE',null,'TORRES','SÁNCHEZ',null,2,'7890123456789',77,'78901234','MANUEL.TORRES@EMAIL.COM','78-89 COLONIA SAN JOSÉ','15','20','8',106,9,5,to_date('10-NOV-23','DD-MON-RR'),5,to_date('10-NOV-23','DD-MON-RR'),1,to_date('19-SEP-75','DD-MON-RR'),79,2);
Insert into SYSTEM.COLABORADOR (IDCOLABORADOR,PRIMERNOMBRE,SEGUNDONOMBRE,OTRONOMBRE,PRIMERAPELLIDO,SEGUNDOAPELLIDO,OTROAPELLIDO,GENERO,DPI,CODIGOPAIS,TELEFONO,EMAIL,DESCDIRECCION,CALLE,AVENIDA,ZONA,MUNICIPIO,DEPARTAMENTO,IDCREADOR,FECHACREACION,IDMODIF,FECHAMODIF,ESTADO,FECHANAC,CATECOLA,ESTADO_CIVIL) values (53,'ANDREA','CAROLINA',null,'GONZÁLEZ','PÉREZ',null,1,'8901234567890',77,'89012345','ANDREA.GONZALEZ@EMAIL.COM','89-90 COLONIA LOS ALAMOS','10','25','1',106,9,5,to_date('10-NOV-23','DD-MON-RR'),5,to_date('10-NOV-23','DD-MON-RR'),1,to_date('22-MAY-97','DD-MON-RR'),79,6);
Insert into SYSTEM.COLABORADOR (IDCOLABORADOR,PRIMERNOMBRE,SEGUNDONOMBRE,OTRONOMBRE,PRIMERAPELLIDO,SEGUNDOAPELLIDO,OTROAPELLIDO,GENERO,DPI,CODIGOPAIS,TELEFONO,EMAIL,DESCDIRECCION,CALLE,AVENIDA,ZONA,MUNICIPIO,DEPARTAMENTO,IDCREADOR,FECHACREACION,IDMODIF,FECHAMODIF,ESTADO,FECHANAC,CATECOLA,ESTADO_CIVIL) values (54,'JORGE','EDUARDO',null,'HERRERA','RODRÍGUEZ',null,2,'9012345678901',77,'90123456','JORGE.HERRERA@EMAIL.COM','90-101 COLONIA LOS OLIVOS','5','30','16',106,9,5,to_date('10-NOV-23','DD-MON-RR'),5,to_date('10-NOV-23','DD-MON-RR'),1,to_date('17-JUN-98','DD-MON-RR'),79,1);
Insert into SYSTEM.COLABORADOR (IDCOLABORADOR,PRIMERNOMBRE,SEGUNDONOMBRE,OTRONOMBRE,PRIMERAPELLIDO,SEGUNDOAPELLIDO,OTROAPELLIDO,GENERO,DPI,CODIGOPAIS,TELEFONO,EMAIL,DESCDIRECCION,CALLE,AVENIDA,ZONA,MUNICIPIO,DEPARTAMENTO,IDCREADOR,FECHACREACION,IDMODIF,FECHAMODIF,ESTADO,FECHANAC,CATECOLA,ESTADO_CIVIL) values (55,'MARTA','ROSA','ISABEL','FLORES','LÓPEZ',null,1,'1323456789012',77,'12345647','MARTA.FLORES@EMAIL.COM','101-112 COLONIA SAN MARCOS','25','35','9',106,9,5,to_date('10-NOV-23','DD-MON-RR'),5,to_date('10-NOV-23','DD-MON-RR'),1,to_date('04-DEC-81','DD-MON-RR'),79,2);
Insert into SYSTEM.COLABORADOR (IDCOLABORADOR,PRIMERNOMBRE,SEGUNDONOMBRE,OTRONOMBRE,PRIMERAPELLIDO,SEGUNDOAPELLIDO,OTROAPELLIDO,GENERO,DPI,CODIGOPAIS,TELEFONO,EMAIL,DESCDIRECCION,CALLE,AVENIDA,ZONA,MUNICIPIO,DEPARTAMENTO,IDCREADOR,FECHACREACION,IDMODIF,FECHAMODIF,ESTADO,FECHANAC,CATECOLA,ESTADO_CIVIL) values (56,'PEDRO','JOSÉ','LUIS','RUIZ','HERNÁNDEZ',null,2,'1234567890123',77,'12345678','PEDRO.RUIZ@EMAIL.COM','112-123 COLONIA LAS ACACIAS','20','40','4',106,9,5,to_date('10-NOV-23','DD-MON-RR'),5,to_date('10-NOV-23','DD-MON-RR'),1,to_date('09-APR-88','DD-MON-RR'),79,6);
Insert into SYSTEM.COLABORADOR (IDCOLABORADOR,PRIMERNOMBRE,SEGUNDONOMBRE,OTRONOMBRE,PRIMERAPELLIDO,SEGUNDOAPELLIDO,OTROAPELLIDO,GENERO,DPI,CODIGOPAIS,TELEFONO,EMAIL,DESCDIRECCION,CALLE,AVENIDA,ZONA,MUNICIPIO,DEPARTAMENTO,IDCREADOR,FECHACREACION,IDMODIF,FECHAMODIF,ESTADO,FECHANAC,CATECOLA,ESTADO_CIVIL) values (57,'SILVIA','BEATRIZ','ELENA','GARCÍA','MARTÍNEZ',null,1,'2345678901234',77,'23456789','SILVIA.GARCIA@EMAIL.COM','123-134 COLONIA LOS ARCOS','15','20','6',106,9,5,to_date('10-NOV-23','DD-MON-RR'),5,to_date('10-NOV-23','DD-MON-RR'),1,to_date('05-JAN-92','DD-MON-RR'),79,1);
Insert into SYSTEM.COLABORADOR (IDCOLABORADOR,PRIMERNOMBRE,SEGUNDONOMBRE,OTRONOMBRE,PRIMERAPELLIDO,SEGUNDOAPELLIDO,OTROAPELLIDO,GENERO,DPI,CODIGOPAIS,TELEFONO,EMAIL,DESCDIRECCION,CALLE,AVENIDA,ZONA,MUNICIPIO,DEPARTAMENTO,IDCREADOR,FECHACREACION,IDMODIF,FECHAMODIF,ESTADO,FECHANAC,CATECOLA,ESTADO_CIVIL) values (58,'DIEGO','ALEJANDRO',null,'NÚÑEZ','TORRES',null,2,'3456789012345',77,'34567890','DIEGO.NUNEZ@EMAIL.COM','134-145 COLONIA LOS REYES','25','30','8',106,9,5,to_date('10-NOV-23','DD-MON-RR'),5,to_date('10-NOV-23','DD-MON-RR'),1,to_date('14-SEP-79','DD-MON-RR'),79,2);
Insert into SYSTEM.COLABORADOR (IDCOLABORADOR,PRIMERNOMBRE,SEGUNDONOMBRE,OTRONOMBRE,PRIMERAPELLIDO,SEGUNDOAPELLIDO,OTROAPELLIDO,GENERO,DPI,CODIGOPAIS,TELEFONO,EMAIL,DESCDIRECCION,CALLE,AVENIDA,ZONA,MUNICIPIO,DEPARTAMENTO,IDCREADOR,FECHACREACION,IDMODIF,FECHAMODIF,ESTADO,FECHANAC,CATECOLA,ESTADO_CIVIL) values (59,'ISABEL','CRISTINA','MARÍA','SOTO','RAMÍREZ',null,1,'4567890123456',77,'45678901','ISABEL.SOTO@EMAIL.COM','145-156 COLONIA SAN FRANCISCO','20','35','1',106,9,5,to_date('10-NOV-23','DD-MON-RR'),5,to_date('10-NOV-23','DD-MON-RR'),1,to_date('21-FEB-84','DD-MON-RR'),79,6);
Insert into SYSTEM.COLABORADOR (IDCOLABORADOR,PRIMERNOMBRE,SEGUNDONOMBRE,OTRONOMBRE,PRIMERAPELLIDO,SEGUNDOAPELLIDO,OTROAPELLIDO,GENERO,DPI,CODIGOPAIS,TELEFONO,EMAIL,DESCDIRECCION,CALLE,AVENIDA,ZONA,MUNICIPIO,DEPARTAMENTO,IDCREADOR,FECHACREACION,IDMODIF,FECHAMODIF,ESTADO,FECHANAC,CATECOLA,ESTADO_CIVIL) values (60,'RAFAEL','ANTONIO','LUIS','MENDOZA','CRUZ',null,2,'5678901234567',77,'56789012','RAFAEL.MENDOZA@EMAIL.COM','156-167 COLONIA LOS CIPRESES','5','10','2',106,9,5,to_date('10-NOV-23','DD-MON-RR'),5,to_date('10-NOV-23','DD-MON-RR'),1,to_date('02-OCT-87','DD-MON-RR'),79,1);
Insert into SYSTEM.COLABORADOR (IDCOLABORADOR,PRIMERNOMBRE,SEGUNDONOMBRE,OTRONOMBRE,PRIMERAPELLIDO,SEGUNDOAPELLIDO,OTROAPELLIDO,GENERO,DPI,CODIGOPAIS,TELEFONO,EMAIL,DESCDIRECCION,CALLE,AVENIDA,ZONA,MUNICIPIO,DEPARTAMENTO,IDCREADOR,FECHACREACION,IDMODIF,FECHAMODIF,ESTADO,FECHANAC,CATECOLA,ESTADO_CIVIL) values (61,'GERSON','EDUARDO',null,'GUTIÉRREZ','LÓPEZ',null,2,'6789012345678',77,'67890123','GERSON.GUTIERREZ@EMAIL.COM','167-178 COLONIA LOS PÁJAROS','10','15','3',106,9,5,to_date('10-NOV-23','DD-MON-RR'),5,to_date('10-NOV-23','DD-MON-RR'),1,to_date('16-JUL-85','DD-MON-RR'),79,2);
Insert into SYSTEM.COLABORADOR (IDCOLABORADOR,PRIMERNOMBRE,SEGUNDONOMBRE,OTRONOMBRE,PRIMERAPELLIDO,SEGUNDOAPELLIDO,OTROAPELLIDO,GENERO,DPI,CODIGOPAIS,TELEFONO,EMAIL,DESCDIRECCION,CALLE,AVENIDA,ZONA,MUNICIPIO,DEPARTAMENTO,IDCREADOR,FECHACREACION,IDMODIF,FECHAMODIF,ESTADO,FECHANAC,CATECOLA,ESTADO_CIVIL) values (62,'MARIO','ALBERTO',null,'MÉNDEZ','SÁNCHEZ',null,2,'7890123456789',77,'78901234','MARIO.MENDEZ@EMAIL.COM','178-189 COLONIA VISTA ALEGRE','15','25','7',106,9,5,to_date('10-NOV-23','DD-MON-RR'),5,to_date('10-NOV-23','DD-MON-RR'),1,to_date('03-JUN-80','DD-MON-RR'),79,6);
Insert into SYSTEM.COLABORADOR (IDCOLABORADOR,PRIMERNOMBRE,SEGUNDONOMBRE,OTRONOMBRE,PRIMERAPELLIDO,SEGUNDOAPELLIDO,OTROAPELLIDO,GENERO,DPI,CODIGOPAIS,TELEFONO,EMAIL,DESCDIRECCION,CALLE,AVENIDA,ZONA,MUNICIPIO,DEPARTAMENTO,IDCREADOR,FECHACREACION,IDMODIF,FECHAMODIF,ESTADO,FECHANAC,CATECOLA,ESTADO_CIVIL) values (63,'LUISA','FERNANDA',null,'GONZÁLEZ','RAMÍREZ',null,1,'8901234567890',77,'89012345','LUISA.GONZALEZ@EMAIL.COM','189-200 COLONIA SANTA ELENA','30','40','23',106,9,5,to_date('10-NOV-23','DD-MON-RR'),5,to_date('10-NOV-23','DD-MON-RR'),1,to_date('08-NOV-83','DD-MON-RR'),79,1);
Insert into SYSTEM.COLABORADOR (IDCOLABORADOR,PRIMERNOMBRE,SEGUNDONOMBRE,OTRONOMBRE,PRIMERAPELLIDO,SEGUNDOAPELLIDO,OTROAPELLIDO,GENERO,DPI,CODIGOPAIS,TELEFONO,EMAIL,DESCDIRECCION,CALLE,AVENIDA,ZONA,MUNICIPIO,DEPARTAMENTO,IDCREADOR,FECHACREACION,IDMODIF,FECHAMODIF,ESTADO,FECHANAC,CATECOLA,ESTADO_CIVIL) values (64,'JUAN','PABLO',null,'HERRERA','RODRÍGUEZ',null,2,'9012345678901',77,'90123456','JUAN.HERRERA@EMAIL.COM','200-211 COLONIA EL PARAÍSO','25','30','17',106,9,5,to_date('10-NOV-23','DD-MON-RR'),5,to_date('10-NOV-23','DD-MON-RR'),1,to_date('29-JAN-78','DD-MON-RR'),79,2);
Insert into SYSTEM.COLABORADOR (IDCOLABORADOR,PRIMERNOMBRE,SEGUNDONOMBRE,OTRONOMBRE,PRIMERAPELLIDO,SEGUNDOAPELLIDO,OTROAPELLIDO,GENERO,DPI,CODIGOPAIS,TELEFONO,EMAIL,DESCDIRECCION,CALLE,AVENIDA,ZONA,MUNICIPIO,DEPARTAMENTO,IDCREADOR,FECHACREACION,IDMODIF,FECHAMODIF,ESTADO,FECHANAC,CATECOLA,ESTADO_CIVIL) values (65,'MARÍA','JOSÉ',null,'SILVA','PÉREZ',null,1,'1234567890122',77,'12434567','MARIA.SILVA@EMAIL.COM','211-222 COLONIA SAN JUAN','20','35','13',106,9,5,to_date('10-NOV-23','DD-MON-RR'),5,to_date('10-NOV-23','DD-MON-RR'),1,to_date('25-MAY-76','DD-MON-RR'),79,6);
Insert into SYSTEM.COLABORADOR (IDCOLABORADOR,PRIMERNOMBRE,SEGUNDONOMBRE,OTRONOMBRE,PRIMERAPELLIDO,SEGUNDOAPELLIDO,OTROAPELLIDO,GENERO,DPI,CODIGOPAIS,TELEFONO,EMAIL,DESCDIRECCION,CALLE,AVENIDA,ZONA,MUNICIPIO,DEPARTAMENTO,IDCREADOR,FECHACREACION,IDMODIF,FECHAMODIF,ESTADO,FECHANAC,CATECOLA,ESTADO_CIVIL) values (66,'CARLOS','EDUARDO',null,'CORDERO','MARTÍNEZ',null,2,'1234567890123',77,'12345678','CARLOS.CORDERO@EMAIL.COM','222-233 COLONIA SANTA ROSA','15','20','22',106,9,5,to_date('10-NOV-23','DD-MON-RR'),5,to_date('10-NOV-23','DD-MON-RR'),1,to_date('18-DEC-89','DD-MON-RR'),79,1);
Insert into SYSTEM.COLABORADOR (IDCOLABORADOR,PRIMERNOMBRE,SEGUNDONOMBRE,OTRONOMBRE,PRIMERAPELLIDO,SEGUNDOAPELLIDO,OTROAPELLIDO,GENERO,DPI,CODIGOPAIS,TELEFONO,EMAIL,DESCDIRECCION,CALLE,AVENIDA,ZONA,MUNICIPIO,DEPARTAMENTO,IDCREADOR,FECHACREACION,IDMODIF,FECHAMODIF,ESTADO,FECHANAC,CATECOLA,ESTADO_CIVIL) values (67,'ANA','SOFÍA','ISABEL','JIMÉNEZ','LÓPEZ',null,1,'2345678901234',77,'23456789','ANA.JIMENEZ@EMAIL.COM','233-244 COLONIA LAS FLORES','10','25','19',106,9,5,to_date('10-NOV-23','DD-MON-RR'),5,to_date('10-NOV-23','DD-MON-RR'),1,to_date('13-SEP-91','DD-MON-RR'),79,2);
Insert into SYSTEM.COLABORADOR (IDCOLABORADOR,PRIMERNOMBRE,SEGUNDONOMBRE,OTRONOMBRE,PRIMERAPELLIDO,SEGUNDOAPELLIDO,OTROAPELLIDO,GENERO,DPI,CODIGOPAIS,TELEFONO,EMAIL,DESCDIRECCION,CALLE,AVENIDA,ZONA,MUNICIPIO,DEPARTAMENTO,IDCREADOR,FECHACREACION,IDMODIF,FECHAMODIF,ESTADO,FECHANAC,CATECOLA,ESTADO_CIVIL) values (68,'ALEJANDRO','GABRIEL',null,'AGUILAR','VARGAS',null,2,'3456789012345',77,'34567890','ALEJANDRO.AGUILAR@EMAIL.COM','244-255 COLONIA LOS ENCINOS','5','30','11',106,9,5,to_date('10-NOV-23','DD-MON-RR'),5,to_date('10-NOV-23','DD-MON-RR'),1,to_date('07-MAR-76','DD-MON-RR'),79,6);
Insert into SYSTEM.COLABORADOR (IDCOLABORADOR,PRIMERNOMBRE,SEGUNDONOMBRE,OTRONOMBRE,PRIMERAPELLIDO,SEGUNDOAPELLIDO,OTROAPELLIDO,GENERO,DPI,CODIGOPAIS,TELEFONO,EMAIL,DESCDIRECCION,CALLE,AVENIDA,ZONA,MUNICIPIO,DEPARTAMENTO,IDCREADOR,FECHACREACION,IDMODIF,FECHAMODIF,ESTADO,FECHANAC,CATECOLA,ESTADO_CIVIL) values (69,'LAURA','VALENTINA',null,'MEDINA','FERNÁNDEZ',null,1,'4567890123456',77,'45678901','LAURA.MEDINA@EMAIL.COM','255-266 COLONIA EL BOSQUE','25','35','14',106,9,5,to_date('10-NOV-23','DD-MON-RR'),5,to_date('10-NOV-23','DD-MON-RR'),1,to_date('19-JUL-95','DD-MON-RR'),79,1);
Insert into SYSTEM.COLABORADOR (IDCOLABORADOR,PRIMERNOMBRE,SEGUNDONOMBRE,OTRONOMBRE,PRIMERAPELLIDO,SEGUNDOAPELLIDO,OTROAPELLIDO,GENERO,DPI,CODIGOPAIS,TELEFONO,EMAIL,DESCDIRECCION,CALLE,AVENIDA,ZONA,MUNICIPIO,DEPARTAMENTO,IDCREADOR,FECHACREACION,IDMODIF,FECHAMODIF,ESTADO,FECHANAC,CATECOLA,ESTADO_CIVIL) values (70,'MANUEL','JOSÉ','FRANCISCO','GUZMÁN','SÁNCHEZ',null,2,'5678901234567',77,'56789012','MANUEL.GUZMAN@EMAIL.COM','266-277 COLONIA EL CARMEN','20','40','25',106,9,5,to_date('10-NOV-23','DD-MON-RR'),5,to_date('10-NOV-23','DD-MON-RR'),1,to_date('02-APR-86','DD-MON-RR'),79,2);
Insert into SYSTEM.COLABORADOR (IDCOLABORADOR,PRIMERNOMBRE,SEGUNDONOMBRE,OTRONOMBRE,PRIMERAPELLIDO,SEGUNDOAPELLIDO,OTROAPELLIDO,GENERO,DPI,CODIGOPAIS,TELEFONO,EMAIL,DESCDIRECCION,CALLE,AVENIDA,ZONA,MUNICIPIO,DEPARTAMENTO,IDCREADOR,FECHACREACION,IDMODIF,FECHAMODIF,ESTADO,FECHANAC,CATECOLA,ESTADO_CIVIL) values (71,'ANDREA','ISABEL',null,'RÍOS','PÉREZ',null,1,'6789012345678',77,'67890123','ANDREA.RIOS@EMAIL.COM','277-288 COLONIA SANTA CRUZ','15','20','18',106,9,5,to_date('10-NOV-23','DD-MON-RR'),5,to_date('10-NOV-23','DD-MON-RR'),1,to_date('15-AUG-92','DD-MON-RR'),79,6);
Insert into SYSTEM.COLABORADOR (IDCOLABORADOR,PRIMERNOMBRE,SEGUNDONOMBRE,OTRONOMBRE,PRIMERAPELLIDO,SEGUNDOAPELLIDO,OTROAPELLIDO,GENERO,DPI,CODIGOPAIS,TELEFONO,EMAIL,DESCDIRECCION,CALLE,AVENIDA,ZONA,MUNICIPIO,DEPARTAMENTO,IDCREADOR,FECHACREACION,IDMODIF,FECHAMODIF,ESTADO,FECHANAC,CATECOLA,ESTADO_CIVIL) values (72,'JORGE','ANDRÉS','GUILLERMO','RUEDA','RODRÍGUEZ',null,2,'7890123456789',77,'78901234','JORGE.RUEDA@EMAIL.COM','288-299 COLONIA LA LIBERTAD','10','15','21',106,9,5,to_date('10-NOV-23','DD-MON-RR'),5,to_date('10-NOV-23','DD-MON-RR'),1,to_date('23-NOV-94','DD-MON-RR'),79,1);
Insert into SYSTEM.COLABORADOR (IDCOLABORADOR,PRIMERNOMBRE,SEGUNDONOMBRE,OTRONOMBRE,PRIMERAPELLIDO,SEGUNDOAPELLIDO,OTROAPELLIDO,GENERO,DPI,CODIGOPAIS,TELEFONO,EMAIL,DESCDIRECCION,CALLE,AVENIDA,ZONA,MUNICIPIO,DEPARTAMENTO,IDCREADOR,FECHACREACION,IDMODIF,FECHAMODIF,ESTADO,FECHANAC,CATECOLA,ESTADO_CIVIL) values (73,'MARTA','GABRIELA',null,'VARELA','LÓPEZ',null,1,'8901234567890',77,'89012345','MARTA.VARELA@EMAIL.COM','299-310 COLONIA LOS HÉROES','25','30','6',106,9,5,to_date('10-NOV-23','DD-MON-RR'),5,to_date('10-NOV-23','DD-MON-RR'),1,to_date('06-JAN-77','DD-MON-RR'),79,2);
Insert into SYSTEM.COLABORADOR (IDCOLABORADOR,PRIMERNOMBRE,SEGUNDONOMBRE,OTRONOMBRE,PRIMERAPELLIDO,SEGUNDOAPELLIDO,OTROAPELLIDO,GENERO,DPI,CODIGOPAIS,TELEFONO,EMAIL,DESCDIRECCION,CALLE,AVENIDA,ZONA,MUNICIPIO,DEPARTAMENTO,IDCREADOR,FECHACREACION,IDMODIF,FECHAMODIF,ESTADO,FECHANAC,CATECOLA,ESTADO_CIVIL) values (74,'PEDRO','CARLOS','ANTONIO','SALAZAR','HERNÁNDEZ',null,2,'9012345678901',77,'90123456','PEDRO.SALAZAR@EMAIL.COM','310-321 COLONIA EL PARAÍSO','20','35','4',106,9,5,to_date('10-NOV-23','DD-MON-RR'),5,to_date('10-NOV-23','DD-MON-RR'),1,to_date('14-MAR-98','DD-MON-RR'),79,6);
Insert into SYSTEM.COLABORADOR (IDCOLABORADOR,PRIMERNOMBRE,SEGUNDONOMBRE,OTRONOMBRE,PRIMERAPELLIDO,SEGUNDOAPELLIDO,OTROAPELLIDO,GENERO,DPI,CODIGOPAIS,TELEFONO,EMAIL,DESCDIRECCION,CALLE,AVENIDA,ZONA,MUNICIPIO,DEPARTAMENTO,IDCREADOR,FECHACREACION,IDMODIF,FECHAMODIF,ESTADO,FECHANAC,CATECOLA,ESTADO_CIVIL) values (75,'SILVIA','ESTEFANÍA',null,'PAREDES','GÓMEZ',null,1,'1223456789012',77,'12344567','SILVIA.PAREDES@EMAIL.COM','321-332 COLONIA SANTA LUCÍA','15','20','9',106,9,5,to_date('10-NOV-23','DD-MON-RR'),5,to_date('10-NOV-23','DD-MON-RR'),1,to_date('01-JUL-90','DD-MON-RR'),79,1);
Insert into SYSTEM.COLABORADOR (IDCOLABORADOR,PRIMERNOMBRE,SEGUNDONOMBRE,OTRONOMBRE,PRIMERAPELLIDO,SEGUNDOAPELLIDO,OTROAPELLIDO,GENERO,DPI,CODIGOPAIS,TELEFONO,EMAIL,DESCDIRECCION,CALLE,AVENIDA,ZONA,MUNICIPIO,DEPARTAMENTO,IDCREADOR,FECHACREACION,IDMODIF,FECHAMODIF,ESTADO,FECHANAC,CATECOLA,ESTADO_CIVIL) values (76,'MARIO','RICARDO','JAVIER','TORO','SÁNCHEZ',null,2,'1234567890123',77,'12345678','MARIO.TORO@EMAIL.COM','332-343 COLONIA SAN MARTÍN','10','25','15',106,9,5,to_date('10-NOV-23','DD-MON-RR'),5,to_date('10-NOV-23','DD-MON-RR'),1,to_date('27-FEB-79','DD-MON-RR'),60,2);
Insert into SYSTEM.COLABORADOR (IDCOLABORADOR,PRIMERNOMBRE,SEGUNDONOMBRE,OTRONOMBRE,PRIMERAPELLIDO,SEGUNDOAPELLIDO,OTROAPELLIDO,GENERO,DPI,CODIGOPAIS,TELEFONO,EMAIL,DESCDIRECCION,CALLE,AVENIDA,ZONA,MUNICIPIO,DEPARTAMENTO,IDCREADOR,FECHACREACION,IDMODIF,FECHAMODIF,ESTADO,FECHANAC,CATECOLA,ESTADO_CIVIL) values (77,'LUISA','ELENA',null,'ROMERO','MARTÍNEZ',null,1,'2345678901234',77,'23456789','LUISA.ROMERO@EMAIL.COM','343-354 COLONIA LOS PINOS','5','30','12',106,9,5,to_date('10-NOV-23','DD-MON-RR'),5,to_date('10-NOV-23','DD-MON-RR'),1,to_date('09-JUN-82','DD-MON-RR'),60,6);
Insert into SYSTEM.COLABORADOR (IDCOLABORADOR,PRIMERNOMBRE,SEGUNDONOMBRE,OTRONOMBRE,PRIMERAPELLIDO,SEGUNDOAPELLIDO,OTROAPELLIDO,GENERO,DPI,CODIGOPAIS,TELEFONO,EMAIL,DESCDIRECCION,CALLE,AVENIDA,ZONA,MUNICIPIO,DEPARTAMENTO,IDCREADOR,FECHACREACION,IDMODIF,FECHAMODIF,ESTADO,FECHANAC,CATECOLA,ESTADO_CIVIL) values (78,'JUAN','CARLOS',null,'ORTÍZ','PÉREZ',null,2,'3456789012345',77,'34567890','JUAN.ORTIZ@EMAIL.COM','354-365 COLONIA EL ROSARIO','25','35','7',106,9,5,to_date('10-NOV-23','DD-MON-RR'),5,to_date('10-NOV-23','DD-MON-RR'),1,to_date('16-APR-87','DD-MON-RR'),60,1);
Insert into SYSTEM.COLABORADOR (IDCOLABORADOR,PRIMERNOMBRE,SEGUNDONOMBRE,OTRONOMBRE,PRIMERAPELLIDO,SEGUNDOAPELLIDO,OTROAPELLIDO,GENERO,DPI,CODIGOPAIS,TELEFONO,EMAIL,DESCDIRECCION,CALLE,AVENIDA,ZONA,MUNICIPIO,DEPARTAMENTO,IDCREADOR,FECHACREACION,IDMODIF,FECHAMODIF,ESTADO,FECHANAC,CATECOLA,ESTADO_CIVIL) values (79,'MARÍA','FERNANDO',null,'JIMÉNEZ','SÁNCHEZ',null,1,'4567890123456',77,'45678901','MARIA.SANCHEZ@EMAIL.COM','365-376 COLONIA SANTA ELENA','20','40','3',106,9,5,to_date('10-NOV-23','DD-MON-RR'),5,to_date('10-NOV-23','DD-MON-RR'),1,to_date('25-DEC-75','DD-MON-RR'),60,2);
Insert into SYSTEM.COLABORADOR (IDCOLABORADOR,PRIMERNOMBRE,SEGUNDONOMBRE,OTRONOMBRE,PRIMERAPELLIDO,SEGUNDOAPELLIDO,OTROAPELLIDO,GENERO,DPI,CODIGOPAIS,TELEFONO,EMAIL,DESCDIRECCION,CALLE,AVENIDA,ZONA,MUNICIPIO,DEPARTAMENTO,IDCREADOR,FECHACREACION,IDMODIF,FECHAMODIF,ESTADO,FECHANAC,CATECOLA,ESTADO_CIVIL) values (80,'CARLOS','JAVIER',null,'SALAZAR','MARTÍNEZ',null,2,'5678901234567',77,'56789012','CARLOS.SALAZAR@EMAIL.COM','376-387 COLONIA SANTA TERESA','15','20','11',106,9,5,to_date('10-NOV-23','DD-MON-RR'),5,to_date('10-NOV-23','DD-MON-RR'),1,to_date('10-OCT-83','DD-MON-RR'),60,6);
Insert into SYSTEM.COLABORADOR (IDCOLABORADOR,PRIMERNOMBRE,SEGUNDONOMBRE,OTRONOMBRE,PRIMERAPELLIDO,SEGUNDOAPELLIDO,OTROAPELLIDO,GENERO,DPI,CODIGOPAIS,TELEFONO,EMAIL,DESCDIRECCION,CALLE,AVENIDA,ZONA,MUNICIPIO,DEPARTAMENTO,IDCREADOR,FECHACREACION,IDMODIF,FECHAMODIF,ESTADO,FECHANAC,CATECOLA,ESTADO_CIVIL) values (81,'ANA','LUCÍA',null,'RIVERA','TORO',null,1,'6789012345678',77,'67890123','ANA.RIVERA@EMAIL.COM','387-398 COLONIA SAN VICENTE','10','15','19',106,9,5,to_date('10-NOV-23','DD-MON-RR'),5,to_date('10-NOV-23','DD-MON-RR'),1,to_date('08-FEB-91','DD-MON-RR'),60,1);
Insert into SYSTEM.COLABORADOR (IDCOLABORADOR,PRIMERNOMBRE,SEGUNDONOMBRE,OTRONOMBRE,PRIMERAPELLIDO,SEGUNDOAPELLIDO,OTROAPELLIDO,GENERO,DPI,CODIGOPAIS,TELEFONO,EMAIL,DESCDIRECCION,CALLE,AVENIDA,ZONA,MUNICIPIO,DEPARTAMENTO,IDCREADOR,FECHACREACION,IDMODIF,FECHAMODIF,ESTADO,FECHANAC,CATECOLA,ESTADO_CIVIL) values (82,'ALEJANDRO','JOSÉ',null,'VÁSQUEZ','LÓPEZ',null,2,'7890123456789',77,'78901234','ALEJANDRO.VASQUEZ@EMAIL.COM','398-409 COLONIA LAS ACACIAS','25','30','14',106,9,5,to_date('10-NOV-23','DD-MON-RR'),5,to_date('10-NOV-23','DD-MON-RR'),1,to_date('21-JAN-78','DD-MON-RR'),61,2);
Insert into SYSTEM.COLABORADOR (IDCOLABORADOR,PRIMERNOMBRE,SEGUNDONOMBRE,OTRONOMBRE,PRIMERAPELLIDO,SEGUNDOAPELLIDO,OTROAPELLIDO,GENERO,DPI,CODIGOPAIS,TELEFONO,EMAIL,DESCDIRECCION,CALLE,AVENIDA,ZONA,MUNICIPIO,DEPARTAMENTO,IDCREADOR,FECHACREACION,IDMODIF,FECHAMODIF,ESTADO,FECHANAC,CATECOLA,ESTADO_CIVIL) values (83,'LAURA','GABRIELA',null,'PEÑA','RODRÍGUEZ',null,1,'8901234567890',77,'89012345','LAURA.PENA@EMAIL.COM','409-420 COLONIA EL PARAÍSO','20','35','8',106,9,5,to_date('10-NOV-23','DD-MON-RR'),5,to_date('10-NOV-23','DD-MON-RR'),1,to_date('04-MAY-97','DD-MON-RR'),61,6);
Insert into SYSTEM.COLABORADOR (IDCOLABORADOR,PRIMERNOMBRE,SEGUNDONOMBRE,OTRONOMBRE,PRIMERAPELLIDO,SEGUNDOAPELLIDO,OTROAPELLIDO,GENERO,DPI,CODIGOPAIS,TELEFONO,EMAIL,DESCDIRECCION,CALLE,AVENIDA,ZONA,MUNICIPIO,DEPARTAMENTO,IDCREADOR,FECHACREACION,IDMODIF,FECHAMODIF,ESTADO,FECHANAC,CATECOLA,ESTADO_CIVIL) values (84,'MANUEL','JESÚS',null,'RIVERA','CRUZ',null,2,'9012345678901',77,'90123456','MANUEL.RIVERA@EMAIL.COM','420-431 COLONIA SANTA CATALINA','15','20','22',106,9,5,to_date('10-NOV-23','DD-MON-RR'),5,to_date('10-NOV-23','DD-MON-RR'),1,to_date('28-JUL-88','DD-MON-RR'),61,1);
Insert into SYSTEM.COLABORADOR (IDCOLABORADOR,PRIMERNOMBRE,SEGUNDONOMBRE,OTRONOMBRE,PRIMERAPELLIDO,SEGUNDOAPELLIDO,OTROAPELLIDO,GENERO,DPI,CODIGOPAIS,TELEFONO,EMAIL,DESCDIRECCION,CALLE,AVENIDA,ZONA,MUNICIPIO,DEPARTAMENTO,IDCREADOR,FECHACREACION,IDMODIF,FECHAMODIF,ESTADO,FECHANAC,CATECOLA,ESTADO_CIVIL) values (85,'ANDREA','MARCELA',null,'ROSALES','VÁSQUEZ',null,1,'1232456789012',77,'12342567','ANDREA.ROSALES@EMAIL.COM','431-442 COLONIA LOS ALAMOS','10','25','16',106,9,5,to_date('10-NOV-23','DD-MON-RR'),5,to_date('10-NOV-23','DD-MON-RR'),1,to_date('17-SEP-76','DD-MON-RR'),61,2);
Insert into SYSTEM.COLABORADOR (IDCOLABORADOR,PRIMERNOMBRE,SEGUNDONOMBRE,OTRONOMBRE,PRIMERAPELLIDO,SEGUNDOAPELLIDO,OTROAPELLIDO,GENERO,DPI,CODIGOPAIS,TELEFONO,EMAIL,DESCDIRECCION,CALLE,AVENIDA,ZONA,MUNICIPIO,DEPARTAMENTO,IDCREADOR,FECHACREACION,IDMODIF,FECHAMODIF,ESTADO,FECHANAC,CATECOLA,ESTADO_CIVIL) values (86,'JORGE','IGNACIO',null,'VÁSQUEZ','TORO',null,2,'1234567890123',77,'12345678','JORGE.VASQUEZ@EMAIL.COM','442-453 COLONIA LAS PALMAS','5','30','23',106,9,5,to_date('10-NOV-23','DD-MON-RR'),5,to_date('10-NOV-23','DD-MON-RR'),1,to_date('12-JUN-79','DD-MON-RR'),61,6);
Insert into SYSTEM.COLABORADOR (IDCOLABORADOR,PRIMERNOMBRE,SEGUNDONOMBRE,OTRONOMBRE,PRIMERAPELLIDO,SEGUNDOAPELLIDO,OTROAPELLIDO,GENERO,DPI,CODIGOPAIS,TELEFONO,EMAIL,DESCDIRECCION,CALLE,AVENIDA,ZONA,MUNICIPIO,DEPARTAMENTO,IDCREADOR,FECHACREACION,IDMODIF,FECHAMODIF,ESTADO,FECHANAC,CATECOLA,ESTADO_CIVIL) values (87,'MARTA','JULIA',null,'CRUZ','MARTÍNEZ',null,1,'2345678901234',77,'23456789','MARTA.CRUZ@EMAIL.COM','453-464 COLONIA SAN JOSÉ','25','35','10',106,9,5,to_date('10-NOV-23','DD-MON-RR'),5,to_date('10-NOV-23','DD-MON-RR'),1,to_date('30-AUG-81','DD-MON-RR'),61,1);
Insert into SYSTEM.COLABORADOR (IDCOLABORADOR,PRIMERNOMBRE,SEGUNDONOMBRE,OTRONOMBRE,PRIMERAPELLIDO,SEGUNDOAPELLIDO,OTROAPELLIDO,GENERO,DPI,CODIGOPAIS,TELEFONO,EMAIL,DESCDIRECCION,CALLE,AVENIDA,ZONA,MUNICIPIO,DEPARTAMENTO,IDCREADOR,FECHACREACION,IDMODIF,FECHAMODIF,ESTADO,FECHANAC,CATECOLA,ESTADO_CIVIL) values (88,'PEDRO','RAMÓN','ENRIQUE','ORTÍZ','TORO',null,2,'3456789012345',77,'34567890','PEDRO.ORTIZ@EMAIL.COM','464-475 COLONIA LOS LAURELES','20','40','5',106,9,5,to_date('10-NOV-23','DD-MON-RR'),5,to_date('10-NOV-23','DD-MON-RR'),1,to_date('05-NOV-89','DD-MON-RR'),61,2);
Insert into SYSTEM.COLABORADOR (IDCOLABORADOR,PRIMERNOMBRE,SEGUNDONOMBRE,OTRONOMBRE,PRIMERAPELLIDO,SEGUNDOAPELLIDO,OTROAPELLIDO,GENERO,DPI,CODIGOPAIS,TELEFONO,EMAIL,DESCDIRECCION,CALLE,AVENIDA,ZONA,MUNICIPIO,DEPARTAMENTO,IDCREADOR,FECHACREACION,IDMODIF,FECHAMODIF,ESTADO,FECHANAC,CATECOLA,ESTADO_CIVIL) values (89,'SILVIA','MARÍA',null,'RIVERA','LÓPEZ',null,1,'4567890123456',77,'45678901','SILVIA.MENDEZ@EMAIL.COM','475-486 COLONIA SANTA RITA','15','20','18',106,9,5,to_date('10-NOV-23','DD-MON-RR'),5,to_date('10-NOV-23','DD-MON-RR'),1,to_date('14-JUL-94','DD-MON-RR'),61,6);
Insert into SYSTEM.COLABORADOR (IDCOLABORADOR,PRIMERNOMBRE,SEGUNDONOMBRE,OTRONOMBRE,PRIMERAPELLIDO,SEGUNDOAPELLIDO,OTROAPELLIDO,GENERO,DPI,CODIGOPAIS,TELEFONO,EMAIL,DESCDIRECCION,CALLE,AVENIDA,ZONA,MUNICIPIO,DEPARTAMENTO,IDCREADOR,FECHACREACION,IDMODIF,FECHAMODIF,ESTADO,FECHANAC,CATECOLA,ESTADO_CIVIL) values (90,'DIEGO','GABRIEL','ALEJANDRO','SALGADO','SÁNCHEZ',null,2,'5678901234567',77,'56789012','DIEGO.SALGADO@EMAIL.COM','486-497 COLONIA SANTA INÉS','10','15','13',106,9,5,to_date('10-NOV-23','DD-MON-RR'),5,to_date('10-NOV-23','DD-MON-RR'),1,to_date('18-FEB-92','DD-MON-RR'),61,1);
Insert into SYSTEM.COLABORADOR (IDCOLABORADOR,PRIMERNOMBRE,SEGUNDONOMBRE,OTRONOMBRE,PRIMERAPELLIDO,SEGUNDOAPELLIDO,OTROAPELLIDO,GENERO,DPI,CODIGOPAIS,TELEFONO,EMAIL,DESCDIRECCION,CALLE,AVENIDA,ZONA,MUNICIPIO,DEPARTAMENTO,IDCREADOR,FECHACREACION,IDMODIF,FECHAMODIF,ESTADO,FECHANAC,CATECOLA,ESTADO_CIVIL) values (91,'ISABEL','ELENA',null,'GUERRERO','MARTÍNEZ',null,1,'6789012345678',77,'67890123','ISABEL.GUERRERO@EMAIL.COM','497-508 COLONIA SAN FRANCISCO','25','30','2',106,9,5,to_date('10-NOV-23','DD-MON-RR'),5,to_date('10-NOV-23','DD-MON-RR'),1,to_date('23-MAR-77','DD-MON-RR'),61,2);
Insert into SYSTEM.COLABORADOR (IDCOLABORADOR,PRIMERNOMBRE,SEGUNDONOMBRE,OTRONOMBRE,PRIMERAPELLIDO,SEGUNDOAPELLIDO,OTROAPELLIDO,GENERO,DPI,CODIGOPAIS,TELEFONO,EMAIL,DESCDIRECCION,CALLE,AVENIDA,ZONA,MUNICIPIO,DEPARTAMENTO,IDCREADOR,FECHACREACION,IDMODIF,FECHAMODIF,ESTADO,FECHANAC,CATECOLA,ESTADO_CIVIL) values (92,'RAFAEL','SANTIAGO','MANUEL','GUZMÁN','LÓPEZ',null,2,'7890123456789',77,'78901234','RAFAEL.MARTINEZ@EMAIL.COM','508-519 COLONIA LOS CIPRESES','20','35','1',106,9,5,to_date('10-NOV-23','DD-MON-RR'),5,to_date('10-NOV-23','DD-MON-RR'),1,to_date('09-APR-96','DD-MON-RR'),61,6);
Insert into SYSTEM.COLABORADOR (IDCOLABORADOR,PRIMERNOMBRE,SEGUNDONOMBRE,OTRONOMBRE,PRIMERAPELLIDO,SEGUNDOAPELLIDO,OTROAPELLIDO,GENERO,DPI,CODIGOPAIS,TELEFONO,EMAIL,DESCDIRECCION,CALLE,AVENIDA,ZONA,MUNICIPIO,DEPARTAMENTO,IDCREADOR,FECHACREACION,IDMODIF,FECHAMODIF,ESTADO,FECHANAC,CATECOLA,ESTADO_CIVIL) values (93,'GERSON','JAVIER',null,'FLORES','TORO',null,2,'8901234567890',77,'89012345','GERSON.FLORES@EMAIL.COM','519-530 COLONIA LOS PÁJAROS','15','40','9',106,9,5,to_date('10-NOV-23','DD-MON-RR'),5,to_date('10-NOV-23','DD-MON-RR'),1,to_date('26-DEC-80','DD-MON-RR'),61,1);
Insert into SYSTEM.COLABORADOR (IDCOLABORADOR,PRIMERNOMBRE,SEGUNDONOMBRE,OTRONOMBRE,PRIMERAPELLIDO,SEGUNDOAPELLIDO,OTROAPELLIDO,GENERO,DPI,CODIGOPAIS,TELEFONO,EMAIL,DESCDIRECCION,CALLE,AVENIDA,ZONA,MUNICIPIO,DEPARTAMENTO,IDCREADOR,FECHACREACION,IDMODIF,FECHAMODIF,ESTADO,FECHANAC,CATECOLA,ESTADO_CIVIL) values (94,'MARIO','ENRIQUE','ANTONIO','ALVARADO','CRUZ',null,2,'9012345678901',77,'90123456','MARIO.ALVARADO@EMAIL.COM','530-541 COLONIA LA ESPERANZA','10','25','11',106,9,5,to_date('10-NOV-23','DD-MON-RR'),5,to_date('10-NOV-23','DD-MON-RR'),1,to_date('07-JAN-97','DD-MON-RR'),61,2);
Insert into SYSTEM.COLABORADOR (IDCOLABORADOR,PRIMERNOMBRE,SEGUNDONOMBRE,OTRONOMBRE,PRIMERAPELLIDO,SEGUNDOAPELLIDO,OTROAPELLIDO,GENERO,DPI,CODIGOPAIS,TELEFONO,EMAIL,DESCDIRECCION,CALLE,AVENIDA,ZONA,MUNICIPIO,DEPARTAMENTO,IDCREADOR,FECHACREACION,IDMODIF,FECHAMODIF,ESTADO,FECHANAC,CATECOLA,ESTADO_CIVIL) values (95,'LUISA','JUDITH',null,'CASTILLO','MARTÍNEZ',null,1,'1234567289012',77,'12234567','LUISA.CASTILLO@EMAIL.COM','541-552 COLONIA SANTA ELENA','5','30','20',106,9,5,to_date('10-NOV-23','DD-MON-RR'),5,to_date('10-NOV-23','DD-MON-RR'),1,to_date('15-AUG-84','DD-MON-RR'),61,6);
Insert into SYSTEM.COLABORADOR (IDCOLABORADOR,PRIMERNOMBRE,SEGUNDONOMBRE,OTRONOMBRE,PRIMERAPELLIDO,SEGUNDOAPELLIDO,OTROAPELLIDO,GENERO,DPI,CODIGOPAIS,TELEFONO,EMAIL,DESCDIRECCION,CALLE,AVENIDA,ZONA,MUNICIPIO,DEPARTAMENTO,IDCREADOR,FECHACREACION,IDMODIF,FECHAMODIF,ESTADO,FECHANAC,CATECOLA,ESTADO_CIVIL) values (96,'ANA','MARÍA',null,'PÉREZ','GÓMEZ',null,1,'7701234567890',77,'12345678','ANA.PEREZ@CORREO.COM','25-58 COLONIA VISTA HERMOSA','25','58','5',106,9,5,to_date('10-NOV-23','DD-MON-RR'),5,to_date('10-NOV-23','DD-MON-RR'),1,to_date('20-OCT-78','DD-MON-RR'),62,1);
Insert into SYSTEM.COLABORADOR (IDCOLABORADOR,PRIMERNOMBRE,SEGUNDONOMBRE,OTRONOMBRE,PRIMERAPELLIDO,SEGUNDOAPELLIDO,OTROAPELLIDO,GENERO,DPI,CODIGOPAIS,TELEFONO,EMAIL,DESCDIRECCION,CALLE,AVENIDA,ZONA,MUNICIPIO,DEPARTAMENTO,IDCREADOR,FECHACREACION,IDMODIF,FECHAMODIF,ESTADO,FECHANAC,CATECOLA,ESTADO_CIVIL) values (97,'JUAN','CARLOS',null,'RAMÍREZ','MARTÍNEZ',null,2,'7702345678901',77,'23456789','JUAN.RAMIREZ@CORREO.COM','14-30 COLONIA SANTA LUCÍA','14','30','10',106,9,5,to_date('10-NOV-23','DD-MON-RR'),5,to_date('10-NOV-23','DD-MON-RR'),1,to_date('01-NOV-91','DD-MON-RR'),62,2);
Insert into SYSTEM.COLABORADOR (IDCOLABORADOR,PRIMERNOMBRE,SEGUNDONOMBRE,OTRONOMBRE,PRIMERAPELLIDO,SEGUNDOAPELLIDO,OTROAPELLIDO,GENERO,DPI,CODIGOPAIS,TELEFONO,EMAIL,DESCDIRECCION,CALLE,AVENIDA,ZONA,MUNICIPIO,DEPARTAMENTO,IDCREADOR,FECHACREACION,IDMODIF,FECHAMODIF,ESTADO,FECHANAC,CATECOLA,ESTADO_CIVIL) values (98,'MARÍA','ELENA',null,'GARCÍA','SOTO',null,1,'7703456789012',77,'34567890','MARIA.GARCIA@CORREO.COM','36-45 COLONIA LOS PINOS','36','45','15',106,9,5,to_date('10-NOV-23','DD-MON-RR'),5,to_date('10-NOV-23','DD-MON-RR'),1,to_date('03-SEP-82','DD-MON-RR'),62,6);
Insert into SYSTEM.COLABORADOR (IDCOLABORADOR,PRIMERNOMBRE,SEGUNDONOMBRE,OTRONOMBRE,PRIMERAPELLIDO,SEGUNDOAPELLIDO,OTROAPELLIDO,GENERO,DPI,CODIGOPAIS,TELEFONO,EMAIL,DESCDIRECCION,CALLE,AVENIDA,ZONA,MUNICIPIO,DEPARTAMENTO,IDCREADOR,FECHACREACION,IDMODIF,FECHAMODIF,ESTADO,FECHANAC,CATECOLA,ESTADO_CIVIL) values (99,'CARLOS','ANDRÉS',null,'MARTÍNEZ','DÍAZ',null,2,'7704567890123',77,'45678901','CARLOS.MARTINEZ@CORREO.COM','18-55 COLONIA SAN ISIDRO','18','55','20',106,9,5,to_date('10-NOV-23','DD-MON-RR'),5,to_date('10-NOV-23','DD-MON-RR'),1,to_date('19-JUL-97','DD-MON-RR'),62,1);
Insert into SYSTEM.COLABORADOR (IDCOLABORADOR,PRIMERNOMBRE,SEGUNDONOMBRE,OTRONOMBRE,PRIMERAPELLIDO,SEGUNDOAPELLIDO,OTROAPELLIDO,GENERO,DPI,CODIGOPAIS,TELEFONO,EMAIL,DESCDIRECCION,CALLE,AVENIDA,ZONA,MUNICIPIO,DEPARTAMENTO,IDCREADOR,FECHACREACION,IDMODIF,FECHAMODIF,ESTADO,FECHANAC,CATECOLA,ESTADO_CIVIL) values (100,'LAURA','PATRICIA',null,'CASTILLO','JIMÉNEZ',null,1,'7705678901234',77,'56789012','LAURA.CASTILLO@CORREO.COM','29-40 COLONIA SANTA ELENA','29','40','8',106,9,5,to_date('10-NOV-23','DD-MON-RR'),5,to_date('10-NOV-23','DD-MON-RR'),1,to_date('22-MAR-89','DD-MON-RR'),63,2);
Insert into SYSTEM.COLABORADOR (IDCOLABORADOR,PRIMERNOMBRE,SEGUNDONOMBRE,OTRONOMBRE,PRIMERAPELLIDO,SEGUNDOAPELLIDO,OTROAPELLIDO,GENERO,DPI,CODIGOPAIS,TELEFONO,EMAIL,DESCDIRECCION,CALLE,AVENIDA,ZONA,MUNICIPIO,DEPARTAMENTO,IDCREADOR,FECHACREACION,IDMODIF,FECHAMODIF,ESTADO,FECHANAC,CATECOLA,ESTADO_CIVIL) values (101,'JORGE','EDUARDO',null,'HERRERA','CRUZ',null,2,'7706789012345',77,'67890123','JORGE.HERRERA@CORREO.COM','47-12 COLONIA LOS ARCOS','47','12','3',106,9,5,to_date('10-NOV-23','DD-MON-RR'),5,to_date('10-NOV-23','DD-MON-RR'),1,to_date('11-MAY-80','DD-MON-RR'),63,6);
Insert into SYSTEM.COLABORADOR (IDCOLABORADOR,PRIMERNOMBRE,SEGUNDONOMBRE,OTRONOMBRE,PRIMERAPELLIDO,SEGUNDOAPELLIDO,OTROAPELLIDO,GENERO,DPI,CODIGOPAIS,TELEFONO,EMAIL,DESCDIRECCION,CALLE,AVENIDA,ZONA,MUNICIPIO,DEPARTAMENTO,IDCREADOR,FECHACREACION,IDMODIF,FECHAMODIF,ESTADO,FECHANAC,CATECOLA,ESTADO_CIVIL) values (102,'MARTA','ISABEL',null,'FLORES','VEGA',null,1,'7707890123456',77,'78901234','MARTA.FLORES@CORREO.COM','14-26 COLONIA VISTA ALEGRE','14','26','17',106,9,5,to_date('10-NOV-23','DD-MON-RR'),5,to_date('10-NOV-23','DD-MON-RR'),1,to_date('27-FEB-86','DD-MON-RR'),64,1);
Insert into SYSTEM.COLABORADOR (IDCOLABORADOR,PRIMERNOMBRE,SEGUNDONOMBRE,OTRONOMBRE,PRIMERAPELLIDO,SEGUNDOAPELLIDO,OTROAPELLIDO,GENERO,DPI,CODIGOPAIS,TELEFONO,EMAIL,DESCDIRECCION,CALLE,AVENIDA,ZONA,MUNICIPIO,DEPARTAMENTO,IDCREADOR,FECHACREACION,IDMODIF,FECHAMODIF,ESTADO,FECHANAC,CATECOLA,ESTADO_CIVIL) values (103,'PEDRO','ANTONIO',null,'RUIZ','GUTIÉRREZ',null,2,'7708901234567',77,'89012345','PEDRO.RUIZ@CORREO.COM','37-15 COLONIA LOS OLIVOS','37','15','21',106,9,5,to_date('10-NOV-23','DD-MON-RR'),5,to_date('10-NOV-23','DD-MON-RR'),1,to_date('08-JAN-92','DD-MON-RR'),64,2);
Insert into SYSTEM.COLABORADOR (IDCOLABORADOR,PRIMERNOMBRE,SEGUNDONOMBRE,OTRONOMBRE,PRIMERAPELLIDO,SEGUNDOAPELLIDO,OTROAPELLIDO,GENERO,DPI,CODIGOPAIS,TELEFONO,EMAIL,DESCDIRECCION,CALLE,AVENIDA,ZONA,MUNICIPIO,DEPARTAMENTO,IDCREADOR,FECHACREACION,IDMODIF,FECHAMODIF,ESTADO,FECHANAC,CATECOLA,ESTADO_CIVIL) values (104,'SILVIA','BEATRIZ',null,'GARCÍA','SALAZAR',null,1,'7709012345678',77,'90123456','SILVIA.GARCIA@CORREO.COM','22-37 COLONIA SANTA TERESA','22','37','14',106,9,5,to_date('10-NOV-23','DD-MON-RR'),5,to_date('10-NOV-23','DD-MON-RR'),1,to_date('13-JUN-79','DD-MON-RR'),64,6);
Insert into SYSTEM.COLABORADOR (IDCOLABORADOR,PRIMERNOMBRE,SEGUNDONOMBRE,OTRONOMBRE,PRIMERAPELLIDO,SEGUNDOAPELLIDO,OTROAPELLIDO,GENERO,DPI,CODIGOPAIS,TELEFONO,EMAIL,DESCDIRECCION,CALLE,AVENIDA,ZONA,MUNICIPIO,DEPARTAMENTO,IDCREADOR,FECHACREACION,IDMODIF,FECHAMODIF,ESTADO,FECHANAC,CATECOLA,ESTADO_CIVIL) values (105,'ANDREA','VANESSA',null,'GONZÁLEZ','RAMÍREZ',null,1,'7700123456789',77,'1234567','ANDREA.GONZALEZ@CORREO.COM','31-49 COLONIA LOS PINOS','31','49','6',106,9,5,to_date('10-NOV-23','DD-MON-RR'),5,to_date('10-NOV-23','DD-MON-RR'),1,to_date('28-SEP-88','DD-MON-RR'),64,1);
Insert into SYSTEM.COLABORADOR (IDCOLABORADOR,PRIMERNOMBRE,SEGUNDONOMBRE,OTRONOMBRE,PRIMERAPELLIDO,SEGUNDOAPELLIDO,OTROAPELLIDO,GENERO,DPI,CODIGOPAIS,TELEFONO,EMAIL,DESCDIRECCION,CALLE,AVENIDA,ZONA,MUNICIPIO,DEPARTAMENTO,IDCREADOR,FECHACREACION,IDMODIF,FECHAMODIF,ESTADO,FECHANAC,CATECOLA,ESTADO_CIVIL) values (106,'RAFAEL','EDUARDO',null,'MENDOZA','VÁSQUEZ',null,2,'7701234567890',77,'12345678','RAFAEL.MENDOZA@CORREO.COM','42-20 COLONIA SAN VICENTE','42','20','13',106,9,5,to_date('10-NOV-23','DD-MON-RR'),5,to_date('10-NOV-23','DD-MON-RR'),1,to_date('02-APR-75','DD-MON-RR'),64,2);
Insert into SYSTEM.COLABORADOR (IDCOLABORADOR,PRIMERNOMBRE,SEGUNDONOMBRE,OTRONOMBRE,PRIMERAPELLIDO,SEGUNDOAPELLIDO,OTROAPELLIDO,GENERO,DPI,CODIGOPAIS,TELEFONO,EMAIL,DESCDIRECCION,CALLE,AVENIDA,ZONA,MUNICIPIO,DEPARTAMENTO,IDCREADOR,FECHACREACION,IDMODIF,FECHAMODIF,ESTADO,FECHANAC,CATECOLA,ESTADO_CIVIL) values (107,'MARTA','ELENA',null,'VARELA','MARTÍNEZ',null,1,'7702345678901',77,'23456789','MARTA.VARELA@CORREO.COM','16-42 COLONIA LOS ALAMOS','16','42','16',106,9,5,to_date('10-NOV-23','DD-MON-RR'),5,to_date('10-NOV-23','DD-MON-RR'),1,to_date('16-MAY-76','DD-MON-RR'),64,6);
Insert into SYSTEM.COLABORADOR (IDCOLABORADOR,PRIMERNOMBRE,SEGUNDONOMBRE,OTRONOMBRE,PRIMERAPELLIDO,SEGUNDOAPELLIDO,OTROAPELLIDO,GENERO,DPI,CODIGOPAIS,TELEFONO,EMAIL,DESCDIRECCION,CALLE,AVENIDA,ZONA,MUNICIPIO,DEPARTAMENTO,IDCREADOR,FECHACREACION,IDMODIF,FECHAMODIF,ESTADO,FECHANAC,CATECOLA,ESTADO_CIVIL) values (108,'PEDRO','LUIS',null,'SALAZAR','MARTÍNEZ',null,2,'7703456789012',77,'34567890','PEDRO.SALAZAR@CORREO.COM','39-18 COLONIA EL ROSARIO','39','18','2',106,9,5,to_date('10-NOV-23','DD-MON-RR'),5,to_date('10-NOV-23','DD-MON-RR'),1,to_date('10-JUL-93','DD-MON-RR'),64,1);
Insert into SYSTEM.COLABORADOR (IDCOLABORADOR,PRIMERNOMBRE,SEGUNDONOMBRE,OTRONOMBRE,PRIMERAPELLIDO,SEGUNDOAPELLIDO,OTROAPELLIDO,GENERO,DPI,CODIGOPAIS,TELEFONO,EMAIL,DESCDIRECCION,CALLE,AVENIDA,ZONA,MUNICIPIO,DEPARTAMENTO,IDCREADOR,FECHACREACION,IDMODIF,FECHAMODIF,ESTADO,FECHANAC,CATECOLA,ESTADO_CIVIL) values (109,'LAURA','CARMEN',null,'MEDINA','SÁNCHEZ',null,1,'7704567890123',77,'45678901','LAURA.MEDINA@CORREO.COM','20-31 COLONIA LOS PINOS','20','31','7',106,9,5,to_date('10-NOV-23','DD-MON-RR'),5,to_date('10-NOV-23','DD-MON-RR'),1,to_date('03-MAR-90','DD-MON-RR'),64,2);
Insert into SYSTEM.COLABORADOR (IDCOLABORADOR,PRIMERNOMBRE,SEGUNDONOMBRE,OTRONOMBRE,PRIMERAPELLIDO,SEGUNDOAPELLIDO,OTROAPELLIDO,GENERO,DPI,CODIGOPAIS,TELEFONO,EMAIL,DESCDIRECCION,CALLE,AVENIDA,ZONA,MUNICIPIO,DEPARTAMENTO,IDCREADOR,FECHACREACION,IDMODIF,FECHAMODIF,ESTADO,FECHANAC,CATECOLA,ESTADO_CIVIL) values (110,'JORGE','MANUEL',null,'GUZMÁN','TORO',null,2,'7705678901234',77,'56789012','JORGE.GUZMAN@CORREO.COM','42-15 COLONIA SANTA LUCÍA','42','15','24',106,9,5,to_date('10-NOV-23','DD-MON-RR'),5,to_date('10-NOV-23','DD-MON-RR'),1,to_date('21-JAN-97','DD-MON-RR'),64,6);
Insert into SYSTEM.COLABORADOR (IDCOLABORADOR,PRIMERNOMBRE,SEGUNDONOMBRE,OTRONOMBRE,PRIMERAPELLIDO,SEGUNDOAPELLIDO,OTROAPELLIDO,GENERO,DPI,CODIGOPAIS,TELEFONO,EMAIL,DESCDIRECCION,CALLE,AVENIDA,ZONA,MUNICIPIO,DEPARTAMENTO,IDCREADOR,FECHACREACION,IDMODIF,FECHAMODIF,ESTADO,FECHANAC,CATECOLA,ESTADO_CIVIL) values (111,'ANDREA','CAROLINA',null,'RÍOS','SOTO',null,1,'7706789012345',77,'67890123','ANDREA.RIOS@CORREO.COM','18-29 COLONIA LOS REYES','18','29','11',106,9,5,to_date('10-NOV-23','DD-MON-RR'),5,to_date('10-NOV-23','DD-MON-RR'),1,to_date('12-DEC-85','DD-MON-RR'),64,1);
Insert into SYSTEM.COLABORADOR (IDCOLABORADOR,PRIMERNOMBRE,SEGUNDONOMBRE,OTRONOMBRE,PRIMERAPELLIDO,SEGUNDOAPELLIDO,OTROAPELLIDO,GENERO,DPI,CODIGOPAIS,TELEFONO,EMAIL,DESCDIRECCION,CALLE,AVENIDA,ZONA,MUNICIPIO,DEPARTAMENTO,IDCREADOR,FECHACREACION,IDMODIF,FECHAMODIF,ESTADO,FECHANAC,CATECOLA,ESTADO_CIVIL) values (112,'JORGE','EDUARDO',null,'RUEDA','HERRERA',null,2,'7707890123456',77,'78901234','JORGE.RUEDA@CORREO.COM','29-37 COLONIA LOS CIPRESES','29','37','19',106,9,5,to_date('10-NOV-23','DD-MON-RR'),5,to_date('10-NOV-23','DD-MON-RR'),1,to_date('07-JUL-78','DD-MON-RR'),64,2);
Insert into SYSTEM.COLABORADOR (IDCOLABORADOR,PRIMERNOMBRE,SEGUNDONOMBRE,OTRONOMBRE,PRIMERAPELLIDO,SEGUNDOAPELLIDO,OTROAPELLIDO,GENERO,DPI,CODIGOPAIS,TELEFONO,EMAIL,DESCDIRECCION,CALLE,AVENIDA,ZONA,MUNICIPIO,DEPARTAMENTO,IDCREADOR,FECHACREACION,IDMODIF,FECHAMODIF,ESTADO,FECHANAC,CATECOLA,ESTADO_CIVIL) values (113,'MARTA','VANESSA',null,'ROSALES','MARTÍNEZ',null,1,'7708901234567',77,'89012345','MARTA.ROSALES@CORREO.COM','47-24 COLONIA BELLA VISTA','47','24','18',106,9,5,to_date('10-NOV-23','DD-MON-RR'),5,to_date('10-NOV-23','DD-MON-RR'),1,to_date('28-AUG-94','DD-MON-RR'),65,6);
Insert into SYSTEM.COLABORADOR (IDCOLABORADOR,PRIMERNOMBRE,SEGUNDONOMBRE,OTRONOMBRE,PRIMERAPELLIDO,SEGUNDOAPELLIDO,OTROAPELLIDO,GENERO,DPI,CODIGOPAIS,TELEFONO,EMAIL,DESCDIRECCION,CALLE,AVENIDA,ZONA,MUNICIPIO,DEPARTAMENTO,IDCREADOR,FECHACREACION,IDMODIF,FECHAMODIF,ESTADO,FECHANAC,CATECOLA,ESTADO_CIVIL) values (114,'CARLOS','ANTONIO',null,'MARTÍNEZ','GUTIÉRREZ',null,2,'7709012345678',77,'90123456','CARLOS.MARTINEZ@CORREO.COM','13119 COLONIA SANTA ELENA','12','35','14',106,9,5,to_date('10-NOV-23','DD-MON-RR'),5,to_date('10-NOV-23','DD-MON-RR'),1,to_date('16-FEB-79','DD-MON-RR'),65,1);
Insert into SYSTEM.COLABORADOR (IDCOLABORADOR,PRIMERNOMBRE,SEGUNDONOMBRE,OTRONOMBRE,PRIMERAPELLIDO,SEGUNDOAPELLIDO,OTROAPELLIDO,GENERO,DPI,CODIGOPAIS,TELEFONO,EMAIL,DESCDIRECCION,CALLE,AVENIDA,ZONA,MUNICIPIO,DEPARTAMENTO,IDCREADOR,FECHACREACION,IDMODIF,FECHAMODIF,ESTADO,FECHANAC,CATECOLA,ESTADO_CIVIL) values (115,'MARÍA','BEATRIZ',null,'SILVA','VÁSQUEZ',null,1,'7700123456789',77,'1234567','MARIA.SILVA@CORREO.COM','31-23 COLONIA SAN JOSÉ','31','23','9',106,9,5,to_date('10-NOV-23','DD-MON-RR'),5,to_date('10-NOV-23','DD-MON-RR'),1,to_date('05-JUN-87','DD-MON-RR'),66,2);
Insert into SYSTEM.COLABORADOR (IDCOLABORADOR,PRIMERNOMBRE,SEGUNDONOMBRE,OTRONOMBRE,PRIMERAPELLIDO,SEGUNDOAPELLIDO,OTROAPELLIDO,GENERO,DPI,CODIGOPAIS,TELEFONO,EMAIL,DESCDIRECCION,CALLE,AVENIDA,ZONA,MUNICIPIO,DEPARTAMENTO,IDCREADOR,FECHACREACION,IDMODIF,FECHAMODIF,ESTADO,FECHANAC,CATECOLA,ESTADO_CIVIL) values (116,'LUIS','FERNANDO',null,'TORRES','SALAZAR',null,2,'7701234567890',77,'12345678','LUIS.TORRES@CORREO.COM','22-38 COLONIA SANTA CATALINA','22','38','1',106,9,5,to_date('10-NOV-23','DD-MON-RR'),5,to_date('10-NOV-23','DD-MON-RR'),1,to_date('09-JAN-96','DD-MON-RR'),66,6);
Insert into SYSTEM.COLABORADOR (IDCOLABORADOR,PRIMERNOMBRE,SEGUNDONOMBRE,OTRONOMBRE,PRIMERAPELLIDO,SEGUNDOAPELLIDO,OTROAPELLIDO,GENERO,DPI,CODIGOPAIS,TELEFONO,EMAIL,DESCDIRECCION,CALLE,AVENIDA,ZONA,MUNICIPIO,DEPARTAMENTO,IDCREADOR,FECHACREACION,IDMODIF,FECHAMODIF,ESTADO,FECHANAC,CATECOLA,ESTADO_CIVIL) values (117,'CLARA','ROSARIO',null,'CONTRERAS','HERNÁNDEZ',null,1,'7702345678901',77,'23456789','CLARA.CONTRERAS@CORREO.COM','34-45 COLONIA LA LIBERTAD','34','45','5',106,9,5,to_date('10-NOV-23','DD-MON-RR'),5,to_date('10-NOV-23','DD-MON-RR'),1,to_date('22-MAR-91','DD-MON-RR'),66,1);
Insert into SYSTEM.COLABORADOR (IDCOLABORADOR,PRIMERNOMBRE,SEGUNDONOMBRE,OTRONOMBRE,PRIMERAPELLIDO,SEGUNDOAPELLIDO,OTROAPELLIDO,GENERO,DPI,CODIGOPAIS,TELEFONO,EMAIL,DESCDIRECCION,CALLE,AVENIDA,ZONA,MUNICIPIO,DEPARTAMENTO,IDCREADOR,FECHACREACION,IDMODIF,FECHAMODIF,ESTADO,FECHANAC,CATECOLA,ESTADO_CIVIL) values (118,'JOSÉ','ENRIQUE',null,'FLORES','TORO',null,2,'7703456789012',77,'34567890','JOSE.FLORES@CORREO.COM','49-16 COLONIA SANTA RITA','49','16','22',106,9,5,to_date('10-NOV-23','DD-MON-RR'),5,to_date('10-NOV-23','DD-MON-RR'),1,to_date('14-OCT-82','DD-MON-RR'),66,2);
Insert into SYSTEM.COLABORADOR (IDCOLABORADOR,PRIMERNOMBRE,SEGUNDONOMBRE,OTRONOMBRE,PRIMERAPELLIDO,SEGUNDOAPELLIDO,OTROAPELLIDO,GENERO,DPI,CODIGOPAIS,TELEFONO,EMAIL,DESCDIRECCION,CALLE,AVENIDA,ZONA,MUNICIPIO,DEPARTAMENTO,IDCREADOR,FECHACREACION,IDMODIF,FECHAMODIF,ESTADO,FECHANAC,CATECOLA,ESTADO_CIVIL) values (119,'ANA','CRISTINA',null,'ORTÍZ','MENDOZA',null,1,'7704567890123',77,'45678901','ANA.ORTIZ@CORREO.COM','16-30 COLONIA LOS ALAMOS','16','30','13',106,9,5,to_date('10-NOV-23','DD-MON-RR'),5,to_date('10-NOV-23','DD-MON-RR'),1,to_date('01-APR-75','DD-MON-RR'),66,6);
Insert into SYSTEM.COLABORADOR (IDCOLABORADOR,PRIMERNOMBRE,SEGUNDONOMBRE,OTRONOMBRE,PRIMERAPELLIDO,SEGUNDOAPELLIDO,OTROAPELLIDO,GENERO,DPI,CODIGOPAIS,TELEFONO,EMAIL,DESCDIRECCION,CALLE,AVENIDA,ZONA,MUNICIPIO,DEPARTAMENTO,IDCREADOR,FECHACREACION,IDMODIF,FECHAMODIF,ESTADO,FECHANAC,CATECOLA,ESTADO_CIVIL) values (120,'JORGE','ALFREDO',null,'JIMÉNEZ','VEGA',null,2,'7705678901234',77,'56789012','JORGE.JIMENEZ@CORREO.COM','29-40 COLONIA SANTA TERESA','29','40','16',106,9,5,to_date('10-NOV-23','DD-MON-RR'),5,to_date('10-NOV-23','DD-MON-RR'),1,to_date('18-JUN-98','DD-MON-RR'),66,1);
Insert into SYSTEM.COLABORADOR (IDCOLABORADOR,PRIMERNOMBRE,SEGUNDONOMBRE,OTRONOMBRE,PRIMERAPELLIDO,SEGUNDOAPELLIDO,OTROAPELLIDO,GENERO,DPI,CODIGOPAIS,TELEFONO,EMAIL,DESCDIRECCION,CALLE,AVENIDA,ZONA,MUNICIPIO,DEPARTAMENTO,IDCREADOR,FECHACREACION,IDMODIF,FECHAMODIF,ESTADO,FECHANAC,CATECOLA,ESTADO_CIVIL) values (121,'MARTA','ELENA',null,'RIVERA','RÍOS',null,1,'7706789012345',77,'67890123','MARTA.RIVERA@CORREO.COM','42-12 COLONIA SAN JUAN','42','12','21',106,9,5,to_date('10-NOV-23','DD-MON-RR'),5,to_date('10-NOV-23','DD-MON-RR'),1,to_date('23-DEC-83','DD-MON-RR'),66,2);
Insert into SYSTEM.COLABORADOR (IDCOLABORADOR,PRIMERNOMBRE,SEGUNDONOMBRE,OTRONOMBRE,PRIMERAPELLIDO,SEGUNDOAPELLIDO,OTROAPELLIDO,GENERO,DPI,CODIGOPAIS,TELEFONO,EMAIL,DESCDIRECCION,CALLE,AVENIDA,ZONA,MUNICIPIO,DEPARTAMENTO,IDCREADOR,FECHACREACION,IDMODIF,FECHAMODIF,ESTADO,FECHANAC,CATECOLA,ESTADO_CIVIL) values (122,'PEDRO','ENRIQUE',null,'SALAZAR','MARTÍNEZ',null,2,'7707890123456',77,'78901234','PEDRO.SALAZAR@CORREO.COM','13-26 COLONIA LOS PINOS','13','26','7',106,9,5,to_date('10-NOV-23','DD-MON-RR'),5,to_date('10-NOV-23','DD-MON-RR'),1,to_date('06-SEP-79','DD-MON-RR'),66,6);
Insert into SYSTEM.COLABORADOR (IDCOLABORADOR,PRIMERNOMBRE,SEGUNDONOMBRE,OTRONOMBRE,PRIMERAPELLIDO,SEGUNDOAPELLIDO,OTROAPELLIDO,GENERO,DPI,CODIGOPAIS,TELEFONO,EMAIL,DESCDIRECCION,CALLE,AVENIDA,ZONA,MUNICIPIO,DEPARTAMENTO,IDCREADOR,FECHACREACION,IDMODIF,FECHAMODIF,ESTADO,FECHANAC,CATECOLA,ESTADO_CIVIL) values (123,'LAURA','CAROLINA',null,'SALGADO','SÁNCHEZ',null,1,'7708901234567',77,'89012345','LAURA.SALGADO@CORREO.COM','28-35 COLONIA LOS OLIVOS','28','35','17',106,9,5,to_date('10-NOV-23','DD-MON-RR'),5,to_date('10-NOV-23','DD-MON-RR'),1,to_date('11-JAN-84','DD-MON-RR'),66,1);
Insert into SYSTEM.COLABORADOR (IDCOLABORADOR,PRIMERNOMBRE,SEGUNDONOMBRE,OTRONOMBRE,PRIMERAPELLIDO,SEGUNDOAPELLIDO,OTROAPELLIDO,GENERO,DPI,CODIGOPAIS,TELEFONO,EMAIL,DESCDIRECCION,CALLE,AVENIDA,ZONA,MUNICIPIO,DEPARTAMENTO,IDCREADOR,FECHACREACION,IDMODIF,FECHAMODIF,ESTADO,FECHANAC,CATECOLA,ESTADO_CIVIL) values (124,'JUAN','LUIS',null,'MARTÍNEZ','MENDOZA',null,2,'7709012345678',77,'90123456','JUAN.MARTINEZ@CORREO.COM','39-18 COLONIA EL ROSARIO','39','18','10',106,9,5,to_date('10-NOV-23','DD-MON-RR'),5,to_date('10-NOV-23','DD-MON-RR'),1,to_date('02-JUL-95','DD-MON-RR'),66,2);
Insert into SYSTEM.COLABORADOR (IDCOLABORADOR,PRIMERNOMBRE,SEGUNDONOMBRE,OTRONOMBRE,PRIMERAPELLIDO,SEGUNDOAPELLIDO,OTROAPELLIDO,GENERO,DPI,CODIGOPAIS,TELEFONO,EMAIL,DESCDIRECCION,CALLE,AVENIDA,ZONA,MUNICIPIO,DEPARTAMENTO,IDCREADOR,FECHACREACION,IDMODIF,FECHAMODIF,ESTADO,FECHANAC,CATECOLA,ESTADO_CIVIL) values (125,'MARÍA','BEATRIZ',null,'RAMÍREZ','VEGA',null,1,'7700123456789',77,'1234567','MARIA.RAMIREZ@CORREO.COM','17-40 COLONIA SAN ISIDRO','17','40','2',106,9,5,to_date('10-NOV-23','DD-MON-RR'),5,to_date('10-NOV-23','DD-MON-RR'),1,to_date('15-NOV-88','DD-MON-RR'),67,6);
Insert into SYSTEM.COLABORADOR (IDCOLABORADOR,PRIMERNOMBRE,SEGUNDONOMBRE,OTRONOMBRE,PRIMERAPELLIDO,SEGUNDOAPELLIDO,OTROAPELLIDO,GENERO,DPI,CODIGOPAIS,TELEFONO,EMAIL,DESCDIRECCION,CALLE,AVENIDA,ZONA,MUNICIPIO,DEPARTAMENTO,IDCREADOR,FECHACREACION,IDMODIF,FECHAMODIF,ESTADO,FECHANAC,CATECOLA,ESTADO_CIVIL) values (126,'JORGE','EDUARDO',null,'SOTO','HERRERA',null,2,'7701234567890',77,'12345678','JORGE.SOTO@CORREO.COM','32-15 COLONIA SANTA LUCÍA','32','15','13',106,9,5,to_date('10-NOV-23','DD-MON-RR'),5,to_date('10-NOV-23','DD-MON-RR'),1,to_date('28-MAY-76','DD-MON-RR'),67,1);
Insert into SYSTEM.COLABORADOR (IDCOLABORADOR,PRIMERNOMBRE,SEGUNDONOMBRE,OTRONOMBRE,PRIMERAPELLIDO,SEGUNDOAPELLIDO,OTROAPELLIDO,GENERO,DPI,CODIGOPAIS,TELEFONO,EMAIL,DESCDIRECCION,CALLE,AVENIDA,ZONA,MUNICIPIO,DEPARTAMENTO,IDCREADOR,FECHACREACION,IDMODIF,FECHAMODIF,ESTADO,FECHANAC,CATECOLA,ESTADO_CIVIL) values (127,'MARTA','ELENA',null,'CASTILLO','MARTÍNEZ',null,1,'7702345678901',77,'23456789','MARTA.CASTILLO@CORREO.COM','14-30 COLONIA SANTA TERESA','14','30','18',106,9,5,to_date('10-NOV-23','DD-MON-RR'),5,to_date('10-NOV-23','DD-MON-RR'),1,to_date('13-MAR-92','DD-MON-RR'),67,2);
Insert into SYSTEM.COLABORADOR (IDCOLABORADOR,PRIMERNOMBRE,SEGUNDONOMBRE,OTRONOMBRE,PRIMERAPELLIDO,SEGUNDOAPELLIDO,OTROAPELLIDO,GENERO,DPI,CODIGOPAIS,TELEFONO,EMAIL,DESCDIRECCION,CALLE,AVENIDA,ZONA,MUNICIPIO,DEPARTAMENTO,IDCREADOR,FECHACREACION,IDMODIF,FECHAMODIF,ESTADO,FECHANAC,CATECOLA,ESTADO_CIVIL) values (128,'PEDRO','LUIS',null,'RUIZ','GUTIÉRREZ',null,2,'7703456789012',77,'34567890','PEDRO.RUIZ@CORREO.COM','27-45 COLONIA LOS REYES','27','45','9',106,9,5,to_date('10-NOV-23','DD-MON-RR'),5,to_date('10-NOV-23','DD-MON-RR'),1,to_date('08-JUN-77','DD-MON-RR'),67,6);
Insert into SYSTEM.COLABORADOR (IDCOLABORADOR,PRIMERNOMBRE,SEGUNDONOMBRE,OTRONOMBRE,PRIMERAPELLIDO,SEGUNDOAPELLIDO,OTROAPELLIDO,GENERO,DPI,CODIGOPAIS,TELEFONO,EMAIL,DESCDIRECCION,CALLE,AVENIDA,ZONA,MUNICIPIO,DEPARTAMENTO,IDCREADOR,FECHACREACION,IDMODIF,FECHAMODIF,ESTADO,FECHANAC,CATECOLA,ESTADO_CIVIL) values (129,'LAURA','CAROLINA',null,'MARTÍNEZ','SOTO',null,1,'7704567890123',77,'45678901','LAURA.MARTINEZ@CORREO.COM','39-28 COLONIA LA LIBERTAD','39','28','23',106,9,5,to_date('10-NOV-23','DD-MON-RR'),5,to_date('10-NOV-23','DD-MON-RR'),1,to_date('01-FEB-89','DD-MON-RR'),68,1);
Insert into SYSTEM.COLABORADOR (IDCOLABORADOR,PRIMERNOMBRE,SEGUNDONOMBRE,OTRONOMBRE,PRIMERAPELLIDO,SEGUNDOAPELLIDO,OTROAPELLIDO,GENERO,DPI,CODIGOPAIS,TELEFONO,EMAIL,DESCDIRECCION,CALLE,AVENIDA,ZONA,MUNICIPIO,DEPARTAMENTO,IDCREADOR,FECHACREACION,IDMODIF,FECHAMODIF,ESTADO,FECHANAC,CATECOLA,ESTADO_CIVIL) values (130,'JORGE','EDUARDO',null,'HERRERA','CRUZ',null,2,'7705678901234',77,'56789012','JORGE.HERRERA@CORREO.COM','22-37 COLONIA LOS CIPRESES','22','37','15',106,9,5,to_date('10-NOV-23','DD-MON-RR'),5,to_date('10-NOV-23','DD-MON-RR'),1,to_date('17-OCT-80','DD-MON-RR'),68,2);
Insert into SYSTEM.COLABORADOR (IDCOLABORADOR,PRIMERNOMBRE,SEGUNDONOMBRE,OTRONOMBRE,PRIMERAPELLIDO,SEGUNDOAPELLIDO,OTROAPELLIDO,GENERO,DPI,CODIGOPAIS,TELEFONO,EMAIL,DESCDIRECCION,CALLE,AVENIDA,ZONA,MUNICIPIO,DEPARTAMENTO,IDCREADOR,FECHACREACION,IDMODIF,FECHAMODIF,ESTADO,FECHANAC,CATECOLA,ESTADO_CIVIL) values (131,'ANDREA','CAROLINA',null,'GÓMEZ','RAMÍREZ',null,1,'7706789012345',77,'67890123','ANDREA.GOMEZ@CORREO.COM','37-12 COLONIA BELLA VISTA','37','12','14',106,9,5,to_date('10-NOV-23','DD-MON-RR'),5,to_date('10-NOV-23','DD-MON-RR'),1,to_date('09-JUL-91','DD-MON-RR'),68,6);
Insert into SYSTEM.COLABORADOR (IDCOLABORADOR,PRIMERNOMBRE,SEGUNDONOMBRE,OTRONOMBRE,PRIMERAPELLIDO,SEGUNDOAPELLIDO,OTROAPELLIDO,GENERO,DPI,CODIGOPAIS,TELEFONO,EMAIL,DESCDIRECCION,CALLE,AVENIDA,ZONA,MUNICIPIO,DEPARTAMENTO,IDCREADOR,FECHACREACION,IDMODIF,FECHAMODIF,ESTADO,FECHANAC,CATECOLA,ESTADO_CIVIL) values (132,'ANA','MARIA',null,'GOMEZ','LOPEZ',null,1,'1234567890123',77,'12345678','ANAMARIA@EJEMPLO.COM','25-58 COLONIA VISTA HERMOSA','25','58','1',106,9,5,to_date('10-NOV-23','DD-MON-RR'),5,to_date('10-NOV-23','DD-MON-RR'),1,to_date('24-APR-78','DD-MON-RR'),68,1);
Insert into SYSTEM.COLABORADOR (IDCOLABORADOR,PRIMERNOMBRE,SEGUNDONOMBRE,OTRONOMBRE,PRIMERAPELLIDO,SEGUNDOAPELLIDO,OTROAPELLIDO,GENERO,DPI,CODIGOPAIS,TELEFONO,EMAIL,DESCDIRECCION,CALLE,AVENIDA,ZONA,MUNICIPIO,DEPARTAMENTO,IDCREADOR,FECHACREACION,IDMODIF,FECHAMODIF,ESTADO,FECHANAC,CATECOLA,ESTADO_CIVIL) values (133,'JUAN','CARLOS',null,'PEREZ','RAMIREZ',null,2,'9876543210123',77,'87654321','JUANCARLOS@EJEMPLO.COM','30-45 COLONIA EL PARAISO','30','45','12',106,9,5,to_date('10-NOV-23','DD-MON-RR'),5,to_date('10-NOV-23','DD-MON-RR'),1,to_date('05-DEC-76','DD-MON-RR'),68,2);
Insert into SYSTEM.COLABORADOR (IDCOLABORADOR,PRIMERNOMBRE,SEGUNDONOMBRE,OTRONOMBRE,PRIMERAPELLIDO,SEGUNDOAPELLIDO,OTROAPELLIDO,GENERO,DPI,CODIGOPAIS,TELEFONO,EMAIL,DESCDIRECCION,CALLE,AVENIDA,ZONA,MUNICIPIO,DEPARTAMENTO,IDCREADOR,FECHACREACION,IDMODIF,FECHAMODIF,ESTADO,FECHANAC,CATECOLA,ESTADO_CIVIL) values (134,'MARIA','ELENA',null,'RODRIGUEZ','MARTINEZ',null,1,'4567890123456',77,'65432198','MARIAELENA@EJEMPLO.COM','15-30 COLONIA SAN JOSE','15','30','5',106,9,5,to_date('10-NOV-23','DD-MON-RR'),5,to_date('10-NOV-23','DD-MON-RR'),1,to_date('20-JUN-94','DD-MON-RR'),68,6);
Insert into SYSTEM.COLABORADOR (IDCOLABORADOR,PRIMERNOMBRE,SEGUNDONOMBRE,OTRONOMBRE,PRIMERAPELLIDO,SEGUNDOAPELLIDO,OTROAPELLIDO,GENERO,DPI,CODIGOPAIS,TELEFONO,EMAIL,DESCDIRECCION,CALLE,AVENIDA,ZONA,MUNICIPIO,DEPARTAMENTO,IDCREADOR,FECHACREACION,IDMODIF,FECHAMODIF,ESTADO,FECHANAC,CATECOLA,ESTADO_CIVIL) values (135,'LUIS','ALBERTO',null,'FERNANDEZ','TORO',null,2,'7890123456789',77,'56789012','LUISALBERTO@EJEMPLO.COM','40-12 COLONIA LOS PINOS','40','12','18',106,9,5,to_date('10-NOV-23','DD-MON-RR'),5,to_date('10-NOV-23','DD-MON-RR'),1,to_date('03-SEP-87','DD-MON-RR'),68,1);
Insert into SYSTEM.COLABORADOR (IDCOLABORADOR,PRIMERNOMBRE,SEGUNDONOMBRE,OTRONOMBRE,PRIMERAPELLIDO,SEGUNDOAPELLIDO,OTROAPELLIDO,GENERO,DPI,CODIGOPAIS,TELEFONO,EMAIL,DESCDIRECCION,CALLE,AVENIDA,ZONA,MUNICIPIO,DEPARTAMENTO,IDCREADOR,FECHACREACION,IDMODIF,FECHAMODIF,ESTADO,FECHANAC,CATECOLA,ESTADO_CIVIL) values (136,'CARLA','PATRICIA',null,'MARTINEZ','RAMOS',null,1,'3456789012345',77,'43210987','CARLAPATRICIA@EJEMPLO.COM','22-15 COLONIA SANTA LUCIA','22','15','7',106,9,5,to_date('10-NOV-23','DD-MON-RR'),5,to_date('10-NOV-23','DD-MON-RR'),1,to_date('12-JAN-82','DD-MON-RR'),69,2);
Insert into SYSTEM.COLABORADOR (IDCOLABORADOR,PRIMERNOMBRE,SEGUNDONOMBRE,OTRONOMBRE,PRIMERAPELLIDO,SEGUNDOAPELLIDO,OTROAPELLIDO,GENERO,DPI,CODIGOPAIS,TELEFONO,EMAIL,DESCDIRECCION,CALLE,AVENIDA,ZONA,MUNICIPIO,DEPARTAMENTO,IDCREADOR,FECHACREACION,IDMODIF,FECHAMODIF,ESTADO,FECHANAC,CATECOLA,ESTADO_CIVIL) values (137,'JORGE','EDUARDO',null,'RAMIREZ','CRUZ',null,2,'5678901234567',77,'89012345','JORGEEDUARDO@EJEMPLO.COM','18-60 COLONIA LOS OLIVOS','18','60','20',106,9,5,to_date('10-NOV-23','DD-MON-RR'),5,to_date('10-NOV-23','DD-MON-RR'),1,to_date('27-AUG-79','DD-MON-RR'),69,6);
Insert into SYSTEM.COLABORADOR (IDCOLABORADOR,PRIMERNOMBRE,SEGUNDONOMBRE,OTRONOMBRE,PRIMERAPELLIDO,SEGUNDOAPELLIDO,OTROAPELLIDO,GENERO,DPI,CODIGOPAIS,TELEFONO,EMAIL,DESCDIRECCION,CALLE,AVENIDA,ZONA,MUNICIPIO,DEPARTAMENTO,IDCREADOR,FECHACREACION,IDMODIF,FECHAMODIF,ESTADO,FECHANAC,CATECOLA,ESTADO_CIVIL) values (138,'MARTA','ISABEL',null,'GUTIERREZ','HERRERA',null,1,'2345678901234',77,'32109876','MARTAISABEL@EJEMPLO.COM','35-28 COLONIA EL CARMEN','35','28','9',106,9,5,to_date('10-NOV-23','DD-MON-RR'),5,to_date('10-NOV-23','DD-MON-RR'),1,to_date('15-MAR-83','DD-MON-RR'),70,1);
Insert into SYSTEM.COLABORADOR (IDCOLABORADOR,PRIMERNOMBRE,SEGUNDONOMBRE,OTRONOMBRE,PRIMERAPELLIDO,SEGUNDOAPELLIDO,OTROAPELLIDO,GENERO,DPI,CODIGOPAIS,TELEFONO,EMAIL,DESCDIRECCION,CALLE,AVENIDA,ZONA,MUNICIPIO,DEPARTAMENTO,IDCREADOR,FECHACREACION,IDMODIF,FECHAMODIF,ESTADO,FECHANAC,CATECOLA,ESTADO_CIVIL) values (139,'PABLO','ANTONIO',null,'MORENO','REYES',null,2,'8901234567890',77,'10987654','PABLOANTONIO@EJEMPLO.COM','35-28 COLONIA LAS ACACIAS','12','48','15',106,9,5,to_date('10-NOV-23','DD-MON-RR'),5,to_date('10-NOV-23','DD-MON-RR'),1,to_date('18-JUL-98','DD-MON-RR'),70,2);
Insert into SYSTEM.COLABORADOR (IDCOLABORADOR,PRIMERNOMBRE,SEGUNDONOMBRE,OTRONOMBRE,PRIMERAPELLIDO,SEGUNDOAPELLIDO,OTROAPELLIDO,GENERO,DPI,CODIGOPAIS,TELEFONO,EMAIL,DESCDIRECCION,CALLE,AVENIDA,ZONA,MUNICIPIO,DEPARTAMENTO,IDCREADOR,FECHACREACION,IDMODIF,FECHAMODIF,ESTADO,FECHANAC,CATECOLA,ESTADO_CIVIL) values (140,'LAURA','VERONICA',null,'LOPEZ','JIMENEZ',null,1,'4567890123456',77,'65432198','LAURAVERONICA@EJEMPLO.COM|','33-20 COLONIA LOS ALAMOS','28','10','4',106,9,5,to_date('10-NOV-23','DD-MON-RR'),5,to_date('10-NOV-23','DD-MON-RR'),1,to_date('26-NOV-76','DD-MON-RR'),71,6);
Insert into SYSTEM.COLABORADOR (IDCOLABORADOR,PRIMERNOMBRE,SEGUNDONOMBRE,OTRONOMBRE,PRIMERAPELLIDO,SEGUNDOAPELLIDO,OTROAPELLIDO,GENERO,DPI,CODIGOPAIS,TELEFONO,EMAIL,DESCDIRECCION,CALLE,AVENIDA,ZONA,MUNICIPIO,DEPARTAMENTO,IDCREADOR,FECHACREACION,IDMODIF,FECHAMODIF,ESTADO,FECHANAC,CATECOLA,ESTADO_CIVIL) values (141,'RAUL','EDUARDO',null,'TORO','VARGAS',null,2,'7890123456789',77,'56789012','RAULEDUARDO@EJEMPLO.COM','50-22 COLONIA SAN MARTIN','50','22','11',106,9,5,to_date('10-NOV-23','DD-MON-RR'),5,to_date('10-NOV-23','DD-MON-RR'),1,to_date('09-MAY-81','DD-MON-RR'),72,1);
Insert into SYSTEM.COLABORADOR (IDCOLABORADOR,PRIMERNOMBRE,SEGUNDONOMBRE,OTRONOMBRE,PRIMERAPELLIDO,SEGUNDOAPELLIDO,OTROAPELLIDO,GENERO,DPI,CODIGOPAIS,TELEFONO,EMAIL,DESCDIRECCION,CALLE,AVENIDA,ZONA,MUNICIPIO,DEPARTAMENTO,IDCREADOR,FECHACREACION,IDMODIF,FECHAMODIF,ESTADO,FECHANAC,CATECOLA,ESTADO_CIVIL) values (142,'MONICA','ALEJANDRA',null,'RAMIREZ','SOTO',null,1,'1234567890123',77,'12345678','MONICAALEJANDRA@EJEMPLO.COM|','15-40 COLONIA LOS HEROES','15','40','6',106,9,5,to_date('10-NOV-23','DD-MON-RR'),5,to_date('10-NOV-23','DD-MON-RR'),1,to_date('04-APR-90','DD-MON-RR'),72,2);
Insert into SYSTEM.COLABORADOR (IDCOLABORADOR,PRIMERNOMBRE,SEGUNDONOMBRE,OTRONOMBRE,PRIMERAPELLIDO,SEGUNDOAPELLIDO,OTROAPELLIDO,GENERO,DPI,CODIGOPAIS,TELEFONO,EMAIL,DESCDIRECCION,CALLE,AVENIDA,ZONA,MUNICIPIO,DEPARTAMENTO,IDCREADOR,FECHACREACION,IDMODIF,FECHAMODIF,ESTADO,FECHANAC,CATECOLA,ESTADO_CIVIL) values (143,'HUGO','ENRIQUE',null,'MARTINEZ','GARCIA',null,2,'9876543210123',77,'87654321','HUGOENRIQUE@EJEMPLO.COM','20-15 COLONIA LA FLORESTA|','20','15','14',106,9,5,to_date('10-NOV-23','DD-MON-RR'),5,to_date('10-NOV-23','DD-MON-RR'),1,to_date('07-JUN-97','DD-MON-RR'),72,6);
Insert into SYSTEM.COLABORADOR (IDCOLABORADOR,PRIMERNOMBRE,SEGUNDONOMBRE,OTRONOMBRE,PRIMERAPELLIDO,SEGUNDOAPELLIDO,OTROAPELLIDO,GENERO,DPI,CODIGOPAIS,TELEFONO,EMAIL,DESCDIRECCION,CALLE,AVENIDA,ZONA,MUNICIPIO,DEPARTAMENTO,IDCREADOR,FECHACREACION,IDMODIF,FECHAMODIF,ESTADO,FECHANAC,CATECOLA,ESTADO_CIVIL) values (144,'MARTINA','JOSEFINA',null,'GUTIERREZ','SALAZAR',null,1,'4567890123456',77,'65432198','MARTINAJOSEFINA@EJEMPLO.COM','30-25 COLONIA LOS PINOS|','30','25','8',106,9,5,to_date('10-NOV-23','DD-MON-RR'),5,to_date('10-NOV-23','DD-MON-RR'),1,to_date('22-DEC-84','DD-MON-RR'),72,1);
Insert into SYSTEM.COLABORADOR (IDCOLABORADOR,PRIMERNOMBRE,SEGUNDONOMBRE,OTRONOMBRE,PRIMERAPELLIDO,SEGUNDOAPELLIDO,OTROAPELLIDO,GENERO,DPI,CODIGOPAIS,TELEFONO,EMAIL,DESCDIRECCION,CALLE,AVENIDA,ZONA,MUNICIPIO,DEPARTAMENTO,IDCREADOR,FECHACREACION,IDMODIF,FECHAMODIF,ESTADO,FECHANAC,CATECOLA,ESTADO_CIVIL) values (145,'CARLOS','ALFONSO',null,'MORENO','SILVA',null,2,'7890123456789',77,'56789012','CARLOSALFONSO@EJEMPLO.COM','30-25 COLONIA EL ROSAL','10','55','19',106,9,5,to_date('10-NOV-23','DD-MON-RR'),5,to_date('10-NOV-23','DD-MON-RR'),1,to_date('01-OCT-93','DD-MON-RR'),73,2);
Insert into SYSTEM.COLABORADOR (IDCOLABORADOR,PRIMERNOMBRE,SEGUNDONOMBRE,OTRONOMBRE,PRIMERAPELLIDO,SEGUNDOAPELLIDO,OTROAPELLIDO,GENERO,DPI,CODIGOPAIS,TELEFONO,EMAIL,DESCDIRECCION,CALLE,AVENIDA,ZONA,MUNICIPIO,DEPARTAMENTO,IDCREADOR,FECHACREACION,IDMODIF,FECHAMODIF,ESTADO,FECHANAC,CATECOLA,ESTADO_CIVIL) values (146,'ELENA','BEATRIZ',null,'RAMIREZ','CRUZ',null,1,'3456789012345',77,'43210987','ELENABEATRIZ@EJEMPLO.COM','42-18 COLONIA LOS OLIVOS','42','18','22',106,9,5,to_date('10-NOV-23','DD-MON-RR'),5,to_date('10-NOV-23','DD-MON-RR'),1,to_date('10-FEB-78','DD-MON-RR'),73,6);
Insert into SYSTEM.COLABORADOR (IDCOLABORADOR,PRIMERNOMBRE,SEGUNDONOMBRE,OTRONOMBRE,PRIMERAPELLIDO,SEGUNDOAPELLIDO,OTROAPELLIDO,GENERO,DPI,CODIGOPAIS,TELEFONO,EMAIL,DESCDIRECCION,CALLE,AVENIDA,ZONA,MUNICIPIO,DEPARTAMENTO,IDCREADOR,FECHACREACION,IDMODIF,FECHAMODIF,ESTADO,FECHANAC,CATECOLA,ESTADO_CIVIL) values (147,'PEDRO','ANTONIO',null,'FERNANDEZ','TORO',null,2,'5678901234567',77,'89012345','PEDROANTONIO@EJEMPLO.COM','33-20 COLONIA SAN JOSE','33','20','2',106,9,5,to_date('10-NOV-23','DD-MON-RR'),5,to_date('10-NOV-23','DD-MON-RR'),1,to_date('16-JUL-85','DD-MON-RR'),73,1);
Insert into SYSTEM.COLABORADOR (IDCOLABORADOR,PRIMERNOMBRE,SEGUNDONOMBRE,OTRONOMBRE,PRIMERAPELLIDO,SEGUNDOAPELLIDO,OTROAPELLIDO,GENERO,DPI,CODIGOPAIS,TELEFONO,EMAIL,DESCDIRECCION,CALLE,AVENIDA,ZONA,MUNICIPIO,DEPARTAMENTO,IDCREADOR,FECHACREACION,IDMODIF,FECHAMODIF,ESTADO,FECHANAC,CATECOLA,ESTADO_CIVIL) values (148,'NANCY','MARCELA',null,'MARTINEZ','RAMOS',null,1,'2345678901234',77,'32109876','NANCYMARCELA@EJEMPLO.COM','48-15 COLONIA EL PARAISO','48','15','13',106,9,5,to_date('10-NOV-23','DD-MON-RR'),5,to_date('10-NOV-23','DD-MON-RR'),1,to_date('23-MAR-89','DD-MON-RR'),73,2);
Insert into SYSTEM.COLABORADOR (IDCOLABORADOR,PRIMERNOMBRE,SEGUNDONOMBRE,OTRONOMBRE,PRIMERAPELLIDO,SEGUNDOAPELLIDO,OTROAPELLIDO,GENERO,DPI,CODIGOPAIS,TELEFONO,EMAIL,DESCDIRECCION,CALLE,AVENIDA,ZONA,MUNICIPIO,DEPARTAMENTO,IDCREADOR,FECHACREACION,IDMODIF,FECHAMODIF,ESTADO,FECHANAC,CATECOLA,ESTADO_CIVIL) values (149,'CARLOS','EDUARDO',null,'RAMIREZ','MARTINEZ',null,2,'8901234567890',77,'10987654','CARLOSEDUARDO@EJEMPLO.COM','25-30 COLONIA SANTA LUCIA','25','30','10',106,9,5,to_date('10-NOV-23','DD-MON-RR'),5,to_date('10-NOV-23','DD-MON-RR'),1,to_date('08-NOV-92','DD-MON-RR'),73,6);
Insert into SYSTEM.COLABORADOR (IDCOLABORADOR,PRIMERNOMBRE,SEGUNDONOMBRE,OTRONOMBRE,PRIMERAPELLIDO,SEGUNDOAPELLIDO,OTROAPELLIDO,GENERO,DPI,CODIGOPAIS,TELEFONO,EMAIL,DESCDIRECCION,CALLE,AVENIDA,ZONA,MUNICIPIO,DEPARTAMENTO,IDCREADOR,FECHACREACION,IDMODIF,FECHAMODIF,ESTADO,FECHANAC,CATECOLA,ESTADO_CIVIL) values (150,'LILIANA','ISABEL',null,'GUTIERREZ','HERRERA',null,1,'4567890123456',77,'65432198','LILIANAISABEL@EJEMPLO.COM','15-22 COLONIA LOS ALAMOS','15','22','3',106,9,5,to_date('10-NOV-23','DD-MON-RR'),5,to_date('10-NOV-23','DD-MON-RR'),1,to_date('05-APR-81','DD-MON-RR'),74,1);
Insert into SYSTEM.COLABORADOR (IDCOLABORADOR,PRIMERNOMBRE,SEGUNDONOMBRE,OTRONOMBRE,PRIMERAPELLIDO,SEGUNDOAPELLIDO,OTROAPELLIDO,GENERO,DPI,CODIGOPAIS,TELEFONO,EMAIL,DESCDIRECCION,CALLE,AVENIDA,ZONA,MUNICIPIO,DEPARTAMENTO,IDCREADOR,FECHACREACION,IDMODIF,FECHAMODIF,ESTADO,FECHANAC,CATECOLA,ESTADO_CIVIL) values (151,'JORGE','LUIS',null,'MORENO','REYES',null,2,'7890123456789',77,'56789012','JORGELUIS@EJEMPLO.COM','40-30 COLONIA LAS ACACIAS','40','30','16',106,9,5,to_date('10-NOV-23','DD-MON-RR'),5,to_date('10-NOV-23','DD-MON-RR'),1,to_date('14-JUN-76','DD-MON-RR'),74,2);
Insert into SYSTEM.COLABORADOR (IDCOLABORADOR,PRIMERNOMBRE,SEGUNDONOMBRE,OTRONOMBRE,PRIMERAPELLIDO,SEGUNDOAPELLIDO,OTROAPELLIDO,GENERO,DPI,CODIGOPAIS,TELEFONO,EMAIL,DESCDIRECCION,CALLE,AVENIDA,ZONA,MUNICIPIO,DEPARTAMENTO,IDCREADOR,FECHACREACION,IDMODIF,FECHAMODIF,ESTADO,FECHANAC,CATECOLA,ESTADO_CIVIL) values (152,'OSCAR','EDUARDO',null,'HERRERA','GOMEZ',null,2,'1234567890123',77,'12345678','OSCAREDUARDO@EJEMPLO.COM','18-40 COLONIA LOS PINOS','18','40','14',106,9,5,to_date('10-NOV-23','DD-MON-RR'),5,to_date('10-NOV-23','DD-MON-RR'),1,to_date('27-AUG-94','DD-MON-RR'),74,6);
Insert into SYSTEM.COLABORADOR (IDCOLABORADOR,PRIMERNOMBRE,SEGUNDONOMBRE,OTRONOMBRE,PRIMERAPELLIDO,SEGUNDOAPELLIDO,OTROAPELLIDO,GENERO,DPI,CODIGOPAIS,TELEFONO,EMAIL,DESCDIRECCION,CALLE,AVENIDA,ZONA,MUNICIPIO,DEPARTAMENTO,IDCREADOR,FECHACREACION,IDMODIF,FECHAMODIF,ESTADO,FECHANAC,CATECOLA,ESTADO_CIVIL) values (153,'MARTA','PATRICIA',null,'RAMIREZ','LOPEZ',null,1,'9876543210123',77,'87654321','MARTAPATRICIA@EJEMPLO.COM','25-15 COLONIA EL CARMEN','25','15','7',106,9,5,to_date('10-NOV-23','DD-MON-RR'),5,to_date('10-NOV-23','DD-MON-RR'),1,to_date('20-JAN-97','DD-MON-RR'),74,1);
Insert into SYSTEM.COLABORADOR (IDCOLABORADOR,PRIMERNOMBRE,SEGUNDONOMBRE,OTRONOMBRE,PRIMERAPELLIDO,SEGUNDOAPELLIDO,OTROAPELLIDO,GENERO,DPI,CODIGOPAIS,TELEFONO,EMAIL,DESCDIRECCION,CALLE,AVENIDA,ZONA,MUNICIPIO,DEPARTAMENTO,IDCREADOR,FECHACREACION,IDMODIF,FECHAMODIF,ESTADO,FECHANAC,CATECOLA,ESTADO_CIVIL) values (154,'JAVIER','ANTONIO',null,'MORENO','RAMOS',null,2,'4567890123456',77,'65432198','JAVIERANTONIO@EJEMPLO.COM','30-22 COLONIA LA FLORESTA','30','22','11',106,9,5,to_date('10-NOV-23','DD-MON-RR'),5,to_date('10-NOV-23','DD-MON-RR'),1,to_date('03-JUL-79','DD-MON-RR'),74,2);
Insert into SYSTEM.COLABORADOR (IDCOLABORADOR,PRIMERNOMBRE,SEGUNDONOMBRE,OTRONOMBRE,PRIMERAPELLIDO,SEGUNDOAPELLIDO,OTROAPELLIDO,GENERO,DPI,CODIGOPAIS,TELEFONO,EMAIL,DESCDIRECCION,CALLE,AVENIDA,ZONA,MUNICIPIO,DEPARTAMENTO,IDCREADOR,FECHACREACION,IDMODIF,FECHAMODIF,ESTADO,FECHANAC,CATECOLA,ESTADO_CIVIL) values (155,'MONICA','BEATRIZ',null,'GUTIERREZ','SILVA',null,1,'7890123456789',77,'56789012','MONICABEATRIZ@EJEMPLO.COM','22-55 COLONIA SAN MARTIN','22','55','19',106,9,5,to_date('10-NOV-23','DD-MON-RR'),5,to_date('10-NOV-23','DD-MON-RR'),1,to_date('09-MAR-88','DD-MON-RR'),75,6);
Insert into SYSTEM.COLABORADOR (IDCOLABORADOR,PRIMERNOMBRE,SEGUNDONOMBRE,OTRONOMBRE,PRIMERAPELLIDO,SEGUNDOAPELLIDO,OTROAPELLIDO,GENERO,DPI,CODIGOPAIS,TELEFONO,EMAIL,DESCDIRECCION,CALLE,AVENIDA,ZONA,MUNICIPIO,DEPARTAMENTO,IDCREADOR,FECHACREACION,IDMODIF,FECHAMODIF,ESTADO,FECHANAC,CATECOLA,ESTADO_CIVIL) values (156,'CARLOS','ENRIQUE',null,'MARTINEZ','CRUZ',null,2,'3456789012345',77,'43210987','CARLOSENRIQUE@EJEMPLO.COM','35-12 COLONIA LOS HEROES','35','12','6',106,9,5,to_date('10-NOV-23','DD-MON-RR'),5,to_date('10-NOV-23','DD-MON-RR'),1,to_date('15-FEB-86','DD-MON-RR'),75,1);
Insert into SYSTEM.COLABORADOR (IDCOLABORADOR,PRIMERNOMBRE,SEGUNDONOMBRE,OTRONOMBRE,PRIMERAPELLIDO,SEGUNDOAPELLIDO,OTROAPELLIDO,GENERO,DPI,CODIGOPAIS,TELEFONO,EMAIL,DESCDIRECCION,CALLE,AVENIDA,ZONA,MUNICIPIO,DEPARTAMENTO,IDCREADOR,FECHACREACION,IDMODIF,FECHAMODIF,ESTADO,FECHANAC,CATECOLA,ESTADO_CIVIL) values (157,'SANDRA','MARCELA',null,'RAMIREZ','TORO',null,1,'5678901234567',77,'89012345','SANDRAMARCELA@EJEMPLO.COM','40-28 COLONIA EL PARAISO','40','28','13',106,9,5,to_date('10-NOV-23','DD-MON-RR'),5,to_date('10-NOV-23','DD-MON-RR'),1,to_date('01-DEC-91','DD-MON-RR'),75,2);
Insert into SYSTEM.COLABORADOR (IDCOLABORADOR,PRIMERNOMBRE,SEGUNDONOMBRE,OTRONOMBRE,PRIMERAPELLIDO,SEGUNDOAPELLIDO,OTROAPELLIDO,GENERO,DPI,CODIGOPAIS,TELEFONO,EMAIL,DESCDIRECCION,CALLE,AVENIDA,ZONA,MUNICIPIO,DEPARTAMENTO,IDCREADOR,FECHACREACION,IDMODIF,FECHAMODIF,ESTADO,FECHANAC,CATECOLA,ESTADO_CIVIL) values (158,'ALFREDO','LUIS',null,'LOPEZ','MARTINEZ',null,2,'2345678901234',77,'32109876','ALFREDOLUIS@EJEMPLO.COM','15-20 COLONIA LOS OLIVOS','15','20','4',106,9,5,to_date('10-NOV-23','DD-MON-RR'),5,to_date('10-NOV-23','DD-MON-RR'),1,to_date('18-OCT-75','DD-MON-RR'),76,6);
Insert into SYSTEM.COLABORADOR (IDCOLABORADOR,PRIMERNOMBRE,SEGUNDONOMBRE,OTRONOMBRE,PRIMERAPELLIDO,SEGUNDOAPELLIDO,OTROAPELLIDO,GENERO,DPI,CODIGOPAIS,TELEFONO,EMAIL,DESCDIRECCION,CALLE,AVENIDA,ZONA,MUNICIPIO,DEPARTAMENTO,IDCREADOR,FECHACREACION,IDMODIF,FECHAMODIF,ESTADO,FECHANAC,CATECOLA,ESTADO_CIVIL) values (159,'ANGELICA','ROSA',null,'FERNANDEZ','REYES',null,1,'8901234567890',77,'10987654','ANGELICAROSA@EJEMPLO.COM','28-18 COLONIA SAN JOSE','28','18','9',106,9,5,to_date('10-NOV-23','DD-MON-RR'),5,to_date('10-NOV-23','DD-MON-RR'),1,to_date('26-MAY-80','DD-MON-RR'),76,1);
Insert into SYSTEM.COLABORADOR (IDCOLABORADOR,PRIMERNOMBRE,SEGUNDONOMBRE,OTRONOMBRE,PRIMERAPELLIDO,SEGUNDOAPELLIDO,OTROAPELLIDO,GENERO,DPI,CODIGOPAIS,TELEFONO,EMAIL,DESCDIRECCION,CALLE,AVENIDA,ZONA,MUNICIPIO,DEPARTAMENTO,IDCREADOR,FECHACREACION,IDMODIF,FECHAMODIF,ESTADO,FECHANAC,CATECOLA,ESTADO_CIVIL) values (160,'GERARDO','ENRIQUE',null,'RAMIREZ','GARCIA',null,2,'4567890123456',77,'65432198','GERARDOENRIQUE@EJEMPLO.COM','50-15 COLONIA SANTA LUCIA','50','15','16',106,9,5,to_date('10-NOV-23','DD-MON-RR'),5,to_date('10-NOV-23','DD-MON-RR'),1,to_date('07-SEP-83','DD-MON-RR'),76,2);
Insert into SYSTEM.COLABORADOR (IDCOLABORADOR,PRIMERNOMBRE,SEGUNDONOMBRE,OTRONOMBRE,PRIMERAPELLIDO,SEGUNDOAPELLIDO,OTROAPELLIDO,GENERO,DPI,CODIGOPAIS,TELEFONO,EMAIL,DESCDIRECCION,CALLE,AVENIDA,ZONA,MUNICIPIO,DEPARTAMENTO,IDCREADOR,FECHACREACION,IDMODIF,FECHAMODIF,ESTADO,FECHANAC,CATECOLA,ESTADO_CIVIL) values (161,'MARIA','VICTORIA',null,'GOMEZ','HERRERA',null,1,'7890123456789',77,'56789012','MARIAVICTORIA@EJEMPLO.COM','28-18 COLONIA LOS ALAMOS','12','30','2',106,9,5,to_date('10-NOV-23','DD-MON-RR'),5,to_date('10-NOV-23','DD-MON-RR'),1,to_date('13-JAN-89','DD-MON-RR'),76,6);
Insert into SYSTEM.COLABORADOR (IDCOLABORADOR,PRIMERNOMBRE,SEGUNDONOMBRE,OTRONOMBRE,PRIMERAPELLIDO,SEGUNDOAPELLIDO,OTROAPELLIDO,GENERO,DPI,CODIGOPAIS,TELEFONO,EMAIL,DESCDIRECCION,CALLE,AVENIDA,ZONA,MUNICIPIO,DEPARTAMENTO,IDCREADOR,FECHACREACION,IDMODIF,FECHAMODIF,ESTADO,FECHANAC,CATECOLA,ESTADO_CIVIL) values (162,'JUAN','CARLOS',null,'MARTINEZ','SALAZAR',null,2,'1234567890123',77,'12345678','JUANCARLOS@EJEMPLO.COM','33-25 COLONIA LAS ACACIAS','33','25','10',106,9,5,to_date('10-NOV-23','DD-MON-RR'),5,to_date('10-NOV-23','DD-MON-RR'),1,to_date('09-MAR-88','DD-MON-RR'),76,1);
Insert into SYSTEM.COLABORADOR (IDCOLABORADOR,PRIMERNOMBRE,SEGUNDONOMBRE,OTRONOMBRE,PRIMERAPELLIDO,SEGUNDOAPELLIDO,OTROAPELLIDO,GENERO,DPI,CODIGOPAIS,TELEFONO,EMAIL,DESCDIRECCION,CALLE,AVENIDA,ZONA,MUNICIPIO,DEPARTAMENTO,IDCREADOR,FECHACREACION,IDMODIF,FECHAMODIF,ESTADO,FECHANAC,CATECOLA,ESTADO_CIVIL) values (163,'ELENA','ALEJANDRA',null,'RAMIREZ','SOTO',null,1,'9876543210123',77,'87654321','ELENAALEJANDRA@EJEMPLO.COM','15-18 COLONIA LOS PINOS','15','18','5',106,9,5,to_date('10-NOV-23','DD-MON-RR'),5,to_date('10-NOV-23','DD-MON-RR'),1,to_date('15-FEB-86','DD-MON-RR'),76,2);
Insert into SYSTEM.COLABORADOR (IDCOLABORADOR,PRIMERNOMBRE,SEGUNDONOMBRE,OTRONOMBRE,PRIMERAPELLIDO,SEGUNDOAPELLIDO,OTROAPELLIDO,GENERO,DPI,CODIGOPAIS,TELEFONO,EMAIL,DESCDIRECCION,CALLE,AVENIDA,ZONA,MUNICIPIO,DEPARTAMENTO,IDCREADOR,FECHACREACION,IDMODIF,FECHAMODIF,ESTADO,FECHANAC,CATECOLA,ESTADO_CIVIL) values (164,'MIGUEL','ANTONIO',null,'MORENO','MARTINEZ',null,2,'4567890123456',77,'65432198','MIGUELANTONIO@EJEMPLO.COM','22-40 COLONIA EL ROSAL','22','40','12',106,9,5,to_date('10-NOV-23','DD-MON-RR'),5,to_date('10-NOV-23','DD-MON-RR'),1,to_date('01-DEC-91','DD-MON-RR'),76,6);
Insert into SYSTEM.COLABORADOR (IDCOLABORADOR,PRIMERNOMBRE,SEGUNDONOMBRE,OTRONOMBRE,PRIMERAPELLIDO,SEGUNDOAPELLIDO,OTROAPELLIDO,GENERO,DPI,CODIGOPAIS,TELEFONO,EMAIL,DESCDIRECCION,CALLE,AVENIDA,ZONA,MUNICIPIO,DEPARTAMENTO,IDCREADOR,FECHACREACION,IDMODIF,FECHAMODIF,ESTADO,FECHANAC,CATECOLA,ESTADO_CIVIL) values (165,'VERONICA','BEATRIZ',null,'GUTIERREZ','RAMOS',null,1,'7890123456789',77,'56789012','VERONICABEATRIZ@EJEMPLO.COM','38-15 COLONIA SANTA ELENA','38','15','20',106,9,5,to_date('10-NOV-23','DD-MON-RR'),5,to_date('10-NOV-23','DD-MON-RR'),1,to_date('18-OCT-75','DD-MON-RR'),77,2);
Insert into SYSTEM.COLABORADOR (IDCOLABORADOR,PRIMERNOMBRE,SEGUNDONOMBRE,OTRONOMBRE,PRIMERAPELLIDO,SEGUNDOAPELLIDO,OTROAPELLIDO,GENERO,DPI,CODIGOPAIS,TELEFONO,EMAIL,DESCDIRECCION,CALLE,AVENIDA,ZONA,MUNICIPIO,DEPARTAMENTO,IDCREADOR,FECHACREACION,IDMODIF,FECHAMODIF,ESTADO,FECHANAC,CATECOLA,ESTADO_CIVIL) values (166,'JORGE','EDUARDO',null,'TORO','GOMEZ',null,2,'2345678901234',77,'32109876','JORGEEDUARDO@EJEMPLO.COM','45-22 COLONIA LOS HEROES','45','22','8',106,9,5,to_date('10-NOV-23','DD-MON-RR'),5,to_date('10-NOV-23','DD-MON-RR'),1,to_date('26-MAY-80','DD-MON-RR'),77,6);
Insert into SYSTEM.COLABORADOR (IDCOLABORADOR,PRIMERNOMBRE,SEGUNDONOMBRE,OTRONOMBRE,PRIMERAPELLIDO,SEGUNDOAPELLIDO,OTROAPELLIDO,GENERO,DPI,CODIGOPAIS,TELEFONO,EMAIL,DESCDIRECCION,CALLE,AVENIDA,ZONA,MUNICIPIO,DEPARTAMENTO,IDCREADOR,FECHACREACION,IDMODIF,FECHAMODIF,ESTADO,FECHANAC,CATECOLA,ESTADO_CIVIL) values (167,'MARTINA','CAROLINA',null,'MARTINEZ','REYES',null,1,'8901234567890',77,'10987654','MARTINACAROLINA@EJEMPLO.COM','30-22 COLONIA EL PARAISO','28','10','3',106,9,5,to_date('10-NOV-23','DD-MON-RR'),5,to_date('10-NOV-23','DD-MON-RR'),1,to_date('18-OCT-75','DD-MON-RR'),77,6);
REM INSERTING into SYSTEM.GENERO
SET DEFINE OFF;
Insert into SYSTEM.GENERO (IDGENERO,GENERO,IDUSUARIOCREA,FECHACREACION,IDUSUARIOMODIF,FECHAMODIF,ESTADO) values (1,'FEMENINO',5,to_date('07-NOV-23','DD-MON-RR'),5,to_date('07-NOV-23','DD-MON-RR'),1);
Insert into SYSTEM.GENERO (IDGENERO,GENERO,IDUSUARIOCREA,FECHACREACION,IDUSUARIOMODIF,FECHAMODIF,ESTADO) values (2,'MASCULINO',5,to_date('07-NOV-23','DD-MON-RR'),5,to_date('07-NOV-23','DD-MON-RR'),1);
REM INSERTING into SYSTEM.BITACORA
SET DEFINE OFF;
Insert into SYSTEM.BITACORA (IDBITACORA,USUARIO,ACCION,DESCRIPCION,IDUSUARIOCREA,FECHACREA,IDUSUARIOMODIF,FECHAMODIF,ESTADO) values (1,97,' CREAR VENTA                   ',' SE CREÓ UNA NUEVA VENTA DE EQUIPO DE CÓMPUTO.           ',97,to_date('11-NOV-23','DD-MON-RR'),97,to_date('11-NOV-23','DD-MON-RR'),1);
Insert into SYSTEM.BITACORA (IDBITACORA,USUARIO,ACCION,DESCRIPCION,IDUSUARIOCREA,FECHACREA,IDUSUARIOMODIF,FECHAMODIF,ESTADO) values (2,143,' ACTUALIZAR CLIENTE            ',' SE ACTUALIZÓ LA INFORMACIÓN DE UN CLIENTE.              ',143,to_date('11-NOV-23','DD-MON-RR'),143,to_date('11-NOV-23','DD-MON-RR'),1);
Insert into SYSTEM.BITACORA (IDBITACORA,USUARIO,ACCION,DESCRIPCION,IDUSUARIOCREA,FECHACREA,IDUSUARIOMODIF,FECHAMODIF,ESTADO) values (3,57,' ELIMINAR PRODUCTO             ',' SE ELIMINÓ UN PRODUCTO DEL INVENTARIO.                   ',57,to_date('11-NOV-23','DD-MON-RR'),57,to_date('11-NOV-23','DD-MON-RR'),1);
Insert into SYSTEM.BITACORA (IDBITACORA,USUARIO,ACCION,DESCRIPCION,IDUSUARIOCREA,FECHACREA,IDUSUARIOMODIF,FECHAMODIF,ESTADO) values (4,130,' CREAR USUARIO                 ',' SE CREÓ UN NUEVO USUARIO EN EL SISTEMA.                 ',130,to_date('11-NOV-23','DD-MON-RR'),130,to_date('11-NOV-23','DD-MON-RR'),1);
Insert into SYSTEM.BITACORA (IDBITACORA,USUARIO,ACCION,DESCRIPCION,IDUSUARIOCREA,FECHACREA,IDUSUARIOMODIF,FECHAMODIF,ESTADO) values (5,32,' CAMBIAR ESTADO VENTA           ',' SE CAMBIÓ EL ESTADO DE UNA VENTA A "EN PROCESO".         ',32,to_date('11-NOV-23','DD-MON-RR'),32,to_date('11-NOV-23','DD-MON-RR'),1);
Insert into SYSTEM.BITACORA (IDBITACORA,USUARIO,ACCION,DESCRIPCION,IDUSUARIOCREA,FECHACREA,IDUSUARIOMODIF,FECHAMODIF,ESTADO) values (6,141,' REGISTRAR PAGO                ',' SE REGISTRÓ UN NUEVO PAGO EN UNA VENTA.                  ',141,to_date('11-NOV-23','DD-MON-RR'),141,to_date('11-NOV-23','DD-MON-RR'),1);
Insert into SYSTEM.BITACORA (IDBITACORA,USUARIO,ACCION,DESCRIPCION,IDUSUARIOCREA,FECHACREA,IDUSUARIOMODIF,FECHAMODIF,ESTADO) values (7,61,' ELIMINAR CLIENTE              ',' SE ELIMINÓ UN CLIENTE DEL SISTEMA.                       ',61,to_date('11-NOV-23','DD-MON-RR'),61,to_date('11-NOV-23','DD-MON-RR'),1);
Insert into SYSTEM.BITACORA (IDBITACORA,USUARIO,ACCION,DESCRIPCION,IDUSUARIOCREA,FECHACREA,IDUSUARIOMODIF,FECHAMODIF,ESTADO) values (8,89,' CREAR PRODUCTO                ',' SE AGREGÓ UN NUEVO PRODUCTO AL INVENTARIO.               ',89,to_date('11-NOV-23','DD-MON-RR'),89,to_date('11-NOV-23','DD-MON-RR'),1);
Insert into SYSTEM.BITACORA (IDBITACORA,USUARIO,ACCION,DESCRIPCION,IDUSUARIOCREA,FECHACREA,IDUSUARIOMODIF,FECHAMODIF,ESTADO) values (9,46,' ASIGNAR DESCUENTO             ',' SE ASIGNÓ UN DESCUENTO A UNA VENTA.                      ',46,to_date('11-NOV-23','DD-MON-RR'),46,to_date('11-NOV-23','DD-MON-RR'),1);
Insert into SYSTEM.BITACORA (IDBITACORA,USUARIO,ACCION,DESCRIPCION,IDUSUARIOCREA,FECHACREA,IDUSUARIOMODIF,FECHAMODIF,ESTADO) values (10,126,' ACTUALIZAR INFORMACION PRODUCTO',' SE ACTUALIZÓ LA INFORMACIÓN DE UN PRODUCTO.             ',126,to_date('11-NOV-23','DD-MON-RR'),126,to_date('11-NOV-23','DD-MON-RR'),1);
Insert into SYSTEM.BITACORA (IDBITACORA,USUARIO,ACCION,DESCRIPCION,IDUSUARIOCREA,FECHACREA,IDUSUARIOMODIF,FECHAMODIF,ESTADO) values (11,59,' CAMBIAR ESTADO PRODUCTO       ',' SE CAMBIÓ EL ESTADO DE UN PRODUCTO A "AGOTADO".         ',59,to_date('11-NOV-23','DD-MON-RR'),59,to_date('11-NOV-23','DD-MON-RR'),1);
Insert into SYSTEM.BITACORA (IDBITACORA,USUARIO,ACCION,DESCRIPCION,IDUSUARIOCREA,FECHACREA,IDUSUARIOMODIF,FECHAMODIF,ESTADO) values (12,98,' CREAR PROVEEDOR               ',' SE REGISTRÓ UN NUEVO PROVEEDOR EN EL SISTEMA.            ',98,to_date('11-NOV-23','DD-MON-RR'),98,to_date('11-NOV-23','DD-MON-RR'),1);
Insert into SYSTEM.BITACORA (IDBITACORA,USUARIO,ACCION,DESCRIPCION,IDUSUARIOCREA,FECHACREA,IDUSUARIOMODIF,FECHAMODIF,ESTADO) values (13,34,' REALIZAR DEVOLUCION           ',' SE REALIZÓ UNA DEVOLUCIÓN DE PRODUCTO EN UNA VENTA.      ',34,to_date('11-NOV-23','DD-MON-RR'),34,to_date('11-NOV-23','DD-MON-RR'),1);
Insert into SYSTEM.BITACORA (IDBITACORA,USUARIO,ACCION,DESCRIPCION,IDUSUARIOCREA,FECHACREA,IDUSUARIOMODIF,FECHAMODIF,ESTADO) values (14,160,' CAMBIAR ESTADO USUARIO        ',' SE CAMBIÓ EL ESTADO DE UN USUARIO A "INACTIVO".         ',160,to_date('11-NOV-23','DD-MON-RR'),160,to_date('11-NOV-23','DD-MON-RR'),1);
Insert into SYSTEM.BITACORA (IDBITACORA,USUARIO,ACCION,DESCRIPCION,IDUSUARIOCREA,FECHACREA,IDUSUARIOMODIF,FECHAMODIF,ESTADO) values (15,54,' ACTUALIZAR INFORMACION CLIENTE',' SE ACTUALIZÓ LA INFORMACIÓN DE UN CLIENTE.              ',54,to_date('11-NOV-23','DD-MON-RR'),54,to_date('11-NOV-23','DD-MON-RR'),1);
Insert into SYSTEM.BITACORA (IDBITACORA,USUARIO,ACCION,DESCRIPCION,IDUSUARIOCREA,FECHACREA,IDUSUARIOMODIF,FECHAMODIF,ESTADO) values (16,138,' ELIMINAR VENTA                ',' SE ELIMINÓ UNA VENTA DEL SISTEMA.                        ',138,to_date('11-NOV-23','DD-MON-RR'),138,to_date('11-NOV-23','DD-MON-RR'),1);
Insert into SYSTEM.BITACORA (IDBITACORA,USUARIO,ACCION,DESCRIPCION,IDUSUARIOCREA,FECHACREA,IDUSUARIOMODIF,FECHAMODIF,ESTADO) values (17,79,' CREAR CATEGORIA PRODUCTO      ',' SE CREÓ UNA NUEVA CATEGORÍA DE PRODUCTOS.               ',79,to_date('11-NOV-23','DD-MON-RR'),79,to_date('11-NOV-23','DD-MON-RR'),1);
Insert into SYSTEM.BITACORA (IDBITACORA,USUARIO,ACCION,DESCRIPCION,IDUSUARIOCREA,FECHACREA,IDUSUARIOMODIF,FECHAMODIF,ESTADO) values (18,112,' ASIGNAR ROL USUARIO           ',' SE ASIGNÓ UN NUEVO ROL A UN USUARIO.                     ',112,to_date('11-NOV-23','DD-MON-RR'),112,to_date('11-NOV-23','DD-MON-RR'),1);
Insert into SYSTEM.BITACORA (IDBITACORA,USUARIO,ACCION,DESCRIPCION,IDUSUARIOCREA,FECHACREA,IDUSUARIOMODIF,FECHAMODIF,ESTADO) values (19,126,' CREAR FACTURA                 ',' SE GENERÓ UNA NUEVA FACTURA PARA UNA VENTA.             ',126,to_date('11-NOV-23','DD-MON-RR'),126,to_date('11-NOV-23','DD-MON-RR'),1);
Insert into SYSTEM.BITACORA (IDBITACORA,USUARIO,ACCION,DESCRIPCION,IDUSUARIOCREA,FECHACREA,IDUSUARIOMODIF,FECHAMODIF,ESTADO) values (20,32,' REALIZAR CAMBIO PRODUCTO      ',' SE REALIZÓ UN CAMBIO DE PRODUCTO EN UNA VENTA.           ',32,to_date('11-NOV-23','DD-MON-RR'),32,to_date('11-NOV-23','DD-MON-RR'),1);
REM INSERTING into SYSTEM.MUNICIPIO
SET DEFINE OFF;
Insert into SYSTEM.MUNICIPIO (IDMUNI,DEPARTAMENTO,MUNICIPIO,IDUSUARIOCREA,FECHACREACION,IDUSUARIOMODIF,FECHAMODIF,ESTADO) values (1,1,'COBAN',5,to_date('05-NOV-23','DD-MON-RR'),5,to_date('05-NOV-23','DD-MON-RR'),1);
Insert into SYSTEM.MUNICIPIO (IDMUNI,DEPARTAMENTO,MUNICIPIO,IDUSUARIOCREA,FECHACREACION,IDUSUARIOMODIF,FECHAMODIF,ESTADO) values (2,1,'SANTA CRUZ VERAPAZ',5,to_date('05-NOV-23','DD-MON-RR'),5,to_date('05-NOV-23','DD-MON-RR'),1);
Insert into SYSTEM.MUNICIPIO (IDMUNI,DEPARTAMENTO,MUNICIPIO,IDUSUARIOCREA,FECHACREACION,IDUSUARIOMODIF,FECHAMODIF,ESTADO) values (3,1,'SANTA CRISTOBAL VERAPAZ',5,to_date('05-NOV-23','DD-MON-RR'),5,to_date('05-NOV-23','DD-MON-RR'),1);
Insert into SYSTEM.MUNICIPIO (IDMUNI,DEPARTAMENTO,MUNICIPIO,IDUSUARIOCREA,FECHACREACION,IDUSUARIOMODIF,FECHAMODIF,ESTADO) values (4,1,'TACTIC',5,to_date('05-NOV-23','DD-MON-RR'),5,to_date('05-NOV-23','DD-MON-RR'),1);
Insert into SYSTEM.MUNICIPIO (IDMUNI,DEPARTAMENTO,MUNICIPIO,IDUSUARIOCREA,FECHACREACION,IDUSUARIOMODIF,FECHAMODIF,ESTADO) values (5,1,'TAMAHU',5,to_date('05-NOV-23','DD-MON-RR'),5,to_date('05-NOV-23','DD-MON-RR'),1);
Insert into SYSTEM.MUNICIPIO (IDMUNI,DEPARTAMENTO,MUNICIPIO,IDUSUARIOCREA,FECHACREACION,IDUSUARIOMODIF,FECHAMODIF,ESTADO) values (6,1,'SAN MIGUEL TUCURU',5,to_date('05-NOV-23','DD-MON-RR'),5,to_date('05-NOV-23','DD-MON-RR'),1);
Insert into SYSTEM.MUNICIPIO (IDMUNI,DEPARTAMENTO,MUNICIPIO,IDUSUARIOCREA,FECHACREACION,IDUSUARIOMODIF,FECHAMODIF,ESTADO) values (7,1,'PANZOS',5,to_date('05-NOV-23','DD-MON-RR'),5,to_date('05-NOV-23','DD-MON-RR'),1);
Insert into SYSTEM.MUNICIPIO (IDMUNI,DEPARTAMENTO,MUNICIPIO,IDUSUARIOCREA,FECHACREACION,IDUSUARIOMODIF,FECHAMODIF,ESTADO) values (8,1,'SENAHU',5,to_date('05-NOV-23','DD-MON-RR'),5,to_date('05-NOV-23','DD-MON-RR'),1);
Insert into SYSTEM.MUNICIPIO (IDMUNI,DEPARTAMENTO,MUNICIPIO,IDUSUARIOCREA,FECHACREACION,IDUSUARIOMODIF,FECHAMODIF,ESTADO) values (9,1,'SAN PEDRO CARCHA',5,to_date('05-NOV-23','DD-MON-RR'),5,to_date('05-NOV-23','DD-MON-RR'),1);
Insert into SYSTEM.MUNICIPIO (IDMUNI,DEPARTAMENTO,MUNICIPIO,IDUSUARIOCREA,FECHACREACION,IDUSUARIOMODIF,FECHAMODIF,ESTADO) values (10,1,'SAN JUAN CHAMELCO',5,to_date('05-NOV-23','DD-MON-RR'),5,to_date('05-NOV-23','DD-MON-RR'),1);
Insert into SYSTEM.MUNICIPIO (IDMUNI,DEPARTAMENTO,MUNICIPIO,IDUSUARIOCREA,FECHACREACION,IDUSUARIOMODIF,FECHAMODIF,ESTADO) values (11,1,'LANQUIN',5,to_date('05-NOV-23','DD-MON-RR'),5,to_date('05-NOV-23','DD-MON-RR'),1);
Insert into SYSTEM.MUNICIPIO (IDMUNI,DEPARTAMENTO,MUNICIPIO,IDUSUARIOCREA,FECHACREACION,IDUSUARIOMODIF,FECHAMODIF,ESTADO) values (12,1,'SANTA MARIA CAHABON',5,to_date('05-NOV-23','DD-MON-RR'),5,to_date('05-NOV-23','DD-MON-RR'),1);
Insert into SYSTEM.MUNICIPIO (IDMUNI,DEPARTAMENTO,MUNICIPIO,IDUSUARIOCREA,FECHACREACION,IDUSUARIOMODIF,FECHAMODIF,ESTADO) values (13,1,'CHISEC',5,to_date('05-NOV-23','DD-MON-RR'),5,to_date('05-NOV-23','DD-MON-RR'),1);
Insert into SYSTEM.MUNICIPIO (IDMUNI,DEPARTAMENTO,MUNICIPIO,IDUSUARIOCREA,FECHACREACION,IDUSUARIOMODIF,FECHAMODIF,ESTADO) values (14,1,'CHAHAL',5,to_date('05-NOV-23','DD-MON-RR'),5,to_date('05-NOV-23','DD-MON-RR'),1);
Insert into SYSTEM.MUNICIPIO (IDMUNI,DEPARTAMENTO,MUNICIPIO,IDUSUARIOCREA,FECHACREACION,IDUSUARIOMODIF,FECHAMODIF,ESTADO) values (15,1,'FRAY BARTOLOME DE LAS CASAS',5,to_date('05-NOV-23','DD-MON-RR'),5,to_date('05-NOV-23','DD-MON-RR'),1);
Insert into SYSTEM.MUNICIPIO (IDMUNI,DEPARTAMENTO,MUNICIPIO,IDUSUARIOCREA,FECHACREACION,IDUSUARIOMODIF,FECHAMODIF,ESTADO) values (16,1,'SANTA CATARINA LA TINTA',5,to_date('05-NOV-23','DD-MON-RR'),5,to_date('05-NOV-23','DD-MON-RR'),1);
Insert into SYSTEM.MUNICIPIO (IDMUNI,DEPARTAMENTO,MUNICIPIO,IDUSUARIOCREA,FECHACREACION,IDUSUARIOMODIF,FECHAMODIF,ESTADO) values (17,2,'SALAMA',5,to_date('05-NOV-23','DD-MON-RR'),5,to_date('05-NOV-23','DD-MON-RR'),1);
Insert into SYSTEM.MUNICIPIO (IDMUNI,DEPARTAMENTO,MUNICIPIO,IDUSUARIOCREA,FECHACREACION,IDUSUARIOMODIF,FECHAMODIF,ESTADO) values (18,2,'SAN MIGUEL CHICAJ',5,to_date('05-NOV-23','DD-MON-RR'),5,to_date('05-NOV-23','DD-MON-RR'),1);
Insert into SYSTEM.MUNICIPIO (IDMUNI,DEPARTAMENTO,MUNICIPIO,IDUSUARIOCREA,FECHACREACION,IDUSUARIOMODIF,FECHAMODIF,ESTADO) values (19,2,'RABINAL',5,to_date('05-NOV-23','DD-MON-RR'),5,to_date('05-NOV-23','DD-MON-RR'),1);
Insert into SYSTEM.MUNICIPIO (IDMUNI,DEPARTAMENTO,MUNICIPIO,IDUSUARIOCREA,FECHACREACION,IDUSUARIOMODIF,FECHAMODIF,ESTADO) values (20,2,'CUBULCO',5,to_date('05-NOV-23','DD-MON-RR'),5,to_date('05-NOV-23','DD-MON-RR'),1);
Insert into SYSTEM.MUNICIPIO (IDMUNI,DEPARTAMENTO,MUNICIPIO,IDUSUARIOCREA,FECHACREACION,IDUSUARIOMODIF,FECHAMODIF,ESTADO) values (21,2,'GRANADOS',5,to_date('05-NOV-23','DD-MON-RR'),5,to_date('05-NOV-23','DD-MON-RR'),1);
Insert into SYSTEM.MUNICIPIO (IDMUNI,DEPARTAMENTO,MUNICIPIO,IDUSUARIOCREA,FECHACREACION,IDUSUARIOMODIF,FECHAMODIF,ESTADO) values (22,2,'SANTA CRUZ EL CHOL',5,to_date('05-NOV-23','DD-MON-RR'),5,to_date('05-NOV-23','DD-MON-RR'),1);
Insert into SYSTEM.MUNICIPIO (IDMUNI,DEPARTAMENTO,MUNICIPIO,IDUSUARIOCREA,FECHACREACION,IDUSUARIOMODIF,FECHAMODIF,ESTADO) values (23,2,'SAN JERONIMO',5,to_date('05-NOV-23','DD-MON-RR'),5,to_date('05-NOV-23','DD-MON-RR'),1);
Insert into SYSTEM.MUNICIPIO (IDMUNI,DEPARTAMENTO,MUNICIPIO,IDUSUARIOCREA,FECHACREACION,IDUSUARIOMODIF,FECHAMODIF,ESTADO) values (24,2,'PURULHA',5,to_date('05-NOV-23','DD-MON-RR'),5,to_date('05-NOV-23','DD-MON-RR'),1);
Insert into SYSTEM.MUNICIPIO (IDMUNI,DEPARTAMENTO,MUNICIPIO,IDUSUARIOCREA,FECHACREACION,IDUSUARIOMODIF,FECHAMODIF,ESTADO) values (25,3,'CHIMALTENANGO',5,to_date('05-NOV-23','DD-MON-RR'),5,to_date('05-NOV-23','DD-MON-RR'),1);
Insert into SYSTEM.MUNICIPIO (IDMUNI,DEPARTAMENTO,MUNICIPIO,IDUSUARIOCREA,FECHACREACION,IDUSUARIOMODIF,FECHAMODIF,ESTADO) values (26,3,'SAN JOSE POAQUIL',5,to_date('05-NOV-23','DD-MON-RR'),5,to_date('05-NOV-23','DD-MON-RR'),1);
Insert into SYSTEM.MUNICIPIO (IDMUNI,DEPARTAMENTO,MUNICIPIO,IDUSUARIOCREA,FECHACREACION,IDUSUARIOMODIF,FECHAMODIF,ESTADO) values (27,3,'SAN MARTÍN JILOTEPEQUE',5,to_date('05-NOV-23','DD-MON-RR'),5,to_date('05-NOV-23','DD-MON-RR'),1);
Insert into SYSTEM.MUNICIPIO (IDMUNI,DEPARTAMENTO,MUNICIPIO,IDUSUARIOCREA,FECHACREACION,IDUSUARIOMODIF,FECHAMODIF,ESTADO) values (28,3,'SAN JUAN COMALAPA',5,to_date('05-NOV-23','DD-MON-RR'),5,to_date('05-NOV-23','DD-MON-RR'),1);
Insert into SYSTEM.MUNICIPIO (IDMUNI,DEPARTAMENTO,MUNICIPIO,IDUSUARIOCREA,FECHACREACION,IDUSUARIOMODIF,FECHAMODIF,ESTADO) values (29,3,'SANTA  APOLONIA',5,to_date('05-NOV-23','DD-MON-RR'),5,to_date('05-NOV-23','DD-MON-RR'),1);
Insert into SYSTEM.MUNICIPIO (IDMUNI,DEPARTAMENTO,MUNICIPIO,IDUSUARIOCREA,FECHACREACION,IDUSUARIOMODIF,FECHAMODIF,ESTADO) values (30,3,'TECPAN GUATEMALA',5,to_date('05-NOV-23','DD-MON-RR'),5,to_date('05-NOV-23','DD-MON-RR'),1);
Insert into SYSTEM.MUNICIPIO (IDMUNI,DEPARTAMENTO,MUNICIPIO,IDUSUARIOCREA,FECHACREACION,IDUSUARIOMODIF,FECHAMODIF,ESTADO) values (31,3,'PATZUN',5,to_date('05-NOV-23','DD-MON-RR'),5,to_date('05-NOV-23','DD-MON-RR'),1);
Insert into SYSTEM.MUNICIPIO (IDMUNI,DEPARTAMENTO,MUNICIPIO,IDUSUARIOCREA,FECHACREACION,IDUSUARIOMODIF,FECHAMODIF,ESTADO) values (32,3,'SAN MIGUEL POCHUTA',5,to_date('05-NOV-23','DD-MON-RR'),5,to_date('05-NOV-23','DD-MON-RR'),1);
Insert into SYSTEM.MUNICIPIO (IDMUNI,DEPARTAMENTO,MUNICIPIO,IDUSUARIOCREA,FECHACREACION,IDUSUARIOMODIF,FECHAMODIF,ESTADO) values (33,3,'PATZICIA',5,to_date('05-NOV-23','DD-MON-RR'),5,to_date('05-NOV-23','DD-MON-RR'),1);
Insert into SYSTEM.MUNICIPIO (IDMUNI,DEPARTAMENTO,MUNICIPIO,IDUSUARIOCREA,FECHACREACION,IDUSUARIOMODIF,FECHAMODIF,ESTADO) values (34,3,'SANTA CRUZ BALANYÁ',5,to_date('05-NOV-23','DD-MON-RR'),5,to_date('05-NOV-23','DD-MON-RR'),1);
Insert into SYSTEM.MUNICIPIO (IDMUNI,DEPARTAMENTO,MUNICIPIO,IDUSUARIOCREA,FECHACREACION,IDUSUARIOMODIF,FECHAMODIF,ESTADO) values (35,3,'ACATENANGO',5,to_date('05-NOV-23','DD-MON-RR'),5,to_date('05-NOV-23','DD-MON-RR'),1);
Insert into SYSTEM.MUNICIPIO (IDMUNI,DEPARTAMENTO,MUNICIPIO,IDUSUARIOCREA,FECHACREACION,IDUSUARIOMODIF,FECHAMODIF,ESTADO) values (36,3,'SAN PEDRO YEPOCAPA',5,to_date('05-NOV-23','DD-MON-RR'),5,to_date('05-NOV-23','DD-MON-RR'),1);
Insert into SYSTEM.MUNICIPIO (IDMUNI,DEPARTAMENTO,MUNICIPIO,IDUSUARIOCREA,FECHACREACION,IDUSUARIOMODIF,FECHAMODIF,ESTADO) values (37,3,'SAN ANDRES ITZAPA',5,to_date('05-NOV-23','DD-MON-RR'),5,to_date('05-NOV-23','DD-MON-RR'),1);
Insert into SYSTEM.MUNICIPIO (IDMUNI,DEPARTAMENTO,MUNICIPIO,IDUSUARIOCREA,FECHACREACION,IDUSUARIOMODIF,FECHAMODIF,ESTADO) values (38,3,'PARRAMOS',5,to_date('05-NOV-23','DD-MON-RR'),5,to_date('05-NOV-23','DD-MON-RR'),1);
Insert into SYSTEM.MUNICIPIO (IDMUNI,DEPARTAMENTO,MUNICIPIO,IDUSUARIOCREA,FECHACREACION,IDUSUARIOMODIF,FECHAMODIF,ESTADO) values (39,3,'ZARAGOZA',5,to_date('05-NOV-23','DD-MON-RR'),5,to_date('05-NOV-23','DD-MON-RR'),1);
Insert into SYSTEM.MUNICIPIO (IDMUNI,DEPARTAMENTO,MUNICIPIO,IDUSUARIOCREA,FECHACREACION,IDUSUARIOMODIF,FECHAMODIF,ESTADO) values (40,3,'EL TEJAR',5,to_date('05-NOV-23','DD-MON-RR'),5,to_date('05-NOV-23','DD-MON-RR'),1);
Insert into SYSTEM.MUNICIPIO (IDMUNI,DEPARTAMENTO,MUNICIPIO,IDUSUARIOCREA,FECHACREACION,IDUSUARIOMODIF,FECHAMODIF,ESTADO) values (41,4,'CHIQUIMULA',5,to_date('05-NOV-23','DD-MON-RR'),5,to_date('05-NOV-23','DD-MON-RR'),1);
Insert into SYSTEM.MUNICIPIO (IDMUNI,DEPARTAMENTO,MUNICIPIO,IDUSUARIOCREA,FECHACREACION,IDUSUARIOMODIF,FECHAMODIF,ESTADO) values (42,4,'SAN JOSE LA ARADA',5,to_date('05-NOV-23','DD-MON-RR'),5,to_date('05-NOV-23','DD-MON-RR'),1);
Insert into SYSTEM.MUNICIPIO (IDMUNI,DEPARTAMENTO,MUNICIPIO,IDUSUARIOCREA,FECHACREACION,IDUSUARIOMODIF,FECHAMODIF,ESTADO) values (43,4,'SAN JUAN HERMITA',5,to_date('05-NOV-23','DD-MON-RR'),5,to_date('05-NOV-23','DD-MON-RR'),1);
Insert into SYSTEM.MUNICIPIO (IDMUNI,DEPARTAMENTO,MUNICIPIO,IDUSUARIOCREA,FECHACREACION,IDUSUARIOMODIF,FECHAMODIF,ESTADO) values (44,4,'JOCOTAN',5,to_date('05-NOV-23','DD-MON-RR'),5,to_date('05-NOV-23','DD-MON-RR'),1);
Insert into SYSTEM.MUNICIPIO (IDMUNI,DEPARTAMENTO,MUNICIPIO,IDUSUARIOCREA,FECHACREACION,IDUSUARIOMODIF,FECHAMODIF,ESTADO) values (45,4,'CAMOTAN',5,to_date('05-NOV-23','DD-MON-RR'),5,to_date('05-NOV-23','DD-MON-RR'),1);
Insert into SYSTEM.MUNICIPIO (IDMUNI,DEPARTAMENTO,MUNICIPIO,IDUSUARIOCREA,FECHACREACION,IDUSUARIOMODIF,FECHAMODIF,ESTADO) values (46,4,'OLOPA',5,to_date('05-NOV-23','DD-MON-RR'),5,to_date('05-NOV-23','DD-MON-RR'),1);
Insert into SYSTEM.MUNICIPIO (IDMUNI,DEPARTAMENTO,MUNICIPIO,IDUSUARIOCREA,FECHACREACION,IDUSUARIOMODIF,FECHAMODIF,ESTADO) values (47,4,'ESQUIPULAS',5,to_date('05-NOV-23','DD-MON-RR'),5,to_date('05-NOV-23','DD-MON-RR'),1);
Insert into SYSTEM.MUNICIPIO (IDMUNI,DEPARTAMENTO,MUNICIPIO,IDUSUARIOCREA,FECHACREACION,IDUSUARIOMODIF,FECHAMODIF,ESTADO) values (48,4,'CONCEPCION LAS MINAS',5,to_date('05-NOV-23','DD-MON-RR'),5,to_date('05-NOV-23','DD-MON-RR'),1);
Insert into SYSTEM.MUNICIPIO (IDMUNI,DEPARTAMENTO,MUNICIPIO,IDUSUARIOCREA,FECHACREACION,IDUSUARIOMODIF,FECHAMODIF,ESTADO) values (49,4,'QUEZALTEPEQUE',5,to_date('05-NOV-23','DD-MON-RR'),5,to_date('05-NOV-23','DD-MON-RR'),1);
Insert into SYSTEM.MUNICIPIO (IDMUNI,DEPARTAMENTO,MUNICIPIO,IDUSUARIOCREA,FECHACREACION,IDUSUARIOMODIF,FECHAMODIF,ESTADO) values (50,4,'SAN JACINTO',5,to_date('05-NOV-23','DD-MON-RR'),5,to_date('05-NOV-23','DD-MON-RR'),1);
Insert into SYSTEM.MUNICIPIO (IDMUNI,DEPARTAMENTO,MUNICIPIO,IDUSUARIOCREA,FECHACREACION,IDUSUARIOMODIF,FECHAMODIF,ESTADO) values (51,4,'IPALA',5,to_date('05-NOV-23','DD-MON-RR'),5,to_date('05-NOV-23','DD-MON-RR'),1);
Insert into SYSTEM.MUNICIPIO (IDMUNI,DEPARTAMENTO,MUNICIPIO,IDUSUARIOCREA,FECHACREACION,IDUSUARIOMODIF,FECHAMODIF,ESTADO) values (52,5,'FLORES',5,to_date('05-NOV-23','DD-MON-RR'),5,to_date('05-NOV-23','DD-MON-RR'),1);
Insert into SYSTEM.MUNICIPIO (IDMUNI,DEPARTAMENTO,MUNICIPIO,IDUSUARIOCREA,FECHACREACION,IDUSUARIOMODIF,FECHAMODIF,ESTADO) values (53,5,'SAN JOSE',5,to_date('05-NOV-23','DD-MON-RR'),5,to_date('05-NOV-23','DD-MON-RR'),1);
Insert into SYSTEM.MUNICIPIO (IDMUNI,DEPARTAMENTO,MUNICIPIO,IDUSUARIOCREA,FECHACREACION,IDUSUARIOMODIF,FECHAMODIF,ESTADO) values (54,5,'SAN BENITO',5,to_date('05-NOV-23','DD-MON-RR'),5,to_date('05-NOV-23','DD-MON-RR'),1);
Insert into SYSTEM.MUNICIPIO (IDMUNI,DEPARTAMENTO,MUNICIPIO,IDUSUARIOCREA,FECHACREACION,IDUSUARIOMODIF,FECHAMODIF,ESTADO) values (55,5,'SAN ANDRES',5,to_date('05-NOV-23','DD-MON-RR'),5,to_date('05-NOV-23','DD-MON-RR'),1);
Insert into SYSTEM.MUNICIPIO (IDMUNI,DEPARTAMENTO,MUNICIPIO,IDUSUARIOCREA,FECHACREACION,IDUSUARIOMODIF,FECHAMODIF,ESTADO) values (56,5,'LA LIBERTAD',5,to_date('05-NOV-23','DD-MON-RR'),5,to_date('05-NOV-23','DD-MON-RR'),1);
Insert into SYSTEM.MUNICIPIO (IDMUNI,DEPARTAMENTO,MUNICIPIO,IDUSUARIOCREA,FECHACREACION,IDUSUARIOMODIF,FECHAMODIF,ESTADO) values (57,5,'SAN FRANCISCO',5,to_date('05-NOV-23','DD-MON-RR'),5,to_date('05-NOV-23','DD-MON-RR'),1);
Insert into SYSTEM.MUNICIPIO (IDMUNI,DEPARTAMENTO,MUNICIPIO,IDUSUARIOCREA,FECHACREACION,IDUSUARIOMODIF,FECHAMODIF,ESTADO) values (58,5,'SANTA ANA',5,to_date('05-NOV-23','DD-MON-RR'),5,to_date('05-NOV-23','DD-MON-RR'),1);
Insert into SYSTEM.MUNICIPIO (IDMUNI,DEPARTAMENTO,MUNICIPIO,IDUSUARIOCREA,FECHACREACION,IDUSUARIOMODIF,FECHAMODIF,ESTADO) values (59,5,'DOLORES',5,to_date('05-NOV-23','DD-MON-RR'),5,to_date('05-NOV-23','DD-MON-RR'),1);
Insert into SYSTEM.MUNICIPIO (IDMUNI,DEPARTAMENTO,MUNICIPIO,IDUSUARIOCREA,FECHACREACION,IDUSUARIOMODIF,FECHAMODIF,ESTADO) values (60,5,'SAN LUIS',5,to_date('05-NOV-23','DD-MON-RR'),5,to_date('05-NOV-23','DD-MON-RR'),1);
Insert into SYSTEM.MUNICIPIO (IDMUNI,DEPARTAMENTO,MUNICIPIO,IDUSUARIOCREA,FECHACREACION,IDUSUARIOMODIF,FECHAMODIF,ESTADO) values (61,5,'SAYAXCHE',5,to_date('05-NOV-23','DD-MON-RR'),5,to_date('05-NOV-23','DD-MON-RR'),1);
Insert into SYSTEM.MUNICIPIO (IDMUNI,DEPARTAMENTO,MUNICIPIO,IDUSUARIOCREA,FECHACREACION,IDUSUARIOMODIF,FECHAMODIF,ESTADO) values (62,5,'MELCHOR DE MENCOS',5,to_date('05-NOV-23','DD-MON-RR'),5,to_date('05-NOV-23','DD-MON-RR'),1);
Insert into SYSTEM.MUNICIPIO (IDMUNI,DEPARTAMENTO,MUNICIPIO,IDUSUARIOCREA,FECHACREACION,IDUSUARIOMODIF,FECHAMODIF,ESTADO) values (63,5,'POPTUN',5,to_date('05-NOV-23','DD-MON-RR'),5,to_date('05-NOV-23','DD-MON-RR'),1);
Insert into SYSTEM.MUNICIPIO (IDMUNI,DEPARTAMENTO,MUNICIPIO,IDUSUARIOCREA,FECHACREACION,IDUSUARIOMODIF,FECHAMODIF,ESTADO) values (64,6,'GUASTATOYA',5,to_date('05-NOV-23','DD-MON-RR'),5,to_date('05-NOV-23','DD-MON-RR'),1);
Insert into SYSTEM.MUNICIPIO (IDMUNI,DEPARTAMENTO,MUNICIPIO,IDUSUARIOCREA,FECHACREACION,IDUSUARIOMODIF,FECHAMODIF,ESTADO) values (65,6,'MORAZAN',5,to_date('05-NOV-23','DD-MON-RR'),5,to_date('05-NOV-23','DD-MON-RR'),1);
Insert into SYSTEM.MUNICIPIO (IDMUNI,DEPARTAMENTO,MUNICIPIO,IDUSUARIOCREA,FECHACREACION,IDUSUARIOMODIF,FECHAMODIF,ESTADO) values (66,6,'SAN AGUSTIN ACASAGUASTLAN',5,to_date('05-NOV-23','DD-MON-RR'),5,to_date('05-NOV-23','DD-MON-RR'),1);
Insert into SYSTEM.MUNICIPIO (IDMUNI,DEPARTAMENTO,MUNICIPIO,IDUSUARIOCREA,FECHACREACION,IDUSUARIOMODIF,FECHAMODIF,ESTADO) values (67,6,'SAN CRISTOBAL ACASAGUASTLAN',5,to_date('05-NOV-23','DD-MON-RR'),5,to_date('05-NOV-23','DD-MON-RR'),1);
Insert into SYSTEM.MUNICIPIO (IDMUNI,DEPARTAMENTO,MUNICIPIO,IDUSUARIOCREA,FECHACREACION,IDUSUARIOMODIF,FECHAMODIF,ESTADO) values (68,6,'EL JICARO',5,to_date('05-NOV-23','DD-MON-RR'),5,to_date('05-NOV-23','DD-MON-RR'),1);
Insert into SYSTEM.MUNICIPIO (IDMUNI,DEPARTAMENTO,MUNICIPIO,IDUSUARIOCREA,FECHACREACION,IDUSUARIOMODIF,FECHAMODIF,ESTADO) values (69,6,'SANSARE',5,to_date('05-NOV-23','DD-MON-RR'),5,to_date('05-NOV-23','DD-MON-RR'),1);
Insert into SYSTEM.MUNICIPIO (IDMUNI,DEPARTAMENTO,MUNICIPIO,IDUSUARIOCREA,FECHACREACION,IDUSUARIOMODIF,FECHAMODIF,ESTADO) values (70,6,'SANARATE',5,to_date('05-NOV-23','DD-MON-RR'),5,to_date('05-NOV-23','DD-MON-RR'),1);
Insert into SYSTEM.MUNICIPIO (IDMUNI,DEPARTAMENTO,MUNICIPIO,IDUSUARIOCREA,FECHACREACION,IDUSUARIOMODIF,FECHAMODIF,ESTADO) values (71,6,'SAN ANTONIO LA PAZ',5,to_date('05-NOV-23','DD-MON-RR'),5,to_date('05-NOV-23','DD-MON-RR'),1);
Insert into SYSTEM.MUNICIPIO (IDMUNI,DEPARTAMENTO,MUNICIPIO,IDUSUARIOCREA,FECHACREACION,IDUSUARIOMODIF,FECHAMODIF,ESTADO) values (72,7,'SANTA CRUZ DEL QUICHE',5,to_date('05-NOV-23','DD-MON-RR'),5,to_date('05-NOV-23','DD-MON-RR'),1);
Insert into SYSTEM.MUNICIPIO (IDMUNI,DEPARTAMENTO,MUNICIPIO,IDUSUARIOCREA,FECHACREACION,IDUSUARIOMODIF,FECHAMODIF,ESTADO) values (73,7,'CHICHE',5,to_date('05-NOV-23','DD-MON-RR'),5,to_date('05-NOV-23','DD-MON-RR'),1);
Insert into SYSTEM.MUNICIPIO (IDMUNI,DEPARTAMENTO,MUNICIPIO,IDUSUARIOCREA,FECHACREACION,IDUSUARIOMODIF,FECHAMODIF,ESTADO) values (74,7,'CHINIQUE',5,to_date('05-NOV-23','DD-MON-RR'),5,to_date('05-NOV-23','DD-MON-RR'),1);
Insert into SYSTEM.MUNICIPIO (IDMUNI,DEPARTAMENTO,MUNICIPIO,IDUSUARIOCREA,FECHACREACION,IDUSUARIOMODIF,FECHAMODIF,ESTADO) values (75,7,'ZACUALPA',5,to_date('05-NOV-23','DD-MON-RR'),5,to_date('05-NOV-23','DD-MON-RR'),1);
Insert into SYSTEM.MUNICIPIO (IDMUNI,DEPARTAMENTO,MUNICIPIO,IDUSUARIOCREA,FECHACREACION,IDUSUARIOMODIF,FECHAMODIF,ESTADO) values (76,7,'CHAJUL',5,to_date('05-NOV-23','DD-MON-RR'),5,to_date('05-NOV-23','DD-MON-RR'),1);
Insert into SYSTEM.MUNICIPIO (IDMUNI,DEPARTAMENTO,MUNICIPIO,IDUSUARIOCREA,FECHACREACION,IDUSUARIOMODIF,FECHAMODIF,ESTADO) values (77,7,'SANTO TOMAS CHICHICSTENANGO',5,to_date('05-NOV-23','DD-MON-RR'),5,to_date('05-NOV-23','DD-MON-RR'),1);
Insert into SYSTEM.MUNICIPIO (IDMUNI,DEPARTAMENTO,MUNICIPIO,IDUSUARIOCREA,FECHACREACION,IDUSUARIOMODIF,FECHAMODIF,ESTADO) values (78,7,'PATZITE',5,to_date('05-NOV-23','DD-MON-RR'),5,to_date('05-NOV-23','DD-MON-RR'),1);
Insert into SYSTEM.MUNICIPIO (IDMUNI,DEPARTAMENTO,MUNICIPIO,IDUSUARIOCREA,FECHACREACION,IDUSUARIOMODIF,FECHAMODIF,ESTADO) values (79,7,'SAN ANTONIO ILOTENANGO',5,to_date('05-NOV-23','DD-MON-RR'),5,to_date('05-NOV-23','DD-MON-RR'),1);
Insert into SYSTEM.MUNICIPIO (IDMUNI,DEPARTAMENTO,MUNICIPIO,IDUSUARIOCREA,FECHACREACION,IDUSUARIOMODIF,FECHAMODIF,ESTADO) values (80,7,'SAN PEDRO JOCOPILAS',5,to_date('05-NOV-23','DD-MON-RR'),5,to_date('05-NOV-23','DD-MON-RR'),1);
Insert into SYSTEM.MUNICIPIO (IDMUNI,DEPARTAMENTO,MUNICIPIO,IDUSUARIOCREA,FECHACREACION,IDUSUARIOMODIF,FECHAMODIF,ESTADO) values (81,7,'CUNEN',5,to_date('05-NOV-23','DD-MON-RR'),5,to_date('05-NOV-23','DD-MON-RR'),1);
Insert into SYSTEM.MUNICIPIO (IDMUNI,DEPARTAMENTO,MUNICIPIO,IDUSUARIOCREA,FECHACREACION,IDUSUARIOMODIF,FECHAMODIF,ESTADO) values (82,7,'SAN JUAN COTZAL',5,to_date('05-NOV-23','DD-MON-RR'),5,to_date('05-NOV-23','DD-MON-RR'),1);
Insert into SYSTEM.MUNICIPIO (IDMUNI,DEPARTAMENTO,MUNICIPIO,IDUSUARIOCREA,FECHACREACION,IDUSUARIOMODIF,FECHAMODIF,ESTADO) values (83,7,'JOYABAJ',5,to_date('05-NOV-23','DD-MON-RR'),5,to_date('05-NOV-23','DD-MON-RR'),1);
Insert into SYSTEM.MUNICIPIO (IDMUNI,DEPARTAMENTO,MUNICIPIO,IDUSUARIOCREA,FECHACREACION,IDUSUARIOMODIF,FECHAMODIF,ESTADO) values (84,7,'SANTA MARIA NEBAJ',5,to_date('05-NOV-23','DD-MON-RR'),5,to_date('05-NOV-23','DD-MON-RR'),1);
Insert into SYSTEM.MUNICIPIO (IDMUNI,DEPARTAMENTO,MUNICIPIO,IDUSUARIOCREA,FECHACREACION,IDUSUARIOMODIF,FECHAMODIF,ESTADO) values (85,7,'SAN ANDRES SAJCABAJA',5,to_date('05-NOV-23','DD-MON-RR'),5,to_date('05-NOV-23','DD-MON-RR'),1);
Insert into SYSTEM.MUNICIPIO (IDMUNI,DEPARTAMENTO,MUNICIPIO,IDUSUARIOCREA,FECHACREACION,IDUSUARIOMODIF,FECHAMODIF,ESTADO) values (86,7,'SAN MIGUEL USPATAN',5,to_date('05-NOV-23','DD-MON-RR'),5,to_date('05-NOV-23','DD-MON-RR'),1);
Insert into SYSTEM.MUNICIPIO (IDMUNI,DEPARTAMENTO,MUNICIPIO,IDUSUARIOCREA,FECHACREACION,IDUSUARIOMODIF,FECHAMODIF,ESTADO) values (87,7,'SACAPULAS',5,to_date('05-NOV-23','DD-MON-RR'),5,to_date('05-NOV-23','DD-MON-RR'),1);
Insert into SYSTEM.MUNICIPIO (IDMUNI,DEPARTAMENTO,MUNICIPIO,IDUSUARIOCREA,FECHACREACION,IDUSUARIOMODIF,FECHAMODIF,ESTADO) values (88,7,'SAN BARTOLOME JOCOTENANGO',5,to_date('05-NOV-23','DD-MON-RR'),5,to_date('05-NOV-23','DD-MON-RR'),1);
Insert into SYSTEM.MUNICIPIO (IDMUNI,DEPARTAMENTO,MUNICIPIO,IDUSUARIOCREA,FECHACREACION,IDUSUARIOMODIF,FECHAMODIF,ESTADO) values (89,7,'CANILLA',5,to_date('05-NOV-23','DD-MON-RR'),5,to_date('05-NOV-23','DD-MON-RR'),1);
Insert into SYSTEM.MUNICIPIO (IDMUNI,DEPARTAMENTO,MUNICIPIO,IDUSUARIOCREA,FECHACREACION,IDUSUARIOMODIF,FECHAMODIF,ESTADO) values (90,7,'CHICAMAN',5,to_date('05-NOV-23','DD-MON-RR'),5,to_date('05-NOV-23','DD-MON-RR'),1);
Insert into SYSTEM.MUNICIPIO (IDMUNI,DEPARTAMENTO,MUNICIPIO,IDUSUARIOCREA,FECHACREACION,IDUSUARIOMODIF,FECHAMODIF,ESTADO) values (91,7,'PLAYA GRANDE - IXCAN',5,to_date('05-NOV-23','DD-MON-RR'),5,to_date('05-NOV-23','DD-MON-RR'),1);
Insert into SYSTEM.MUNICIPIO (IDMUNI,DEPARTAMENTO,MUNICIPIO,IDUSUARIOCREA,FECHACREACION,IDUSUARIOMODIF,FECHAMODIF,ESTADO) values (92,7,'PACHALUM',5,to_date('05-NOV-23','DD-MON-RR'),5,to_date('05-NOV-23','DD-MON-RR'),1);
Insert into SYSTEM.MUNICIPIO (IDMUNI,DEPARTAMENTO,MUNICIPIO,IDUSUARIOCREA,FECHACREACION,IDUSUARIOMODIF,FECHAMODIF,ESTADO) values (93,8,'ESCUINTLA',5,to_date('05-NOV-23','DD-MON-RR'),5,to_date('05-NOV-23','DD-MON-RR'),1);
Insert into SYSTEM.MUNICIPIO (IDMUNI,DEPARTAMENTO,MUNICIPIO,IDUSUARIOCREA,FECHACREACION,IDUSUARIOMODIF,FECHAMODIF,ESTADO) values (94,8,'SANTA LUCIA COTZUMALGUAPA',5,to_date('05-NOV-23','DD-MON-RR'),5,to_date('05-NOV-23','DD-MON-RR'),1);
Insert into SYSTEM.MUNICIPIO (IDMUNI,DEPARTAMENTO,MUNICIPIO,IDUSUARIOCREA,FECHACREACION,IDUSUARIOMODIF,FECHAMODIF,ESTADO) values (95,8,'LA DEMOCRACIA',5,to_date('05-NOV-23','DD-MON-RR'),5,to_date('05-NOV-23','DD-MON-RR'),1);
Insert into SYSTEM.MUNICIPIO (IDMUNI,DEPARTAMENTO,MUNICIPIO,IDUSUARIOCREA,FECHACREACION,IDUSUARIOMODIF,FECHAMODIF,ESTADO) values (96,8,'SIQUINALA',5,to_date('05-NOV-23','DD-MON-RR'),5,to_date('05-NOV-23','DD-MON-RR'),1);
Insert into SYSTEM.MUNICIPIO (IDMUNI,DEPARTAMENTO,MUNICIPIO,IDUSUARIOCREA,FECHACREACION,IDUSUARIOMODIF,FECHAMODIF,ESTADO) values (97,8,'MASAGUA',5,to_date('05-NOV-23','DD-MON-RR'),5,to_date('05-NOV-23','DD-MON-RR'),1);
Insert into SYSTEM.MUNICIPIO (IDMUNI,DEPARTAMENTO,MUNICIPIO,IDUSUARIOCREA,FECHACREACION,IDUSUARIOMODIF,FECHAMODIF,ESTADO) values (98,8,'PUBLO NUEVO TIQUISATE',5,to_date('05-NOV-23','DD-MON-RR'),5,to_date('05-NOV-23','DD-MON-RR'),1);
Insert into SYSTEM.MUNICIPIO (IDMUNI,DEPARTAMENTO,MUNICIPIO,IDUSUARIOCREA,FECHACREACION,IDUSUARIOMODIF,FECHAMODIF,ESTADO) values (99,8,'LA GOMERA',5,to_date('05-NOV-23','DD-MON-RR'),5,to_date('05-NOV-23','DD-MON-RR'),1);
Insert into SYSTEM.MUNICIPIO (IDMUNI,DEPARTAMENTO,MUNICIPIO,IDUSUARIOCREA,FECHACREACION,IDUSUARIOMODIF,FECHAMODIF,ESTADO) values (100,8,'GUANAGAZAPA',5,to_date('05-NOV-23','DD-MON-RR'),5,to_date('05-NOV-23','DD-MON-RR'),1);
Insert into SYSTEM.MUNICIPIO (IDMUNI,DEPARTAMENTO,MUNICIPIO,IDUSUARIOCREA,FECHACREACION,IDUSUARIOMODIF,FECHAMODIF,ESTADO) values (101,8,'PUERTO SAN JOSE',5,to_date('05-NOV-23','DD-MON-RR'),5,to_date('05-NOV-23','DD-MON-RR'),1);
Insert into SYSTEM.MUNICIPIO (IDMUNI,DEPARTAMENTO,MUNICIPIO,IDUSUARIOCREA,FECHACREACION,IDUSUARIOMODIF,FECHAMODIF,ESTADO) values (102,8,'IZTAPA',5,to_date('05-NOV-23','DD-MON-RR'),5,to_date('05-NOV-23','DD-MON-RR'),1);
Insert into SYSTEM.MUNICIPIO (IDMUNI,DEPARTAMENTO,MUNICIPIO,IDUSUARIOCREA,FECHACREACION,IDUSUARIOMODIF,FECHAMODIF,ESTADO) values (103,8,'PALIN',5,to_date('05-NOV-23','DD-MON-RR'),5,to_date('05-NOV-23','DD-MON-RR'),1);
Insert into SYSTEM.MUNICIPIO (IDMUNI,DEPARTAMENTO,MUNICIPIO,IDUSUARIOCREA,FECHACREACION,IDUSUARIOMODIF,FECHAMODIF,ESTADO) values (104,8,'SAN VICENTE PACAYA',5,to_date('05-NOV-23','DD-MON-RR'),5,to_date('05-NOV-23','DD-MON-RR'),1);
Insert into SYSTEM.MUNICIPIO (IDMUNI,DEPARTAMENTO,MUNICIPIO,IDUSUARIOCREA,FECHACREACION,IDUSUARIOMODIF,FECHAMODIF,ESTADO) values (105,8,'NUEVA CONCEPCION',5,to_date('05-NOV-23','DD-MON-RR'),5,to_date('05-NOV-23','DD-MON-RR'),1);
Insert into SYSTEM.MUNICIPIO (IDMUNI,DEPARTAMENTO,MUNICIPIO,IDUSUARIOCREA,FECHACREACION,IDUSUARIOMODIF,FECHAMODIF,ESTADO) values (106,9,'GUATEMALA',5,to_date('05-NOV-23','DD-MON-RR'),5,to_date('05-NOV-23','DD-MON-RR'),1);
Insert into SYSTEM.MUNICIPIO (IDMUNI,DEPARTAMENTO,MUNICIPIO,IDUSUARIOCREA,FECHACREACION,IDUSUARIOMODIF,FECHAMODIF,ESTADO) values (107,9,'SANTA CATARINA PINULA',5,to_date('05-NOV-23','DD-MON-RR'),5,to_date('05-NOV-23','DD-MON-RR'),1);
Insert into SYSTEM.MUNICIPIO (IDMUNI,DEPARTAMENTO,MUNICIPIO,IDUSUARIOCREA,FECHACREACION,IDUSUARIOMODIF,FECHAMODIF,ESTADO) values (108,9,'SAN JOSE PINULA',5,to_date('05-NOV-23','DD-MON-RR'),5,to_date('05-NOV-23','DD-MON-RR'),1);
Insert into SYSTEM.MUNICIPIO (IDMUNI,DEPARTAMENTO,MUNICIPIO,IDUSUARIOCREA,FECHACREACION,IDUSUARIOMODIF,FECHAMODIF,ESTADO) values (109,9,'SAN JOSE DEL GOLFO',5,to_date('05-NOV-23','DD-MON-RR'),5,to_date('05-NOV-23','DD-MON-RR'),1);
Insert into SYSTEM.MUNICIPIO (IDMUNI,DEPARTAMENTO,MUNICIPIO,IDUSUARIOCREA,FECHACREACION,IDUSUARIOMODIF,FECHAMODIF,ESTADO) values (110,9,'PALENCIA',5,to_date('05-NOV-23','DD-MON-RR'),5,to_date('05-NOV-23','DD-MON-RR'),1);
Insert into SYSTEM.MUNICIPIO (IDMUNI,DEPARTAMENTO,MUNICIPIO,IDUSUARIOCREA,FECHACREACION,IDUSUARIOMODIF,FECHAMODIF,ESTADO) values (111,9,'CHINAUTLA',5,to_date('05-NOV-23','DD-MON-RR'),5,to_date('05-NOV-23','DD-MON-RR'),1);
Insert into SYSTEM.MUNICIPIO (IDMUNI,DEPARTAMENTO,MUNICIPIO,IDUSUARIOCREA,FECHACREACION,IDUSUARIOMODIF,FECHAMODIF,ESTADO) values (112,9,'SAN PEDRO AYAMPUC',5,to_date('05-NOV-23','DD-MON-RR'),5,to_date('05-NOV-23','DD-MON-RR'),1);
Insert into SYSTEM.MUNICIPIO (IDMUNI,DEPARTAMENTO,MUNICIPIO,IDUSUARIOCREA,FECHACREACION,IDUSUARIOMODIF,FECHAMODIF,ESTADO) values (113,9,'MIXCO',5,to_date('05-NOV-23','DD-MON-RR'),5,to_date('05-NOV-23','DD-MON-RR'),1);
Insert into SYSTEM.MUNICIPIO (IDMUNI,DEPARTAMENTO,MUNICIPIO,IDUSUARIOCREA,FECHACREACION,IDUSUARIOMODIF,FECHAMODIF,ESTADO) values (114,9,'SAN PEDRO SACATEPEQUEZ',5,to_date('05-NOV-23','DD-MON-RR'),5,to_date('05-NOV-23','DD-MON-RR'),1);
Insert into SYSTEM.MUNICIPIO (IDMUNI,DEPARTAMENTO,MUNICIPIO,IDUSUARIOCREA,FECHACREACION,IDUSUARIOMODIF,FECHAMODIF,ESTADO) values (115,9,'SAN JUAN SACATEPEQUEZ',5,to_date('05-NOV-23','DD-MON-RR'),5,to_date('05-NOV-23','DD-MON-RR'),1);
Insert into SYSTEM.MUNICIPIO (IDMUNI,DEPARTAMENTO,MUNICIPIO,IDUSUARIOCREA,FECHACREACION,IDUSUARIOMODIF,FECHAMODIF,ESTADO) values (116,9,'CHUARRANCHO',5,to_date('05-NOV-23','DD-MON-RR'),5,to_date('05-NOV-23','DD-MON-RR'),1);
Insert into SYSTEM.MUNICIPIO (IDMUNI,DEPARTAMENTO,MUNICIPIO,IDUSUARIOCREA,FECHACREACION,IDUSUARIOMODIF,FECHAMODIF,ESTADO) values (117,9,'FRAIJANES',5,to_date('05-NOV-23','DD-MON-RR'),5,to_date('05-NOV-23','DD-MON-RR'),1);
Insert into SYSTEM.MUNICIPIO (IDMUNI,DEPARTAMENTO,MUNICIPIO,IDUSUARIOCREA,FECHACREACION,IDUSUARIOMODIF,FECHAMODIF,ESTADO) values (118,9,'AMATITLAN',5,to_date('05-NOV-23','DD-MON-RR'),5,to_date('05-NOV-23','DD-MON-RR'),1);
Insert into SYSTEM.MUNICIPIO (IDMUNI,DEPARTAMENTO,MUNICIPIO,IDUSUARIOCREA,FECHACREACION,IDUSUARIOMODIF,FECHAMODIF,ESTADO) values (119,9,'VILLA NUEVA',5,to_date('05-NOV-23','DD-MON-RR'),5,to_date('05-NOV-23','DD-MON-RR'),1);
Insert into SYSTEM.MUNICIPIO (IDMUNI,DEPARTAMENTO,MUNICIPIO,IDUSUARIOCREA,FECHACREACION,IDUSUARIOMODIF,FECHAMODIF,ESTADO) values (120,9,'VILLA CANALES',5,to_date('05-NOV-23','DD-MON-RR'),5,to_date('05-NOV-23','DD-MON-RR'),1);
Insert into SYSTEM.MUNICIPIO (IDMUNI,DEPARTAMENTO,MUNICIPIO,IDUSUARIOCREA,FECHACREACION,IDUSUARIOMODIF,FECHAMODIF,ESTADO) values (121,9,'SAN MIGUEL PETAPA',5,to_date('05-NOV-23','DD-MON-RR'),5,to_date('05-NOV-23','DD-MON-RR'),1);
Insert into SYSTEM.MUNICIPIO (IDMUNI,DEPARTAMENTO,MUNICIPIO,IDUSUARIOCREA,FECHACREACION,IDUSUARIOMODIF,FECHAMODIF,ESTADO) values (122,10,'HUEHUETENANGO',5,to_date('05-NOV-23','DD-MON-RR'),5,to_date('05-NOV-23','DD-MON-RR'),1);
Insert into SYSTEM.MUNICIPIO (IDMUNI,DEPARTAMENTO,MUNICIPIO,IDUSUARIOCREA,FECHACREACION,IDUSUARIOMODIF,FECHAMODIF,ESTADO) values (123,10,'CHIANTLA',5,to_date('05-NOV-23','DD-MON-RR'),5,to_date('05-NOV-23','DD-MON-RR'),1);
Insert into SYSTEM.MUNICIPIO (IDMUNI,DEPARTAMENTO,MUNICIPIO,IDUSUARIOCREA,FECHACREACION,IDUSUARIOMODIF,FECHAMODIF,ESTADO) values (124,10,'MALACATANCITO',5,to_date('05-NOV-23','DD-MON-RR'),5,to_date('05-NOV-23','DD-MON-RR'),1);
Insert into SYSTEM.MUNICIPIO (IDMUNI,DEPARTAMENTO,MUNICIPIO,IDUSUARIOCREA,FECHACREACION,IDUSUARIOMODIF,FECHAMODIF,ESTADO) values (125,10,'CUILCO',5,to_date('05-NOV-23','DD-MON-RR'),5,to_date('05-NOV-23','DD-MON-RR'),1);
Insert into SYSTEM.MUNICIPIO (IDMUNI,DEPARTAMENTO,MUNICIPIO,IDUSUARIOCREA,FECHACREACION,IDUSUARIOMODIF,FECHAMODIF,ESTADO) values (126,10,'NENTON',5,to_date('05-NOV-23','DD-MON-RR'),5,to_date('05-NOV-23','DD-MON-RR'),1);
Insert into SYSTEM.MUNICIPIO (IDMUNI,DEPARTAMENTO,MUNICIPIO,IDUSUARIOCREA,FECHACREACION,IDUSUARIOMODIF,FECHAMODIF,ESTADO) values (127,10,'SAN PEDRO NECTA',5,to_date('05-NOV-23','DD-MON-RR'),5,to_date('05-NOV-23','DD-MON-RR'),1);
Insert into SYSTEM.MUNICIPIO (IDMUNI,DEPARTAMENTO,MUNICIPIO,IDUSUARIOCREA,FECHACREACION,IDUSUARIOMODIF,FECHAMODIF,ESTADO) values (128,10,'JACALTENANGO',5,to_date('05-NOV-23','DD-MON-RR'),5,to_date('05-NOV-23','DD-MON-RR'),1);
Insert into SYSTEM.MUNICIPIO (IDMUNI,DEPARTAMENTO,MUNICIPIO,IDUSUARIOCREA,FECHACREACION,IDUSUARIOMODIF,FECHAMODIF,ESTADO) values (129,10,'SAN PEDRO SOLOMA',5,to_date('05-NOV-23','DD-MON-RR'),5,to_date('05-NOV-23','DD-MON-RR'),1);
Insert into SYSTEM.MUNICIPIO (IDMUNI,DEPARTAMENTO,MUNICIPIO,IDUSUARIOCREA,FECHACREACION,IDUSUARIOMODIF,FECHAMODIF,ESTADO) values (130,10,'SAN ILDELFONSO IXTAHUACN',5,to_date('05-NOV-23','DD-MON-RR'),5,to_date('05-NOV-23','DD-MON-RR'),1);
Insert into SYSTEM.MUNICIPIO (IDMUNI,DEPARTAMENTO,MUNICIPIO,IDUSUARIOCREA,FECHACREACION,IDUSUARIOMODIF,FECHAMODIF,ESTADO) values (131,10,'SANTA BARBARA',5,to_date('05-NOV-23','DD-MON-RR'),5,to_date('05-NOV-23','DD-MON-RR'),1);
Insert into SYSTEM.MUNICIPIO (IDMUNI,DEPARTAMENTO,MUNICIPIO,IDUSUARIOCREA,FECHACREACION,IDUSUARIOMODIF,FECHAMODIF,ESTADO) values (132,10,'LA LIBERTAD',5,to_date('05-NOV-23','DD-MON-RR'),5,to_date('05-NOV-23','DD-MON-RR'),1);
Insert into SYSTEM.MUNICIPIO (IDMUNI,DEPARTAMENTO,MUNICIPIO,IDUSUARIOCREA,FECHACREACION,IDUSUARIOMODIF,FECHAMODIF,ESTADO) values (133,10,'LA DEMOCRACIA',5,to_date('05-NOV-23','DD-MON-RR'),5,to_date('05-NOV-23','DD-MON-RR'),1);
Insert into SYSTEM.MUNICIPIO (IDMUNI,DEPARTAMENTO,MUNICIPIO,IDUSUARIOCREA,FECHACREACION,IDUSUARIOMODIF,FECHAMODIF,ESTADO) values (134,10,'SAN MIGUEL ACATAN',5,to_date('05-NOV-23','DD-MON-RR'),5,to_date('05-NOV-23','DD-MON-RR'),1);
Insert into SYSTEM.MUNICIPIO (IDMUNI,DEPARTAMENTO,MUNICIPIO,IDUSUARIOCREA,FECHACREACION,IDUSUARIOMODIF,FECHAMODIF,ESTADO) values (135,10,'SAN RAFAEL LA INDEPENDENCIA',5,to_date('05-NOV-23','DD-MON-RR'),5,to_date('05-NOV-23','DD-MON-RR'),1);
Insert into SYSTEM.MUNICIPIO (IDMUNI,DEPARTAMENTO,MUNICIPIO,IDUSUARIOCREA,FECHACREACION,IDUSUARIOMODIF,FECHAMODIF,ESTADO) values (136,10,'TODOS SANTOS CUCHUMATAN',5,to_date('05-NOV-23','DD-MON-RR'),5,to_date('05-NOV-23','DD-MON-RR'),1);
Insert into SYSTEM.MUNICIPIO (IDMUNI,DEPARTAMENTO,MUNICIPIO,IDUSUARIOCREA,FECHACREACION,IDUSUARIOMODIF,FECHAMODIF,ESTADO) values (137,10,'SAN JUAN ATITAN',5,to_date('05-NOV-23','DD-MON-RR'),5,to_date('05-NOV-23','DD-MON-RR'),1);
Insert into SYSTEM.MUNICIPIO (IDMUNI,DEPARTAMENTO,MUNICIPIO,IDUSUARIOCREA,FECHACREACION,IDUSUARIOMODIF,FECHAMODIF,ESTADO) values (138,10,'SANTA EULALIA',5,to_date('05-NOV-23','DD-MON-RR'),5,to_date('05-NOV-23','DD-MON-RR'),1);
Insert into SYSTEM.MUNICIPIO (IDMUNI,DEPARTAMENTO,MUNICIPIO,IDUSUARIOCREA,FECHACREACION,IDUSUARIOMODIF,FECHAMODIF,ESTADO) values (139,10,'SAN MATEO IXTATAN',5,to_date('05-NOV-23','DD-MON-RR'),5,to_date('05-NOV-23','DD-MON-RR'),1);
Insert into SYSTEM.MUNICIPIO (IDMUNI,DEPARTAMENTO,MUNICIPIO,IDUSUARIOCREA,FECHACREACION,IDUSUARIOMODIF,FECHAMODIF,ESTADO) values (140,10,'COLOTENANGO',5,to_date('05-NOV-23','DD-MON-RR'),5,to_date('05-NOV-23','DD-MON-RR'),1);
Insert into SYSTEM.MUNICIPIO (IDMUNI,DEPARTAMENTO,MUNICIPIO,IDUSUARIOCREA,FECHACREACION,IDUSUARIOMODIF,FECHAMODIF,ESTADO) values (141,10,'SAN SEBASTIAN HUEHUETENANGO',5,to_date('05-NOV-23','DD-MON-RR'),5,to_date('05-NOV-23','DD-MON-RR'),1);
Insert into SYSTEM.MUNICIPIO (IDMUNI,DEPARTAMENTO,MUNICIPIO,IDUSUARIOCREA,FECHACREACION,IDUSUARIOMODIF,FECHAMODIF,ESTADO) values (142,10,'TECTITAN',5,to_date('05-NOV-23','DD-MON-RR'),5,to_date('05-NOV-23','DD-MON-RR'),1);
Insert into SYSTEM.MUNICIPIO (IDMUNI,DEPARTAMENTO,MUNICIPIO,IDUSUARIOCREA,FECHACREACION,IDUSUARIOMODIF,FECHAMODIF,ESTADO) values (143,10,'CONCEPCION HUISTA',5,to_date('05-NOV-23','DD-MON-RR'),5,to_date('05-NOV-23','DD-MON-RR'),1);
Insert into SYSTEM.MUNICIPIO (IDMUNI,DEPARTAMENTO,MUNICIPIO,IDUSUARIOCREA,FECHACREACION,IDUSUARIOMODIF,FECHAMODIF,ESTADO) values (144,10,'SAN JUAN IXCOY',5,to_date('05-NOV-23','DD-MON-RR'),5,to_date('05-NOV-23','DD-MON-RR'),1);
Insert into SYSTEM.MUNICIPIO (IDMUNI,DEPARTAMENTO,MUNICIPIO,IDUSUARIOCREA,FECHACREACION,IDUSUARIOMODIF,FECHAMODIF,ESTADO) values (145,10,'SAN ANTONIO HUISTA',5,to_date('05-NOV-23','DD-MON-RR'),5,to_date('05-NOV-23','DD-MON-RR'),1);
Insert into SYSTEM.MUNICIPIO (IDMUNI,DEPARTAMENTO,MUNICIPIO,IDUSUARIOCREA,FECHACREACION,IDUSUARIOMODIF,FECHAMODIF,ESTADO) values (146,10,'SAN SEBASTIAN COATAN',5,to_date('05-NOV-23','DD-MON-RR'),5,to_date('05-NOV-23','DD-MON-RR'),1);
Insert into SYSTEM.MUNICIPIO (IDMUNI,DEPARTAMENTO,MUNICIPIO,IDUSUARIOCREA,FECHACREACION,IDUSUARIOMODIF,FECHAMODIF,ESTADO) values (147,10,'SANTA CRUZ BARILLAS',5,to_date('05-NOV-23','DD-MON-RR'),5,to_date('05-NOV-23','DD-MON-RR'),1);
Insert into SYSTEM.MUNICIPIO (IDMUNI,DEPARTAMENTO,MUNICIPIO,IDUSUARIOCREA,FECHACREACION,IDUSUARIOMODIF,FECHAMODIF,ESTADO) values (148,10,'AGUACATAN',5,to_date('05-NOV-23','DD-MON-RR'),5,to_date('05-NOV-23','DD-MON-RR'),1);
Insert into SYSTEM.MUNICIPIO (IDMUNI,DEPARTAMENTO,MUNICIPIO,IDUSUARIOCREA,FECHACREACION,IDUSUARIOMODIF,FECHAMODIF,ESTADO) values (149,10,'SAN RAFAEL PETZAL',5,to_date('05-NOV-23','DD-MON-RR'),5,to_date('05-NOV-23','DD-MON-RR'),1);
Insert into SYSTEM.MUNICIPIO (IDMUNI,DEPARTAMENTO,MUNICIPIO,IDUSUARIOCREA,FECHACREACION,IDUSUARIOMODIF,FECHAMODIF,ESTADO) values (150,10,'SAN GASPAR IXCHIL',5,to_date('05-NOV-23','DD-MON-RR'),5,to_date('05-NOV-23','DD-MON-RR'),1);
Insert into SYSTEM.MUNICIPIO (IDMUNI,DEPARTAMENTO,MUNICIPIO,IDUSUARIOCREA,FECHACREACION,IDUSUARIOMODIF,FECHAMODIF,ESTADO) values (151,10,'SANTIAGO CHIMALTENANGO',5,to_date('05-NOV-23','DD-MON-RR'),5,to_date('05-NOV-23','DD-MON-RR'),1);
Insert into SYSTEM.MUNICIPIO (IDMUNI,DEPARTAMENTO,MUNICIPIO,IDUSUARIOCREA,FECHACREACION,IDUSUARIOMODIF,FECHAMODIF,ESTADO) values (152,10,'SANTA ANA HUISTA',5,to_date('05-NOV-23','DD-MON-RR'),5,to_date('05-NOV-23','DD-MON-RR'),1);
Insert into SYSTEM.MUNICIPIO (IDMUNI,DEPARTAMENTO,MUNICIPIO,IDUSUARIOCREA,FECHACREACION,IDUSUARIOMODIF,FECHAMODIF,ESTADO) values (153,10,'PETATAN',5,to_date('05-NOV-23','DD-MON-RR'),5,to_date('05-NOV-23','DD-MON-RR'),1);
Insert into SYSTEM.MUNICIPIO (IDMUNI,DEPARTAMENTO,MUNICIPIO,IDUSUARIOCREA,FECHACREACION,IDUSUARIOMODIF,FECHAMODIF,ESTADO) values (154,10,'UNION CANTINIL',5,to_date('05-NOV-23','DD-MON-RR'),5,to_date('05-NOV-23','DD-MON-RR'),1);
Insert into SYSTEM.MUNICIPIO (IDMUNI,DEPARTAMENTO,MUNICIPIO,IDUSUARIOCREA,FECHACREACION,IDUSUARIOMODIF,FECHAMODIF,ESTADO) values (155,11,'PUERTO BARRIOS',5,to_date('05-NOV-23','DD-MON-RR'),5,to_date('05-NOV-23','DD-MON-RR'),1);
Insert into SYSTEM.MUNICIPIO (IDMUNI,DEPARTAMENTO,MUNICIPIO,IDUSUARIOCREA,FECHACREACION,IDUSUARIOMODIF,FECHAMODIF,ESTADO) values (156,11,'LIVINGSTON',5,to_date('05-NOV-23','DD-MON-RR'),5,to_date('05-NOV-23','DD-MON-RR'),1);
Insert into SYSTEM.MUNICIPIO (IDMUNI,DEPARTAMENTO,MUNICIPIO,IDUSUARIOCREA,FECHACREACION,IDUSUARIOMODIF,FECHAMODIF,ESTADO) values (157,11,'EL ESTOR',5,to_date('05-NOV-23','DD-MON-RR'),5,to_date('05-NOV-23','DD-MON-RR'),1);
Insert into SYSTEM.MUNICIPIO (IDMUNI,DEPARTAMENTO,MUNICIPIO,IDUSUARIOCREA,FECHACREACION,IDUSUARIOMODIF,FECHAMODIF,ESTADO) values (158,11,'MORALES',5,to_date('05-NOV-23','DD-MON-RR'),5,to_date('05-NOV-23','DD-MON-RR'),1);
Insert into SYSTEM.MUNICIPIO (IDMUNI,DEPARTAMENTO,MUNICIPIO,IDUSUARIOCREA,FECHACREACION,IDUSUARIOMODIF,FECHAMODIF,ESTADO) values (159,11,'LOS AMATES',5,to_date('05-NOV-23','DD-MON-RR'),5,to_date('05-NOV-23','DD-MON-RR'),1);
Insert into SYSTEM.MUNICIPIO (IDMUNI,DEPARTAMENTO,MUNICIPIO,IDUSUARIOCREA,FECHACREACION,IDUSUARIOMODIF,FECHAMODIF,ESTADO) values (160,12,'JALAPA',5,to_date('05-NOV-23','DD-MON-RR'),5,to_date('05-NOV-23','DD-MON-RR'),1);
Insert into SYSTEM.MUNICIPIO (IDMUNI,DEPARTAMENTO,MUNICIPIO,IDUSUARIOCREA,FECHACREACION,IDUSUARIOMODIF,FECHAMODIF,ESTADO) values (161,12,'SAN PEDRO PINULA',5,to_date('05-NOV-23','DD-MON-RR'),5,to_date('05-NOV-23','DD-MON-RR'),1);
Insert into SYSTEM.MUNICIPIO (IDMUNI,DEPARTAMENTO,MUNICIPIO,IDUSUARIOCREA,FECHACREACION,IDUSUARIOMODIF,FECHAMODIF,ESTADO) values (162,12,'SAN LUIS JILOTEPEQUE',5,to_date('05-NOV-23','DD-MON-RR'),5,to_date('05-NOV-23','DD-MON-RR'),1);
Insert into SYSTEM.MUNICIPIO (IDMUNI,DEPARTAMENTO,MUNICIPIO,IDUSUARIOCREA,FECHACREACION,IDUSUARIOMODIF,FECHAMODIF,ESTADO) values (163,12,'SAN MANUEL CHAPARRON',5,to_date('05-NOV-23','DD-MON-RR'),5,to_date('05-NOV-23','DD-MON-RR'),1);
Insert into SYSTEM.MUNICIPIO (IDMUNI,DEPARTAMENTO,MUNICIPIO,IDUSUARIOCREA,FECHACREACION,IDUSUARIOMODIF,FECHAMODIF,ESTADO) values (164,12,'SAN CARLOS ALZATATE',5,to_date('05-NOV-23','DD-MON-RR'),5,to_date('05-NOV-23','DD-MON-RR'),1);
Insert into SYSTEM.MUNICIPIO (IDMUNI,DEPARTAMENTO,MUNICIPIO,IDUSUARIOCREA,FECHACREACION,IDUSUARIOMODIF,FECHAMODIF,ESTADO) values (165,12,'MONJAS',5,to_date('05-NOV-23','DD-MON-RR'),5,to_date('05-NOV-23','DD-MON-RR'),1);
Insert into SYSTEM.MUNICIPIO (IDMUNI,DEPARTAMENTO,MUNICIPIO,IDUSUARIOCREA,FECHACREACION,IDUSUARIOMODIF,FECHAMODIF,ESTADO) values (166,12,'MATAQUESCUINTLA',5,to_date('05-NOV-23','DD-MON-RR'),5,to_date('05-NOV-23','DD-MON-RR'),1);
Insert into SYSTEM.MUNICIPIO (IDMUNI,DEPARTAMENTO,MUNICIPIO,IDUSUARIOCREA,FECHACREACION,IDUSUARIOMODIF,FECHAMODIF,ESTADO) values (167,13,'JUTIAPA',5,to_date('05-NOV-23','DD-MON-RR'),5,to_date('05-NOV-23','DD-MON-RR'),1);
Insert into SYSTEM.MUNICIPIO (IDMUNI,DEPARTAMENTO,MUNICIPIO,IDUSUARIOCREA,FECHACREACION,IDUSUARIOMODIF,FECHAMODIF,ESTADO) values (168,13,'EL PROGRESO',5,to_date('05-NOV-23','DD-MON-RR'),5,to_date('05-NOV-23','DD-MON-RR'),1);
Insert into SYSTEM.MUNICIPIO (IDMUNI,DEPARTAMENTO,MUNICIPIO,IDUSUARIOCREA,FECHACREACION,IDUSUARIOMODIF,FECHAMODIF,ESTADO) values (169,13,'SANTA CATARINA MITA',5,to_date('05-NOV-23','DD-MON-RR'),5,to_date('05-NOV-23','DD-MON-RR'),1);
Insert into SYSTEM.MUNICIPIO (IDMUNI,DEPARTAMENTO,MUNICIPIO,IDUSUARIOCREA,FECHACREACION,IDUSUARIOMODIF,FECHAMODIF,ESTADO) values (170,13,'AGUA BLANCA',5,to_date('05-NOV-23','DD-MON-RR'),5,to_date('05-NOV-23','DD-MON-RR'),1);
Insert into SYSTEM.MUNICIPIO (IDMUNI,DEPARTAMENTO,MUNICIPIO,IDUSUARIOCREA,FECHACREACION,IDUSUARIOMODIF,FECHAMODIF,ESTADO) values (171,13,'ASUNCION MITA',5,to_date('05-NOV-23','DD-MON-RR'),5,to_date('05-NOV-23','DD-MON-RR'),1);
Insert into SYSTEM.MUNICIPIO (IDMUNI,DEPARTAMENTO,MUNICIPIO,IDUSUARIOCREA,FECHACREACION,IDUSUARIOMODIF,FECHAMODIF,ESTADO) values (172,13,'YUPILTEPEQUE',5,to_date('05-NOV-23','DD-MON-RR'),5,to_date('05-NOV-23','DD-MON-RR'),1);
Insert into SYSTEM.MUNICIPIO (IDMUNI,DEPARTAMENTO,MUNICIPIO,IDUSUARIOCREA,FECHACREACION,IDUSUARIOMODIF,FECHAMODIF,ESTADO) values (173,13,'ATESCATEMPA',5,to_date('05-NOV-23','DD-MON-RR'),5,to_date('05-NOV-23','DD-MON-RR'),1);
Insert into SYSTEM.MUNICIPIO (IDMUNI,DEPARTAMENTO,MUNICIPIO,IDUSUARIOCREA,FECHACREACION,IDUSUARIOMODIF,FECHAMODIF,ESTADO) values (174,13,'JEREZ',5,to_date('05-NOV-23','DD-MON-RR'),5,to_date('05-NOV-23','DD-MON-RR'),1);
Insert into SYSTEM.MUNICIPIO (IDMUNI,DEPARTAMENTO,MUNICIPIO,IDUSUARIOCREA,FECHACREACION,IDUSUARIOMODIF,FECHAMODIF,ESTADO) values (175,13,'EL ADELANTO',5,to_date('05-NOV-23','DD-MON-RR'),5,to_date('05-NOV-23','DD-MON-RR'),1);
Insert into SYSTEM.MUNICIPIO (IDMUNI,DEPARTAMENTO,MUNICIPIO,IDUSUARIOCREA,FECHACREACION,IDUSUARIOMODIF,FECHAMODIF,ESTADO) values (176,13,'ZAPOTITLAN',5,to_date('05-NOV-23','DD-MON-RR'),5,to_date('05-NOV-23','DD-MON-RR'),1);
Insert into SYSTEM.MUNICIPIO (IDMUNI,DEPARTAMENTO,MUNICIPIO,IDUSUARIOCREA,FECHACREACION,IDUSUARIOMODIF,FECHAMODIF,ESTADO) values (177,13,'COMAPA',5,to_date('05-NOV-23','DD-MON-RR'),5,to_date('05-NOV-23','DD-MON-RR'),1);
Insert into SYSTEM.MUNICIPIO (IDMUNI,DEPARTAMENTO,MUNICIPIO,IDUSUARIOCREA,FECHACREACION,IDUSUARIOMODIF,FECHAMODIF,ESTADO) values (178,13,'JAPATAGUA',5,to_date('05-NOV-23','DD-MON-RR'),5,to_date('05-NOV-23','DD-MON-RR'),1);
Insert into SYSTEM.MUNICIPIO (IDMUNI,DEPARTAMENTO,MUNICIPIO,IDUSUARIOCREA,FECHACREACION,IDUSUARIOMODIF,FECHAMODIF,ESTADO) values (179,13,'CONGUACO',5,to_date('05-NOV-23','DD-MON-RR'),5,to_date('05-NOV-23','DD-MON-RR'),1);
Insert into SYSTEM.MUNICIPIO (IDMUNI,DEPARTAMENTO,MUNICIPIO,IDUSUARIOCREA,FECHACREACION,IDUSUARIOMODIF,FECHAMODIF,ESTADO) values (180,13,'MOYUTA',5,to_date('05-NOV-23','DD-MON-RR'),5,to_date('05-NOV-23','DD-MON-RR'),1);
Insert into SYSTEM.MUNICIPIO (IDMUNI,DEPARTAMENTO,MUNICIPIO,IDUSUARIOCREA,FECHACREACION,IDUSUARIOMODIF,FECHAMODIF,ESTADO) values (181,13,'PASACO',5,to_date('05-NOV-23','DD-MON-RR'),5,to_date('05-NOV-23','DD-MON-RR'),1);
Insert into SYSTEM.MUNICIPIO (IDMUNI,DEPARTAMENTO,MUNICIPIO,IDUSUARIOCREA,FECHACREACION,IDUSUARIOMODIF,FECHAMODIF,ESTADO) values (182,13,'SAN JOSE ACATEMPA',5,to_date('05-NOV-23','DD-MON-RR'),5,to_date('05-NOV-23','DD-MON-RR'),1);
Insert into SYSTEM.MUNICIPIO (IDMUNI,DEPARTAMENTO,MUNICIPIO,IDUSUARIOCREA,FECHACREACION,IDUSUARIOMODIF,FECHAMODIF,ESTADO) values (183,13,'QUEZADA',5,to_date('05-NOV-23','DD-MON-RR'),5,to_date('05-NOV-23','DD-MON-RR'),1);
Insert into SYSTEM.MUNICIPIO (IDMUNI,DEPARTAMENTO,MUNICIPIO,IDUSUARIOCREA,FECHACREACION,IDUSUARIOMODIF,FECHAMODIF,ESTADO) values (184,14,'QUETZALTENANGO',5,to_date('05-NOV-23','DD-MON-RR'),5,to_date('05-NOV-23','DD-MON-RR'),1);
Insert into SYSTEM.MUNICIPIO (IDMUNI,DEPARTAMENTO,MUNICIPIO,IDUSUARIOCREA,FECHACREACION,IDUSUARIOMODIF,FECHAMODIF,ESTADO) values (185,14,'SALCAJA',5,to_date('05-NOV-23','DD-MON-RR'),5,to_date('05-NOV-23','DD-MON-RR'),1);
Insert into SYSTEM.MUNICIPIO (IDMUNI,DEPARTAMENTO,MUNICIPIO,IDUSUARIOCREA,FECHACREACION,IDUSUARIOMODIF,FECHAMODIF,ESTADO) values (186,14,'OLINTEPEQUE',5,to_date('05-NOV-23','DD-MON-RR'),5,to_date('05-NOV-23','DD-MON-RR'),1);
Insert into SYSTEM.MUNICIPIO (IDMUNI,DEPARTAMENTO,MUNICIPIO,IDUSUARIOCREA,FECHACREACION,IDUSUARIOMODIF,FECHAMODIF,ESTADO) values (187,14,'SAN CARLOS SIJA',5,to_date('05-NOV-23','DD-MON-RR'),5,to_date('05-NOV-23','DD-MON-RR'),1);
Insert into SYSTEM.MUNICIPIO (IDMUNI,DEPARTAMENTO,MUNICIPIO,IDUSUARIOCREA,FECHACREACION,IDUSUARIOMODIF,FECHAMODIF,ESTADO) values (188,14,'SIBILIA',5,to_date('05-NOV-23','DD-MON-RR'),5,to_date('05-NOV-23','DD-MON-RR'),1);
Insert into SYSTEM.MUNICIPIO (IDMUNI,DEPARTAMENTO,MUNICIPIO,IDUSUARIOCREA,FECHACREACION,IDUSUARIOMODIF,FECHAMODIF,ESTADO) values (189,14,'CABRICAN',5,to_date('05-NOV-23','DD-MON-RR'),5,to_date('05-NOV-23','DD-MON-RR'),1);
Insert into SYSTEM.MUNICIPIO (IDMUNI,DEPARTAMENTO,MUNICIPIO,IDUSUARIOCREA,FECHACREACION,IDUSUARIOMODIF,FECHAMODIF,ESTADO) values (190,14,'CAJOLA',5,to_date('05-NOV-23','DD-MON-RR'),5,to_date('05-NOV-23','DD-MON-RR'),1);
Insert into SYSTEM.MUNICIPIO (IDMUNI,DEPARTAMENTO,MUNICIPIO,IDUSUARIOCREA,FECHACREACION,IDUSUARIOMODIF,FECHAMODIF,ESTADO) values (191,14,'SAN MIGUEL SIQUILCA',5,to_date('05-NOV-23','DD-MON-RR'),5,to_date('05-NOV-23','DD-MON-RR'),1);
Insert into SYSTEM.MUNICIPIO (IDMUNI,DEPARTAMENTO,MUNICIPIO,IDUSUARIOCREA,FECHACREACION,IDUSUARIOMODIF,FECHAMODIF,ESTADO) values (192,14,'SAN JUAN OSTUNCALCO',5,to_date('05-NOV-23','DD-MON-RR'),5,to_date('05-NOV-23','DD-MON-RR'),1);
Insert into SYSTEM.MUNICIPIO (IDMUNI,DEPARTAMENTO,MUNICIPIO,IDUSUARIOCREA,FECHACREACION,IDUSUARIOMODIF,FECHAMODIF,ESTADO) values (193,14,'SAN MATEO',5,to_date('05-NOV-23','DD-MON-RR'),5,to_date('05-NOV-23','DD-MON-RR'),1);
Insert into SYSTEM.MUNICIPIO (IDMUNI,DEPARTAMENTO,MUNICIPIO,IDUSUARIOCREA,FECHACREACION,IDUSUARIOMODIF,FECHAMODIF,ESTADO) values (194,14,'CONCEPCION CHIQUIRICHAPA',5,to_date('05-NOV-23','DD-MON-RR'),5,to_date('05-NOV-23','DD-MON-RR'),1);
Insert into SYSTEM.MUNICIPIO (IDMUNI,DEPARTAMENTO,MUNICIPIO,IDUSUARIOCREA,FECHACREACION,IDUSUARIOMODIF,FECHAMODIF,ESTADO) values (195,14,'SAN MARTIN SACATEPEQUEZ',5,to_date('05-NOV-23','DD-MON-RR'),5,to_date('05-NOV-23','DD-MON-RR'),1);
Insert into SYSTEM.MUNICIPIO (IDMUNI,DEPARTAMENTO,MUNICIPIO,IDUSUARIOCREA,FECHACREACION,IDUSUARIOMODIF,FECHAMODIF,ESTADO) values (196,14,'ALMOLONGA',5,to_date('05-NOV-23','DD-MON-RR'),5,to_date('05-NOV-23','DD-MON-RR'),1);
Insert into SYSTEM.MUNICIPIO (IDMUNI,DEPARTAMENTO,MUNICIPIO,IDUSUARIOCREA,FECHACREACION,IDUSUARIOMODIF,FECHAMODIF,ESTADO) values (197,14,'CANTEL',5,to_date('05-NOV-23','DD-MON-RR'),5,to_date('05-NOV-23','DD-MON-RR'),1);
Insert into SYSTEM.MUNICIPIO (IDMUNI,DEPARTAMENTO,MUNICIPIO,IDUSUARIOCREA,FECHACREACION,IDUSUARIOMODIF,FECHAMODIF,ESTADO) values (198,14,'HUITAN',5,to_date('05-NOV-23','DD-MON-RR'),5,to_date('05-NOV-23','DD-MON-RR'),1);
Insert into SYSTEM.MUNICIPIO (IDMUNI,DEPARTAMENTO,MUNICIPIO,IDUSUARIOCREA,FECHACREACION,IDUSUARIOMODIF,FECHAMODIF,ESTADO) values (199,14,'ZUNIL',5,to_date('05-NOV-23','DD-MON-RR'),5,to_date('05-NOV-23','DD-MON-RR'),1);
Insert into SYSTEM.MUNICIPIO (IDMUNI,DEPARTAMENTO,MUNICIPIO,IDUSUARIOCREA,FECHACREACION,IDUSUARIOMODIF,FECHAMODIF,ESTADO) values (200,14,'COLOMBA',5,to_date('05-NOV-23','DD-MON-RR'),5,to_date('05-NOV-23','DD-MON-RR'),1);
Insert into SYSTEM.MUNICIPIO (IDMUNI,DEPARTAMENTO,MUNICIPIO,IDUSUARIOCREA,FECHACREACION,IDUSUARIOMODIF,FECHAMODIF,ESTADO) values (201,14,'SAN FRANCISCO LA UNION',5,to_date('05-NOV-23','DD-MON-RR'),5,to_date('05-NOV-23','DD-MON-RR'),1);
Insert into SYSTEM.MUNICIPIO (IDMUNI,DEPARTAMENTO,MUNICIPIO,IDUSUARIOCREA,FECHACREACION,IDUSUARIOMODIF,FECHAMODIF,ESTADO) values (202,14,'EL PALMAR',5,to_date('05-NOV-23','DD-MON-RR'),5,to_date('05-NOV-23','DD-MON-RR'),1);
Insert into SYSTEM.MUNICIPIO (IDMUNI,DEPARTAMENTO,MUNICIPIO,IDUSUARIOCREA,FECHACREACION,IDUSUARIOMODIF,FECHAMODIF,ESTADO) values (203,14,'COATEPEQUE',5,to_date('05-NOV-23','DD-MON-RR'),5,to_date('05-NOV-23','DD-MON-RR'),1);
Insert into SYSTEM.MUNICIPIO (IDMUNI,DEPARTAMENTO,MUNICIPIO,IDUSUARIOCREA,FECHACREACION,IDUSUARIOMODIF,FECHAMODIF,ESTADO) values (204,14,'GENOVA',5,to_date('05-NOV-23','DD-MON-RR'),5,to_date('05-NOV-23','DD-MON-RR'),1);
Insert into SYSTEM.MUNICIPIO (IDMUNI,DEPARTAMENTO,MUNICIPIO,IDUSUARIOCREA,FECHACREACION,IDUSUARIOMODIF,FECHAMODIF,ESTADO) values (205,14,'FLORES COSTA CUCA',5,to_date('05-NOV-23','DD-MON-RR'),5,to_date('05-NOV-23','DD-MON-RR'),1);
Insert into SYSTEM.MUNICIPIO (IDMUNI,DEPARTAMENTO,MUNICIPIO,IDUSUARIOCREA,FECHACREACION,IDUSUARIOMODIF,FECHAMODIF,ESTADO) values (206,14,'LA ESPERANZA',5,to_date('05-NOV-23','DD-MON-RR'),5,to_date('05-NOV-23','DD-MON-RR'),1);
Insert into SYSTEM.MUNICIPIO (IDMUNI,DEPARTAMENTO,MUNICIPIO,IDUSUARIOCREA,FECHACREACION,IDUSUARIOMODIF,FECHAMODIF,ESTADO) values (207,14,'PALESTINA DE LOS ALTOS',5,to_date('05-NOV-23','DD-MON-RR'),5,to_date('05-NOV-23','DD-MON-RR'),1);
Insert into SYSTEM.MUNICIPIO (IDMUNI,DEPARTAMENTO,MUNICIPIO,IDUSUARIOCREA,FECHACREACION,IDUSUARIOMODIF,FECHAMODIF,ESTADO) values (208,15,'RETALHUELU',5,to_date('05-NOV-23','DD-MON-RR'),5,to_date('05-NOV-23','DD-MON-RR'),1);
Insert into SYSTEM.MUNICIPIO (IDMUNI,DEPARTAMENTO,MUNICIPIO,IDUSUARIOCREA,FECHACREACION,IDUSUARIOMODIF,FECHAMODIF,ESTADO) values (209,15,'SAN SEBASTIAN',5,to_date('05-NOV-23','DD-MON-RR'),5,to_date('05-NOV-23','DD-MON-RR'),1);
Insert into SYSTEM.MUNICIPIO (IDMUNI,DEPARTAMENTO,MUNICIPIO,IDUSUARIOCREA,FECHACREACION,IDUSUARIOMODIF,FECHAMODIF,ESTADO) values (210,15,'SANTA CRUZ MULUA',5,to_date('05-NOV-23','DD-MON-RR'),5,to_date('05-NOV-23','DD-MON-RR'),1);
Insert into SYSTEM.MUNICIPIO (IDMUNI,DEPARTAMENTO,MUNICIPIO,IDUSUARIOCREA,FECHACREACION,IDUSUARIOMODIF,FECHAMODIF,ESTADO) values (211,15,'SAN MARTIN ZAPOTITLAN',5,to_date('05-NOV-23','DD-MON-RR'),5,to_date('05-NOV-23','DD-MON-RR'),1);
Insert into SYSTEM.MUNICIPIO (IDMUNI,DEPARTAMENTO,MUNICIPIO,IDUSUARIOCREA,FECHACREACION,IDUSUARIOMODIF,FECHAMODIF,ESTADO) values (212,15,'SAN FELIPE RETALHUELEU',5,to_date('05-NOV-23','DD-MON-RR'),5,to_date('05-NOV-23','DD-MON-RR'),1);
Insert into SYSTEM.MUNICIPIO (IDMUNI,DEPARTAMENTO,MUNICIPIO,IDUSUARIOCREA,FECHACREACION,IDUSUARIOMODIF,FECHAMODIF,ESTADO) values (213,15,'SAN ANDRES VILLA SECA',5,to_date('05-NOV-23','DD-MON-RR'),5,to_date('05-NOV-23','DD-MON-RR'),1);
Insert into SYSTEM.MUNICIPIO (IDMUNI,DEPARTAMENTO,MUNICIPIO,IDUSUARIOCREA,FECHACREACION,IDUSUARIOMODIF,FECHAMODIF,ESTADO) values (214,15,'CHAMPERICO',5,to_date('05-NOV-23','DD-MON-RR'),5,to_date('05-NOV-23','DD-MON-RR'),1);
Insert into SYSTEM.MUNICIPIO (IDMUNI,DEPARTAMENTO,MUNICIPIO,IDUSUARIOCREA,FECHACREACION,IDUSUARIOMODIF,FECHAMODIF,ESTADO) values (215,15,'NUEVO SAN CARLOS',5,to_date('05-NOV-23','DD-MON-RR'),5,to_date('05-NOV-23','DD-MON-RR'),1);
Insert into SYSTEM.MUNICIPIO (IDMUNI,DEPARTAMENTO,MUNICIPIO,IDUSUARIOCREA,FECHACREACION,IDUSUARIOMODIF,FECHAMODIF,ESTADO) values (216,15,'EL ASINTAL',5,to_date('05-NOV-23','DD-MON-RR'),5,to_date('05-NOV-23','DD-MON-RR'),1);
Insert into SYSTEM.MUNICIPIO (IDMUNI,DEPARTAMENTO,MUNICIPIO,IDUSUARIOCREA,FECHACREACION,IDUSUARIOMODIF,FECHAMODIF,ESTADO) values (217,16,'ANTIGUA GUATEMALA',5,to_date('05-NOV-23','DD-MON-RR'),5,to_date('05-NOV-23','DD-MON-RR'),1);
Insert into SYSTEM.MUNICIPIO (IDMUNI,DEPARTAMENTO,MUNICIPIO,IDUSUARIOCREA,FECHACREACION,IDUSUARIOMODIF,FECHAMODIF,ESTADO) values (218,16,'JOCOTENANGO',5,to_date('05-NOV-23','DD-MON-RR'),5,to_date('05-NOV-23','DD-MON-RR'),1);
Insert into SYSTEM.MUNICIPIO (IDMUNI,DEPARTAMENTO,MUNICIPIO,IDUSUARIOCREA,FECHACREACION,IDUSUARIOMODIF,FECHAMODIF,ESTADO) values (219,16,'PASTORES',5,to_date('05-NOV-23','DD-MON-RR'),5,to_date('05-NOV-23','DD-MON-RR'),1);
Insert into SYSTEM.MUNICIPIO (IDMUNI,DEPARTAMENTO,MUNICIPIO,IDUSUARIOCREA,FECHACREACION,IDUSUARIOMODIF,FECHAMODIF,ESTADO) values (220,16,'SUMPANGO',5,to_date('05-NOV-23','DD-MON-RR'),5,to_date('05-NOV-23','DD-MON-RR'),1);
Insert into SYSTEM.MUNICIPIO (IDMUNI,DEPARTAMENTO,MUNICIPIO,IDUSUARIOCREA,FECHACREACION,IDUSUARIOMODIF,FECHAMODIF,ESTADO) values (221,16,'SANTO DOMINGO XENACOJ',5,to_date('05-NOV-23','DD-MON-RR'),5,to_date('05-NOV-23','DD-MON-RR'),1);
Insert into SYSTEM.MUNICIPIO (IDMUNI,DEPARTAMENTO,MUNICIPIO,IDUSUARIOCREA,FECHACREACION,IDUSUARIOMODIF,FECHAMODIF,ESTADO) values (222,16,'SANTIAGO SACATEPEQUEZ',5,to_date('05-NOV-23','DD-MON-RR'),5,to_date('05-NOV-23','DD-MON-RR'),1);
Insert into SYSTEM.MUNICIPIO (IDMUNI,DEPARTAMENTO,MUNICIPIO,IDUSUARIOCREA,FECHACREACION,IDUSUARIOMODIF,FECHAMODIF,ESTADO) values (223,16,'SAN BARTOLOME MILPAS ALTAS',5,to_date('05-NOV-23','DD-MON-RR'),5,to_date('05-NOV-23','DD-MON-RR'),1);
Insert into SYSTEM.MUNICIPIO (IDMUNI,DEPARTAMENTO,MUNICIPIO,IDUSUARIOCREA,FECHACREACION,IDUSUARIOMODIF,FECHAMODIF,ESTADO) values (224,16,'SAN LUCAS SACATEPEQUEZ',5,to_date('05-NOV-23','DD-MON-RR'),5,to_date('05-NOV-23','DD-MON-RR'),1);
Insert into SYSTEM.MUNICIPIO (IDMUNI,DEPARTAMENTO,MUNICIPIO,IDUSUARIOCREA,FECHACREACION,IDUSUARIOMODIF,FECHAMODIF,ESTADO) values (225,16,'SANTA LUCIA MILPAS ALTAS',5,to_date('05-NOV-23','DD-MON-RR'),5,to_date('05-NOV-23','DD-MON-RR'),1);
Insert into SYSTEM.MUNICIPIO (IDMUNI,DEPARTAMENTO,MUNICIPIO,IDUSUARIOCREA,FECHACREACION,IDUSUARIOMODIF,FECHAMODIF,ESTADO) values (226,16,'MAGDALENA MILPAS ALTAS',5,to_date('05-NOV-23','DD-MON-RR'),5,to_date('05-NOV-23','DD-MON-RR'),1);
Insert into SYSTEM.MUNICIPIO (IDMUNI,DEPARTAMENTO,MUNICIPIO,IDUSUARIOCREA,FECHACREACION,IDUSUARIOMODIF,FECHAMODIF,ESTADO) values (227,16,'SATA MARIA DE JESUS',5,to_date('05-NOV-23','DD-MON-RR'),5,to_date('05-NOV-23','DD-MON-RR'),1);
Insert into SYSTEM.MUNICIPIO (IDMUNI,DEPARTAMENTO,MUNICIPIO,IDUSUARIOCREA,FECHACREACION,IDUSUARIOMODIF,FECHAMODIF,ESTADO) values (228,16,'CIUDAD VIEJA',5,to_date('05-NOV-23','DD-MON-RR'),5,to_date('05-NOV-23','DD-MON-RR'),1);
Insert into SYSTEM.MUNICIPIO (IDMUNI,DEPARTAMENTO,MUNICIPIO,IDUSUARIOCREA,FECHACREACION,IDUSUARIOMODIF,FECHAMODIF,ESTADO) values (229,16,'SAN MIGUEL DUEÑAS',5,to_date('05-NOV-23','DD-MON-RR'),5,to_date('05-NOV-23','DD-MON-RR'),1);
Insert into SYSTEM.MUNICIPIO (IDMUNI,DEPARTAMENTO,MUNICIPIO,IDUSUARIOCREA,FECHACREACION,IDUSUARIOMODIF,FECHAMODIF,ESTADO) values (230,16,'SAN JUAN ALOTENANGO',5,to_date('05-NOV-23','DD-MON-RR'),5,to_date('05-NOV-23','DD-MON-RR'),1);
Insert into SYSTEM.MUNICIPIO (IDMUNI,DEPARTAMENTO,MUNICIPIO,IDUSUARIOCREA,FECHACREACION,IDUSUARIOMODIF,FECHAMODIF,ESTADO) values (231,16,'SAN ANTONIO AGUAS CALIENTES',5,to_date('05-NOV-23','DD-MON-RR'),5,to_date('05-NOV-23','DD-MON-RR'),1);
Insert into SYSTEM.MUNICIPIO (IDMUNI,DEPARTAMENTO,MUNICIPIO,IDUSUARIOCREA,FECHACREACION,IDUSUARIOMODIF,FECHAMODIF,ESTADO) values (232,16,'SANTA CATARINA BARAHONA',5,to_date('05-NOV-23','DD-MON-RR'),5,to_date('05-NOV-23','DD-MON-RR'),1);
Insert into SYSTEM.MUNICIPIO (IDMUNI,DEPARTAMENTO,MUNICIPIO,IDUSUARIOCREA,FECHACREACION,IDUSUARIOMODIF,FECHAMODIF,ESTADO) values (233,17,'SAN MARCOS',5,to_date('05-NOV-23','DD-MON-RR'),5,to_date('05-NOV-23','DD-MON-RR'),1);
Insert into SYSTEM.MUNICIPIO (IDMUNI,DEPARTAMENTO,MUNICIPIO,IDUSUARIOCREA,FECHACREACION,IDUSUARIOMODIF,FECHAMODIF,ESTADO) values (234,17,'SAN PEDRO SACATEPEQUEZ',5,to_date('05-NOV-23','DD-MON-RR'),5,to_date('05-NOV-23','DD-MON-RR'),1);
Insert into SYSTEM.MUNICIPIO (IDMUNI,DEPARTAMENTO,MUNICIPIO,IDUSUARIOCREA,FECHACREACION,IDUSUARIOMODIF,FECHAMODIF,ESTADO) values (235,17,'COMITANCILLO',5,to_date('05-NOV-23','DD-MON-RR'),5,to_date('05-NOV-23','DD-MON-RR'),1);
Insert into SYSTEM.MUNICIPIO (IDMUNI,DEPARTAMENTO,MUNICIPIO,IDUSUARIOCREA,FECHACREACION,IDUSUARIOMODIF,FECHAMODIF,ESTADO) values (236,17,'SAN ANTONIO SACATEPEQUEZ',5,to_date('05-NOV-23','DD-MON-RR'),5,to_date('05-NOV-23','DD-MON-RR'),1);
Insert into SYSTEM.MUNICIPIO (IDMUNI,DEPARTAMENTO,MUNICIPIO,IDUSUARIOCREA,FECHACREACION,IDUSUARIOMODIF,FECHAMODIF,ESTADO) values (237,17,'SAN MIGUEL IXTAHUACAN',5,to_date('05-NOV-23','DD-MON-RR'),5,to_date('05-NOV-23','DD-MON-RR'),1);
Insert into SYSTEM.MUNICIPIO (IDMUNI,DEPARTAMENTO,MUNICIPIO,IDUSUARIOCREA,FECHACREACION,IDUSUARIOMODIF,FECHAMODIF,ESTADO) values (238,17,'CONCEPCION TUTUAPA',5,to_date('05-NOV-23','DD-MON-RR'),5,to_date('05-NOV-23','DD-MON-RR'),1);
Insert into SYSTEM.MUNICIPIO (IDMUNI,DEPARTAMENTO,MUNICIPIO,IDUSUARIOCREA,FECHACREACION,IDUSUARIOMODIF,FECHAMODIF,ESTADO) values (239,17,'TACANA',5,to_date('05-NOV-23','DD-MON-RR'),5,to_date('05-NOV-23','DD-MON-RR'),1);
Insert into SYSTEM.MUNICIPIO (IDMUNI,DEPARTAMENTO,MUNICIPIO,IDUSUARIOCREA,FECHACREACION,IDUSUARIOMODIF,FECHAMODIF,ESTADO) values (240,17,'SIBINAL',5,to_date('05-NOV-23','DD-MON-RR'),5,to_date('05-NOV-23','DD-MON-RR'),1);
Insert into SYSTEM.MUNICIPIO (IDMUNI,DEPARTAMENTO,MUNICIPIO,IDUSUARIOCREA,FECHACREACION,IDUSUARIOMODIF,FECHAMODIF,ESTADO) values (241,17,'TAJUMULCO',5,to_date('05-NOV-23','DD-MON-RR'),5,to_date('05-NOV-23','DD-MON-RR'),1);
Insert into SYSTEM.MUNICIPIO (IDMUNI,DEPARTAMENTO,MUNICIPIO,IDUSUARIOCREA,FECHACREACION,IDUSUARIOMODIF,FECHAMODIF,ESTADO) values (242,17,'TEJUTLA',5,to_date('05-NOV-23','DD-MON-RR'),5,to_date('05-NOV-23','DD-MON-RR'),1);
Insert into SYSTEM.MUNICIPIO (IDMUNI,DEPARTAMENTO,MUNICIPIO,IDUSUARIOCREA,FECHACREACION,IDUSUARIOMODIF,FECHAMODIF,ESTADO) values (243,17,'SAN RAFAEL PIE DE LA CUESTA',5,to_date('05-NOV-23','DD-MON-RR'),5,to_date('05-NOV-23','DD-MON-RR'),1);
Insert into SYSTEM.MUNICIPIO (IDMUNI,DEPARTAMENTO,MUNICIPIO,IDUSUARIOCREA,FECHACREACION,IDUSUARIOMODIF,FECHAMODIF,ESTADO) values (244,17,'NUEVO PROGRESO',5,to_date('05-NOV-23','DD-MON-RR'),5,to_date('05-NOV-23','DD-MON-RR'),1);
Insert into SYSTEM.MUNICIPIO (IDMUNI,DEPARTAMENTO,MUNICIPIO,IDUSUARIOCREA,FECHACREACION,IDUSUARIOMODIF,FECHAMODIF,ESTADO) values (245,17,'EL TUMBADOR',5,to_date('05-NOV-23','DD-MON-RR'),5,to_date('05-NOV-23','DD-MON-RR'),1);
Insert into SYSTEM.MUNICIPIO (IDMUNI,DEPARTAMENTO,MUNICIPIO,IDUSUARIOCREA,FECHACREACION,IDUSUARIOMODIF,FECHAMODIF,ESTADO) values (246,17,'SAN JOSE EL RODEO',5,to_date('05-NOV-23','DD-MON-RR'),5,to_date('05-NOV-23','DD-MON-RR'),1);
Insert into SYSTEM.MUNICIPIO (IDMUNI,DEPARTAMENTO,MUNICIPIO,IDUSUARIOCREA,FECHACREACION,IDUSUARIOMODIF,FECHAMODIF,ESTADO) values (247,17,'MALACATAN',5,to_date('05-NOV-23','DD-MON-RR'),5,to_date('05-NOV-23','DD-MON-RR'),1);
Insert into SYSTEM.MUNICIPIO (IDMUNI,DEPARTAMENTO,MUNICIPIO,IDUSUARIOCREA,FECHACREACION,IDUSUARIOMODIF,FECHAMODIF,ESTADO) values (248,17,'CATARINA',5,to_date('05-NOV-23','DD-MON-RR'),5,to_date('05-NOV-23','DD-MON-RR'),1);
Insert into SYSTEM.MUNICIPIO (IDMUNI,DEPARTAMENTO,MUNICIPIO,IDUSUARIOCREA,FECHACREACION,IDUSUARIOMODIF,FECHAMODIF,ESTADO) values (249,17,'AYUTLAN',5,to_date('05-NOV-23','DD-MON-RR'),5,to_date('05-NOV-23','DD-MON-RR'),1);
Insert into SYSTEM.MUNICIPIO (IDMUNI,DEPARTAMENTO,MUNICIPIO,IDUSUARIOCREA,FECHACREACION,IDUSUARIOMODIF,FECHAMODIF,ESTADO) values (250,17,'OCOS',5,to_date('05-NOV-23','DD-MON-RR'),5,to_date('05-NOV-23','DD-MON-RR'),1);
Insert into SYSTEM.MUNICIPIO (IDMUNI,DEPARTAMENTO,MUNICIPIO,IDUSUARIOCREA,FECHACREACION,IDUSUARIOMODIF,FECHAMODIF,ESTADO) values (251,17,'SAN PABLO',5,to_date('05-NOV-23','DD-MON-RR'),5,to_date('05-NOV-23','DD-MON-RR'),1);
Insert into SYSTEM.MUNICIPIO (IDMUNI,DEPARTAMENTO,MUNICIPIO,IDUSUARIOCREA,FECHACREACION,IDUSUARIOMODIF,FECHAMODIF,ESTADO) values (252,17,'EL QUETZAL',5,to_date('05-NOV-23','DD-MON-RR'),5,to_date('05-NOV-23','DD-MON-RR'),1);
Insert into SYSTEM.MUNICIPIO (IDMUNI,DEPARTAMENTO,MUNICIPIO,IDUSUARIOCREA,FECHACREACION,IDUSUARIOMODIF,FECHAMODIF,ESTADO) values (253,17,'LA REFORMA',5,to_date('05-NOV-23','DD-MON-RR'),5,to_date('05-NOV-23','DD-MON-RR'),1);
Insert into SYSTEM.MUNICIPIO (IDMUNI,DEPARTAMENTO,MUNICIPIO,IDUSUARIOCREA,FECHACREACION,IDUSUARIOMODIF,FECHAMODIF,ESTADO) values (254,17,'PAJAPITA',5,to_date('05-NOV-23','DD-MON-RR'),5,to_date('05-NOV-23','DD-MON-RR'),1);
Insert into SYSTEM.MUNICIPIO (IDMUNI,DEPARTAMENTO,MUNICIPIO,IDUSUARIOCREA,FECHACREACION,IDUSUARIOMODIF,FECHAMODIF,ESTADO) values (255,17,'IXCHIGUAN',5,to_date('05-NOV-23','DD-MON-RR'),5,to_date('05-NOV-23','DD-MON-RR'),1);
Insert into SYSTEM.MUNICIPIO (IDMUNI,DEPARTAMENTO,MUNICIPIO,IDUSUARIOCREA,FECHACREACION,IDUSUARIOMODIF,FECHAMODIF,ESTADO) values (256,17,'SAN JOSE OJETENAN',5,to_date('05-NOV-23','DD-MON-RR'),5,to_date('05-NOV-23','DD-MON-RR'),1);
Insert into SYSTEM.MUNICIPIO (IDMUNI,DEPARTAMENTO,MUNICIPIO,IDUSUARIOCREA,FECHACREACION,IDUSUARIOMODIF,FECHAMODIF,ESTADO) values (257,17,'SAN CRISTOBAL CUCHO',5,to_date('05-NOV-23','DD-MON-RR'),5,to_date('05-NOV-23','DD-MON-RR'),1);
Insert into SYSTEM.MUNICIPIO (IDMUNI,DEPARTAMENTO,MUNICIPIO,IDUSUARIOCREA,FECHACREACION,IDUSUARIOMODIF,FECHAMODIF,ESTADO) values (258,17,'SIPACAPA',5,to_date('05-NOV-23','DD-MON-RR'),5,to_date('05-NOV-23','DD-MON-RR'),1);
Insert into SYSTEM.MUNICIPIO (IDMUNI,DEPARTAMENTO,MUNICIPIO,IDUSUARIOCREA,FECHACREACION,IDUSUARIOMODIF,FECHAMODIF,ESTADO) values (259,17,'ESQUIPULAS PALO GORDO',5,to_date('05-NOV-23','DD-MON-RR'),5,to_date('05-NOV-23','DD-MON-RR'),1);
Insert into SYSTEM.MUNICIPIO (IDMUNI,DEPARTAMENTO,MUNICIPIO,IDUSUARIOCREA,FECHACREACION,IDUSUARIOMODIF,FECHAMODIF,ESTADO) values (260,17,'RIO BLANCO',5,to_date('05-NOV-23','DD-MON-RR'),5,to_date('05-NOV-23','DD-MON-RR'),1);
Insert into SYSTEM.MUNICIPIO (IDMUNI,DEPARTAMENTO,MUNICIPIO,IDUSUARIOCREA,FECHACREACION,IDUSUARIOMODIF,FECHAMODIF,ESTADO) values (261,17,'SAN LORENZO',5,to_date('05-NOV-23','DD-MON-RR'),5,to_date('05-NOV-23','DD-MON-RR'),1);
Insert into SYSTEM.MUNICIPIO (IDMUNI,DEPARTAMENTO,MUNICIPIO,IDUSUARIOCREA,FECHACREACION,IDUSUARIOMODIF,FECHAMODIF,ESTADO) values (262,18,'CUILAPA',5,to_date('05-NOV-23','DD-MON-RR'),5,to_date('05-NOV-23','DD-MON-RR'),1);
Insert into SYSTEM.MUNICIPIO (IDMUNI,DEPARTAMENTO,MUNICIPIO,IDUSUARIOCREA,FECHACREACION,IDUSUARIOMODIF,FECHAMODIF,ESTADO) values (263,18,'BARBARENA',5,to_date('05-NOV-23','DD-MON-RR'),5,to_date('05-NOV-23','DD-MON-RR'),1);
Insert into SYSTEM.MUNICIPIO (IDMUNI,DEPARTAMENTO,MUNICIPIO,IDUSUARIOCREA,FECHACREACION,IDUSUARIOMODIF,FECHAMODIF,ESTADO) values (264,18,'SAN ROSA DE LIMA',5,to_date('05-NOV-23','DD-MON-RR'),5,to_date('05-NOV-23','DD-MON-RR'),1);
Insert into SYSTEM.MUNICIPIO (IDMUNI,DEPARTAMENTO,MUNICIPIO,IDUSUARIOCREA,FECHACREACION,IDUSUARIOMODIF,FECHAMODIF,ESTADO) values (265,18,'CASILLAS ',5,to_date('05-NOV-23','DD-MON-RR'),5,to_date('05-NOV-23','DD-MON-RR'),1);
Insert into SYSTEM.MUNICIPIO (IDMUNI,DEPARTAMENTO,MUNICIPIO,IDUSUARIOCREA,FECHACREACION,IDUSUARIOMODIF,FECHAMODIF,ESTADO) values (266,18,'SAN RAFAEL LAS FLORES',5,to_date('05-NOV-23','DD-MON-RR'),5,to_date('05-NOV-23','DD-MON-RR'),1);
Insert into SYSTEM.MUNICIPIO (IDMUNI,DEPARTAMENTO,MUNICIPIO,IDUSUARIOCREA,FECHACREACION,IDUSUARIOMODIF,FECHAMODIF,ESTADO) values (267,18,'ORATORIO',5,to_date('05-NOV-23','DD-MON-RR'),5,to_date('05-NOV-23','DD-MON-RR'),1);
Insert into SYSTEM.MUNICIPIO (IDMUNI,DEPARTAMENTO,MUNICIPIO,IDUSUARIOCREA,FECHACREACION,IDUSUARIOMODIF,FECHAMODIF,ESTADO) values (268,18,'SAN JUAN TECUACO',5,to_date('05-NOV-23','DD-MON-RR'),5,to_date('05-NOV-23','DD-MON-RR'),1);
Insert into SYSTEM.MUNICIPIO (IDMUNI,DEPARTAMENTO,MUNICIPIO,IDUSUARIOCREA,FECHACREACION,IDUSUARIOMODIF,FECHAMODIF,ESTADO) values (269,18,'CHIQUIMULILLA',5,to_date('05-NOV-23','DD-MON-RR'),5,to_date('05-NOV-23','DD-MON-RR'),1);
Insert into SYSTEM.MUNICIPIO (IDMUNI,DEPARTAMENTO,MUNICIPIO,IDUSUARIOCREA,FECHACREACION,IDUSUARIOMODIF,FECHAMODIF,ESTADO) values (270,18,'TAXICO',5,to_date('05-NOV-23','DD-MON-RR'),5,to_date('05-NOV-23','DD-MON-RR'),1);
Insert into SYSTEM.MUNICIPIO (IDMUNI,DEPARTAMENTO,MUNICIPIO,IDUSUARIOCREA,FECHACREACION,IDUSUARIOMODIF,FECHAMODIF,ESTADO) values (271,18,'SANTA MARIA IXHUATAN',5,to_date('05-NOV-23','DD-MON-RR'),5,to_date('05-NOV-23','DD-MON-RR'),1);
Insert into SYSTEM.MUNICIPIO (IDMUNI,DEPARTAMENTO,MUNICIPIO,IDUSUARIOCREA,FECHACREACION,IDUSUARIOMODIF,FECHAMODIF,ESTADO) values (272,18,'GUAZACAPAN',5,to_date('05-NOV-23','DD-MON-RR'),5,to_date('05-NOV-23','DD-MON-RR'),1);
Insert into SYSTEM.MUNICIPIO (IDMUNI,DEPARTAMENTO,MUNICIPIO,IDUSUARIOCREA,FECHACREACION,IDUSUARIOMODIF,FECHAMODIF,ESTADO) values (273,18,'SANTA CRUZ NARANJO',5,to_date('05-NOV-23','DD-MON-RR'),5,to_date('05-NOV-23','DD-MON-RR'),1);
Insert into SYSTEM.MUNICIPIO (IDMUNI,DEPARTAMENTO,MUNICIPIO,IDUSUARIOCREA,FECHACREACION,IDUSUARIOMODIF,FECHAMODIF,ESTADO) values (274,18,'PUEBLO NUEVO VIÑAS',5,to_date('05-NOV-23','DD-MON-RR'),5,to_date('05-NOV-23','DD-MON-RR'),1);
Insert into SYSTEM.MUNICIPIO (IDMUNI,DEPARTAMENTO,MUNICIPIO,IDUSUARIOCREA,FECHACREACION,IDUSUARIOMODIF,FECHAMODIF,ESTADO) values (275,18,'NUEVA SANTA ROSA',5,to_date('05-NOV-23','DD-MON-RR'),5,to_date('05-NOV-23','DD-MON-RR'),1);
Insert into SYSTEM.MUNICIPIO (IDMUNI,DEPARTAMENTO,MUNICIPIO,IDUSUARIOCREA,FECHACREACION,IDUSUARIOMODIF,FECHAMODIF,ESTADO) values (276,19,'SOLOLA',5,to_date('05-NOV-23','DD-MON-RR'),5,to_date('05-NOV-23','DD-MON-RR'),1);
Insert into SYSTEM.MUNICIPIO (IDMUNI,DEPARTAMENTO,MUNICIPIO,IDUSUARIOCREA,FECHACREACION,IDUSUARIOMODIF,FECHAMODIF,ESTADO) values (277,19,'SAN JOSE CHACAYA',5,to_date('05-NOV-23','DD-MON-RR'),5,to_date('05-NOV-23','DD-MON-RR'),1);
Insert into SYSTEM.MUNICIPIO (IDMUNI,DEPARTAMENTO,MUNICIPIO,IDUSUARIOCREA,FECHACREACION,IDUSUARIOMODIF,FECHAMODIF,ESTADO) values (278,19,'SANTA MARIA VISITACION',5,to_date('05-NOV-23','DD-MON-RR'),5,to_date('05-NOV-23','DD-MON-RR'),1);
Insert into SYSTEM.MUNICIPIO (IDMUNI,DEPARTAMENTO,MUNICIPIO,IDUSUARIOCREA,FECHACREACION,IDUSUARIOMODIF,FECHAMODIF,ESTADO) values (279,19,'SANTA LUCIA UTATLAN',5,to_date('05-NOV-23','DD-MON-RR'),5,to_date('05-NOV-23','DD-MON-RR'),1);
Insert into SYSTEM.MUNICIPIO (IDMUNI,DEPARTAMENTO,MUNICIPIO,IDUSUARIOCREA,FECHACREACION,IDUSUARIOMODIF,FECHAMODIF,ESTADO) values (280,19,'NAHUALA',5,to_date('05-NOV-23','DD-MON-RR'),5,to_date('05-NOV-23','DD-MON-RR'),1);
Insert into SYSTEM.MUNICIPIO (IDMUNI,DEPARTAMENTO,MUNICIPIO,IDUSUARIOCREA,FECHACREACION,IDUSUARIOMODIF,FECHAMODIF,ESTADO) values (281,19,'SANTA CATARINA IXTAHUACAN',5,to_date('05-NOV-23','DD-MON-RR'),5,to_date('05-NOV-23','DD-MON-RR'),1);
Insert into SYSTEM.MUNICIPIO (IDMUNI,DEPARTAMENTO,MUNICIPIO,IDUSUARIOCREA,FECHACREACION,IDUSUARIOMODIF,FECHAMODIF,ESTADO) values (282,19,'SANTA CLARA LA LAGUNA',5,to_date('05-NOV-23','DD-MON-RR'),5,to_date('05-NOV-23','DD-MON-RR'),1);
Insert into SYSTEM.MUNICIPIO (IDMUNI,DEPARTAMENTO,MUNICIPIO,IDUSUARIOCREA,FECHACREACION,IDUSUARIOMODIF,FECHAMODIF,ESTADO) values (283,19,'CONCEPCION',5,to_date('05-NOV-23','DD-MON-RR'),5,to_date('05-NOV-23','DD-MON-RR'),1);
Insert into SYSTEM.MUNICIPIO (IDMUNI,DEPARTAMENTO,MUNICIPIO,IDUSUARIOCREA,FECHACREACION,IDUSUARIOMODIF,FECHAMODIF,ESTADO) values (284,19,'SAN ANDRES SEMETABAJ',5,to_date('05-NOV-23','DD-MON-RR'),5,to_date('05-NOV-23','DD-MON-RR'),1);
Insert into SYSTEM.MUNICIPIO (IDMUNI,DEPARTAMENTO,MUNICIPIO,IDUSUARIOCREA,FECHACREACION,IDUSUARIOMODIF,FECHAMODIF,ESTADO) values (285,19,'PANAJACHEL',5,to_date('05-NOV-23','DD-MON-RR'),5,to_date('05-NOV-23','DD-MON-RR'),1);
Insert into SYSTEM.MUNICIPIO (IDMUNI,DEPARTAMENTO,MUNICIPIO,IDUSUARIOCREA,FECHACREACION,IDUSUARIOMODIF,FECHAMODIF,ESTADO) values (286,19,'SANTA CATARINA PALOPO',5,to_date('05-NOV-23','DD-MON-RR'),5,to_date('05-NOV-23','DD-MON-RR'),1);
Insert into SYSTEM.MUNICIPIO (IDMUNI,DEPARTAMENTO,MUNICIPIO,IDUSUARIOCREA,FECHACREACION,IDUSUARIOMODIF,FECHAMODIF,ESTADO) values (287,19,'SAN ANTONIO PALOPO',5,to_date('05-NOV-23','DD-MON-RR'),5,to_date('05-NOV-23','DD-MON-RR'),1);
Insert into SYSTEM.MUNICIPIO (IDMUNI,DEPARTAMENTO,MUNICIPIO,IDUSUARIOCREA,FECHACREACION,IDUSUARIOMODIF,FECHAMODIF,ESTADO) values (288,19,'SAN LUCAS TOLIMAN',5,to_date('05-NOV-23','DD-MON-RR'),5,to_date('05-NOV-23','DD-MON-RR'),1);
Insert into SYSTEM.MUNICIPIO (IDMUNI,DEPARTAMENTO,MUNICIPIO,IDUSUARIOCREA,FECHACREACION,IDUSUARIOMODIF,FECHAMODIF,ESTADO) values (289,19,'SANTA CRUZ LA LAGUNA',5,to_date('05-NOV-23','DD-MON-RR'),5,to_date('05-NOV-23','DD-MON-RR'),1);
Insert into SYSTEM.MUNICIPIO (IDMUNI,DEPARTAMENTO,MUNICIPIO,IDUSUARIOCREA,FECHACREACION,IDUSUARIOMODIF,FECHAMODIF,ESTADO) values (290,19,'SAN PABLO LA LAGUNA',5,to_date('05-NOV-23','DD-MON-RR'),5,to_date('05-NOV-23','DD-MON-RR'),1);
Insert into SYSTEM.MUNICIPIO (IDMUNI,DEPARTAMENTO,MUNICIPIO,IDUSUARIOCREA,FECHACREACION,IDUSUARIOMODIF,FECHAMODIF,ESTADO) values (291,19,'SAN MARCOS LA LAGUNA',5,to_date('05-NOV-23','DD-MON-RR'),5,to_date('05-NOV-23','DD-MON-RR'),1);
Insert into SYSTEM.MUNICIPIO (IDMUNI,DEPARTAMENTO,MUNICIPIO,IDUSUARIOCREA,FECHACREACION,IDUSUARIOMODIF,FECHAMODIF,ESTADO) values (292,19,'SAN JUAN LA LAGUNA',5,to_date('05-NOV-23','DD-MON-RR'),5,to_date('05-NOV-23','DD-MON-RR'),1);
Insert into SYSTEM.MUNICIPIO (IDMUNI,DEPARTAMENTO,MUNICIPIO,IDUSUARIOCREA,FECHACREACION,IDUSUARIOMODIF,FECHAMODIF,ESTADO) values (293,19,'SAN PEDRO LA LAGUNA',5,to_date('05-NOV-23','DD-MON-RR'),5,to_date('05-NOV-23','DD-MON-RR'),1);
Insert into SYSTEM.MUNICIPIO (IDMUNI,DEPARTAMENTO,MUNICIPIO,IDUSUARIOCREA,FECHACREACION,IDUSUARIOMODIF,FECHAMODIF,ESTADO) values (294,19,'SANTIAGO ATITLAN',5,to_date('05-NOV-23','DD-MON-RR'),5,to_date('05-NOV-23','DD-MON-RR'),1);
Insert into SYSTEM.MUNICIPIO (IDMUNI,DEPARTAMENTO,MUNICIPIO,IDUSUARIOCREA,FECHACREACION,IDUSUARIOMODIF,FECHAMODIF,ESTADO) values (295,20,'MAZATENANGO',5,to_date('05-NOV-23','DD-MON-RR'),5,to_date('05-NOV-23','DD-MON-RR'),1);
Insert into SYSTEM.MUNICIPIO (IDMUNI,DEPARTAMENTO,MUNICIPIO,IDUSUARIOCREA,FECHACREACION,IDUSUARIOMODIF,FECHAMODIF,ESTADO) values (296,20,'CUYOTENANGO',5,to_date('05-NOV-23','DD-MON-RR'),5,to_date('05-NOV-23','DD-MON-RR'),1);
Insert into SYSTEM.MUNICIPIO (IDMUNI,DEPARTAMENTO,MUNICIPIO,IDUSUARIOCREA,FECHACREACION,IDUSUARIOMODIF,FECHAMODIF,ESTADO) values (297,20,'SAN FRANCISCO ZAPOTITLAN',5,to_date('05-NOV-23','DD-MON-RR'),5,to_date('05-NOV-23','DD-MON-RR'),1);
Insert into SYSTEM.MUNICIPIO (IDMUNI,DEPARTAMENTO,MUNICIPIO,IDUSUARIOCREA,FECHACREACION,IDUSUARIOMODIF,FECHAMODIF,ESTADO) values (298,20,'SAN BERNARDINO',5,to_date('05-NOV-23','DD-MON-RR'),5,to_date('05-NOV-23','DD-MON-RR'),1);
Insert into SYSTEM.MUNICIPIO (IDMUNI,DEPARTAMENTO,MUNICIPIO,IDUSUARIOCREA,FECHACREACION,IDUSUARIOMODIF,FECHAMODIF,ESTADO) values (299,20,'SAN JOSE EL IDOLO',5,to_date('05-NOV-23','DD-MON-RR'),5,to_date('05-NOV-23','DD-MON-RR'),1);
Insert into SYSTEM.MUNICIPIO (IDMUNI,DEPARTAMENTO,MUNICIPIO,IDUSUARIOCREA,FECHACREACION,IDUSUARIOMODIF,FECHAMODIF,ESTADO) values (300,20,'SANTO DOMINGO SUCHITEPEQUEZ',5,to_date('05-NOV-23','DD-MON-RR'),5,to_date('05-NOV-23','DD-MON-RR'),1);
Insert into SYSTEM.MUNICIPIO (IDMUNI,DEPARTAMENTO,MUNICIPIO,IDUSUARIOCREA,FECHACREACION,IDUSUARIOMODIF,FECHAMODIF,ESTADO) values (301,20,'SAN LORENZO',5,to_date('05-NOV-23','DD-MON-RR'),5,to_date('05-NOV-23','DD-MON-RR'),1);
Insert into SYSTEM.MUNICIPIO (IDMUNI,DEPARTAMENTO,MUNICIPIO,IDUSUARIOCREA,FECHACREACION,IDUSUARIOMODIF,FECHAMODIF,ESTADO) values (302,20,'SAMAYAC',5,to_date('05-NOV-23','DD-MON-RR'),5,to_date('05-NOV-23','DD-MON-RR'),1);
Insert into SYSTEM.MUNICIPIO (IDMUNI,DEPARTAMENTO,MUNICIPIO,IDUSUARIOCREA,FECHACREACION,IDUSUARIOMODIF,FECHAMODIF,ESTADO) values (303,20,'SAN PABLO JOCOPILAS',5,to_date('05-NOV-23','DD-MON-RR'),5,to_date('05-NOV-23','DD-MON-RR'),1);
Insert into SYSTEM.MUNICIPIO (IDMUNI,DEPARTAMENTO,MUNICIPIO,IDUSUARIOCREA,FECHACREACION,IDUSUARIOMODIF,FECHAMODIF,ESTADO) values (304,20,'SAN ANTONIO SUCHITEPEQUEZ',5,to_date('05-NOV-23','DD-MON-RR'),5,to_date('05-NOV-23','DD-MON-RR'),1);
Insert into SYSTEM.MUNICIPIO (IDMUNI,DEPARTAMENTO,MUNICIPIO,IDUSUARIOCREA,FECHACREACION,IDUSUARIOMODIF,FECHAMODIF,ESTADO) values (305,20,'SAN MIGUEL PANAN',5,to_date('05-NOV-23','DD-MON-RR'),5,to_date('05-NOV-23','DD-MON-RR'),1);
Insert into SYSTEM.MUNICIPIO (IDMUNI,DEPARTAMENTO,MUNICIPIO,IDUSUARIOCREA,FECHACREACION,IDUSUARIOMODIF,FECHAMODIF,ESTADO) values (306,20,'SAN GABRIEL',5,to_date('05-NOV-23','DD-MON-RR'),5,to_date('05-NOV-23','DD-MON-RR'),1);
Insert into SYSTEM.MUNICIPIO (IDMUNI,DEPARTAMENTO,MUNICIPIO,IDUSUARIOCREA,FECHACREACION,IDUSUARIOMODIF,FECHAMODIF,ESTADO) values (307,20,'CHICACAO',5,to_date('05-NOV-23','DD-MON-RR'),5,to_date('05-NOV-23','DD-MON-RR'),1);
Insert into SYSTEM.MUNICIPIO (IDMUNI,DEPARTAMENTO,MUNICIPIO,IDUSUARIOCREA,FECHACREACION,IDUSUARIOMODIF,FECHAMODIF,ESTADO) values (308,20,'PATULUL',5,to_date('05-NOV-23','DD-MON-RR'),5,to_date('05-NOV-23','DD-MON-RR'),1);
Insert into SYSTEM.MUNICIPIO (IDMUNI,DEPARTAMENTO,MUNICIPIO,IDUSUARIOCREA,FECHACREACION,IDUSUARIOMODIF,FECHAMODIF,ESTADO) values (309,20,'SANTA BARBARA',5,to_date('05-NOV-23','DD-MON-RR'),5,to_date('05-NOV-23','DD-MON-RR'),1);
Insert into SYSTEM.MUNICIPIO (IDMUNI,DEPARTAMENTO,MUNICIPIO,IDUSUARIOCREA,FECHACREACION,IDUSUARIOMODIF,FECHAMODIF,ESTADO) values (310,20,'SAN JUAN BAUTISTA',5,to_date('05-NOV-23','DD-MON-RR'),5,to_date('05-NOV-23','DD-MON-RR'),1);
Insert into SYSTEM.MUNICIPIO (IDMUNI,DEPARTAMENTO,MUNICIPIO,IDUSUARIOCREA,FECHACREACION,IDUSUARIOMODIF,FECHAMODIF,ESTADO) values (311,20,'SANTO TOMAS LA UNION',5,to_date('05-NOV-23','DD-MON-RR'),5,to_date('05-NOV-23','DD-MON-RR'),1);
Insert into SYSTEM.MUNICIPIO (IDMUNI,DEPARTAMENTO,MUNICIPIO,IDUSUARIOCREA,FECHACREACION,IDUSUARIOMODIF,FECHAMODIF,ESTADO) values (312,20,'ZUNILITO',5,to_date('05-NOV-23','DD-MON-RR'),5,to_date('05-NOV-23','DD-MON-RR'),1);
Insert into SYSTEM.MUNICIPIO (IDMUNI,DEPARTAMENTO,MUNICIPIO,IDUSUARIOCREA,FECHACREACION,IDUSUARIOMODIF,FECHAMODIF,ESTADO) values (313,20,'PUEBLO NUEVO SUCHITEPEQUEZ',5,to_date('05-NOV-23','DD-MON-RR'),5,to_date('05-NOV-23','DD-MON-RR'),1);
Insert into SYSTEM.MUNICIPIO (IDMUNI,DEPARTAMENTO,MUNICIPIO,IDUSUARIOCREA,FECHACREACION,IDUSUARIOMODIF,FECHAMODIF,ESTADO) values (314,20,'RIO BRAVO',5,to_date('05-NOV-23','DD-MON-RR'),5,to_date('05-NOV-23','DD-MON-RR'),1);
Insert into SYSTEM.MUNICIPIO (IDMUNI,DEPARTAMENTO,MUNICIPIO,IDUSUARIOCREA,FECHACREACION,IDUSUARIOMODIF,FECHAMODIF,ESTADO) values (315,21,'TOTONICAPAN',5,to_date('05-NOV-23','DD-MON-RR'),5,to_date('05-NOV-23','DD-MON-RR'),1);
Insert into SYSTEM.MUNICIPIO (IDMUNI,DEPARTAMENTO,MUNICIPIO,IDUSUARIOCREA,FECHACREACION,IDUSUARIOMODIF,FECHAMODIF,ESTADO) values (316,21,'SAN CRISTOBAL TOTONICAPAN',5,to_date('05-NOV-23','DD-MON-RR'),5,to_date('05-NOV-23','DD-MON-RR'),1);
Insert into SYSTEM.MUNICIPIO (IDMUNI,DEPARTAMENTO,MUNICIPIO,IDUSUARIOCREA,FECHACREACION,IDUSUARIOMODIF,FECHAMODIF,ESTADO) values (317,21,'SAN FRANCISCO EL ALTO',5,to_date('05-NOV-23','DD-MON-RR'),5,to_date('05-NOV-23','DD-MON-RR'),1);
Insert into SYSTEM.MUNICIPIO (IDMUNI,DEPARTAMENTO,MUNICIPIO,IDUSUARIOCREA,FECHACREACION,IDUSUARIOMODIF,FECHAMODIF,ESTADO) values (318,21,'SAN ANDRES XECUL',5,to_date('05-NOV-23','DD-MON-RR'),5,to_date('05-NOV-23','DD-MON-RR'),1);
Insert into SYSTEM.MUNICIPIO (IDMUNI,DEPARTAMENTO,MUNICIPIO,IDUSUARIOCREA,FECHACREACION,IDUSUARIOMODIF,FECHAMODIF,ESTADO) values (319,21,'MOMOSTENANGO',5,to_date('05-NOV-23','DD-MON-RR'),5,to_date('05-NOV-23','DD-MON-RR'),1);
Insert into SYSTEM.MUNICIPIO (IDMUNI,DEPARTAMENTO,MUNICIPIO,IDUSUARIOCREA,FECHACREACION,IDUSUARIOMODIF,FECHAMODIF,ESTADO) values (320,21,'SANTA MARIA CHIQUIMULA',5,to_date('05-NOV-23','DD-MON-RR'),5,to_date('05-NOV-23','DD-MON-RR'),1);
Insert into SYSTEM.MUNICIPIO (IDMUNI,DEPARTAMENTO,MUNICIPIO,IDUSUARIOCREA,FECHACREACION,IDUSUARIOMODIF,FECHAMODIF,ESTADO) values (321,21,'SANTA LUCIA LA REFORMA',5,to_date('05-NOV-23','DD-MON-RR'),5,to_date('05-NOV-23','DD-MON-RR'),1);
Insert into SYSTEM.MUNICIPIO (IDMUNI,DEPARTAMENTO,MUNICIPIO,IDUSUARIOCREA,FECHACREACION,IDUSUARIOMODIF,FECHAMODIF,ESTADO) values (322,21,'SAN BARTOLO AGUAS CALIENTES',5,to_date('05-NOV-23','DD-MON-RR'),5,to_date('05-NOV-23','DD-MON-RR'),1);
Insert into SYSTEM.MUNICIPIO (IDMUNI,DEPARTAMENTO,MUNICIPIO,IDUSUARIOCREA,FECHACREACION,IDUSUARIOMODIF,FECHAMODIF,ESTADO) values (323,22,'ZACAPA',5,to_date('05-NOV-23','DD-MON-RR'),5,to_date('05-NOV-23','DD-MON-RR'),1);
Insert into SYSTEM.MUNICIPIO (IDMUNI,DEPARTAMENTO,MUNICIPIO,IDUSUARIOCREA,FECHACREACION,IDUSUARIOMODIF,FECHAMODIF,ESTADO) values (324,22,'ESTANZUELA',5,to_date('05-NOV-23','DD-MON-RR'),5,to_date('05-NOV-23','DD-MON-RR'),1);
Insert into SYSTEM.MUNICIPIO (IDMUNI,DEPARTAMENTO,MUNICIPIO,IDUSUARIOCREA,FECHACREACION,IDUSUARIOMODIF,FECHAMODIF,ESTADO) values (325,22,'RIO HONDO',5,to_date('05-NOV-23','DD-MON-RR'),5,to_date('05-NOV-23','DD-MON-RR'),1);
Insert into SYSTEM.MUNICIPIO (IDMUNI,DEPARTAMENTO,MUNICIPIO,IDUSUARIOCREA,FECHACREACION,IDUSUARIOMODIF,FECHAMODIF,ESTADO) values (326,22,'GUALAN',5,to_date('05-NOV-23','DD-MON-RR'),5,to_date('05-NOV-23','DD-MON-RR'),1);
Insert into SYSTEM.MUNICIPIO (IDMUNI,DEPARTAMENTO,MUNICIPIO,IDUSUARIOCREA,FECHACREACION,IDUSUARIOMODIF,FECHAMODIF,ESTADO) values (327,22,'TECULUTAN',5,to_date('05-NOV-23','DD-MON-RR'),5,to_date('05-NOV-23','DD-MON-RR'),1);
Insert into SYSTEM.MUNICIPIO (IDMUNI,DEPARTAMENTO,MUNICIPIO,IDUSUARIOCREA,FECHACREACION,IDUSUARIOMODIF,FECHAMODIF,ESTADO) values (328,22,'USUMATLAN',5,to_date('05-NOV-23','DD-MON-RR'),5,to_date('05-NOV-23','DD-MON-RR'),1);
Insert into SYSTEM.MUNICIPIO (IDMUNI,DEPARTAMENTO,MUNICIPIO,IDUSUARIOCREA,FECHACREACION,IDUSUARIOMODIF,FECHAMODIF,ESTADO) values (329,22,'CABAÑAS',5,to_date('05-NOV-23','DD-MON-RR'),5,to_date('05-NOV-23','DD-MON-RR'),1);
Insert into SYSTEM.MUNICIPIO (IDMUNI,DEPARTAMENTO,MUNICIPIO,IDUSUARIOCREA,FECHACREACION,IDUSUARIOMODIF,FECHAMODIF,ESTADO) values (330,22,'SAN DIEGO',5,to_date('05-NOV-23','DD-MON-RR'),5,to_date('05-NOV-23','DD-MON-RR'),1);
Insert into SYSTEM.MUNICIPIO (IDMUNI,DEPARTAMENTO,MUNICIPIO,IDUSUARIOCREA,FECHACREACION,IDUSUARIOMODIF,FECHAMODIF,ESTADO) values (331,22,'LA UNION',5,to_date('05-NOV-23','DD-MON-RR'),5,to_date('05-NOV-23','DD-MON-RR'),1);
Insert into SYSTEM.MUNICIPIO (IDMUNI,DEPARTAMENTO,MUNICIPIO,IDUSUARIOCREA,FECHACREACION,IDUSUARIOMODIF,FECHAMODIF,ESTADO) values (332,22,'HUITE',5,to_date('05-NOV-23','DD-MON-RR'),5,to_date('05-NOV-23','DD-MON-RR'),1);
REM INSERTING into SYSTEM.DETALLEFACV
SET DEFINE OFF;
Insert into SYSTEM.DETALLEFACV (NUMDETALLEV,IDFACV,PRODUCTO,CANTIDAD,IDUSUARIOCREA,FECHACREACION,IDUSUARIOMODIF,FECHAMODIF,ESTADO) values (1,1,6,5,46,to_date('11-NOV-23','DD-MON-RR'),46,to_date('11-NOV-23','DD-MON-RR'),1);
Insert into SYSTEM.DETALLEFACV (NUMDETALLEV,IDFACV,PRODUCTO,CANTIDAD,IDUSUARIOCREA,FECHACREACION,IDUSUARIOMODIF,FECHAMODIF,ESTADO) values (2,2,7,6,47,to_date('11-NOV-23','DD-MON-RR'),47,to_date('11-NOV-23','DD-MON-RR'),1);
Insert into SYSTEM.DETALLEFACV (NUMDETALLEV,IDFACV,PRODUCTO,CANTIDAD,IDUSUARIOCREA,FECHACREACION,IDUSUARIOMODIF,FECHAMODIF,ESTADO) values (3,3,8,7,48,to_date('11-NOV-23','DD-MON-RR'),48,to_date('11-NOV-23','DD-MON-RR'),1);
Insert into SYSTEM.DETALLEFACV (NUMDETALLEV,IDFACV,PRODUCTO,CANTIDAD,IDUSUARIOCREA,FECHACREACION,IDUSUARIOMODIF,FECHAMODIF,ESTADO) values (4,4,9,1,49,to_date('11-NOV-23','DD-MON-RR'),49,to_date('11-NOV-23','DD-MON-RR'),1);
Insert into SYSTEM.DETALLEFACV (NUMDETALLEV,IDFACV,PRODUCTO,CANTIDAD,IDUSUARIOCREA,FECHACREACION,IDUSUARIOMODIF,FECHAMODIF,ESTADO) values (5,5,10,2,50,to_date('11-NOV-23','DD-MON-RR'),50,to_date('11-NOV-23','DD-MON-RR'),1);
Insert into SYSTEM.DETALLEFACV (NUMDETALLEV,IDFACV,PRODUCTO,CANTIDAD,IDUSUARIOCREA,FECHACREACION,IDUSUARIOMODIF,FECHAMODIF,ESTADO) values (6,6,11,3,51,to_date('11-NOV-23','DD-MON-RR'),51,to_date('11-NOV-23','DD-MON-RR'),1);
Insert into SYSTEM.DETALLEFACV (NUMDETALLEV,IDFACV,PRODUCTO,CANTIDAD,IDUSUARIOCREA,FECHACREACION,IDUSUARIOMODIF,FECHAMODIF,ESTADO) values (7,7,12,4,52,to_date('11-NOV-23','DD-MON-RR'),52,to_date('11-NOV-23','DD-MON-RR'),1);
Insert into SYSTEM.DETALLEFACV (NUMDETALLEV,IDFACV,PRODUCTO,CANTIDAD,IDUSUARIOCREA,FECHACREACION,IDUSUARIOMODIF,FECHAMODIF,ESTADO) values (8,8,13,6,53,to_date('11-NOV-23','DD-MON-RR'),53,to_date('11-NOV-23','DD-MON-RR'),1);
Insert into SYSTEM.DETALLEFACV (NUMDETALLEV,IDFACV,PRODUCTO,CANTIDAD,IDUSUARIOCREA,FECHACREACION,IDUSUARIOMODIF,FECHAMODIF,ESTADO) values (9,9,14,8,54,to_date('11-NOV-23','DD-MON-RR'),54,to_date('11-NOV-23','DD-MON-RR'),1);
Insert into SYSTEM.DETALLEFACV (NUMDETALLEV,IDFACV,PRODUCTO,CANTIDAD,IDUSUARIOCREA,FECHACREACION,IDUSUARIOMODIF,FECHAMODIF,ESTADO) values (10,10,15,2,55,to_date('11-NOV-23','DD-MON-RR'),55,to_date('11-NOV-23','DD-MON-RR'),1);
Insert into SYSTEM.DETALLEFACV (NUMDETALLEV,IDFACV,PRODUCTO,CANTIDAD,IDUSUARIOCREA,FECHACREACION,IDUSUARIOMODIF,FECHAMODIF,ESTADO) values (11,11,16,6,56,to_date('11-NOV-23','DD-MON-RR'),56,to_date('11-NOV-23','DD-MON-RR'),1);
Insert into SYSTEM.DETALLEFACV (NUMDETALLEV,IDFACV,PRODUCTO,CANTIDAD,IDUSUARIOCREA,FECHACREACION,IDUSUARIOMODIF,FECHAMODIF,ESTADO) values (12,12,17,8,57,to_date('11-NOV-23','DD-MON-RR'),57,to_date('11-NOV-23','DD-MON-RR'),1);
Insert into SYSTEM.DETALLEFACV (NUMDETALLEV,IDFACV,PRODUCTO,CANTIDAD,IDUSUARIOCREA,FECHACREACION,IDUSUARIOMODIF,FECHAMODIF,ESTADO) values (13,13,18,6,58,to_date('11-NOV-23','DD-MON-RR'),58,to_date('11-NOV-23','DD-MON-RR'),1);
Insert into SYSTEM.DETALLEFACV (NUMDETALLEV,IDFACV,PRODUCTO,CANTIDAD,IDUSUARIOCREA,FECHACREACION,IDUSUARIOMODIF,FECHAMODIF,ESTADO) values (14,14,19,8,59,to_date('11-NOV-23','DD-MON-RR'),59,to_date('11-NOV-23','DD-MON-RR'),1);
Insert into SYSTEM.DETALLEFACV (NUMDETALLEV,IDFACV,PRODUCTO,CANTIDAD,IDUSUARIOCREA,FECHACREACION,IDUSUARIOMODIF,FECHAMODIF,ESTADO) values (15,15,20,9,60,to_date('11-NOV-23','DD-MON-RR'),60,to_date('11-NOV-23','DD-MON-RR'),1);
Insert into SYSTEM.DETALLEFACV (NUMDETALLEV,IDFACV,PRODUCTO,CANTIDAD,IDUSUARIOCREA,FECHACREACION,IDUSUARIOMODIF,FECHAMODIF,ESTADO) values (16,16,21,2,61,to_date('11-NOV-23','DD-MON-RR'),61,to_date('11-NOV-23','DD-MON-RR'),1);
Insert into SYSTEM.DETALLEFACV (NUMDETALLEV,IDFACV,PRODUCTO,CANTIDAD,IDUSUARIOCREA,FECHACREACION,IDUSUARIOMODIF,FECHAMODIF,ESTADO) values (17,17,22,3,62,to_date('11-NOV-23','DD-MON-RR'),62,to_date('11-NOV-23','DD-MON-RR'),1);
Insert into SYSTEM.DETALLEFACV (NUMDETALLEV,IDFACV,PRODUCTO,CANTIDAD,IDUSUARIOCREA,FECHACREACION,IDUSUARIOMODIF,FECHAMODIF,ESTADO) values (18,18,23,5,63,to_date('11-NOV-23','DD-MON-RR'),63,to_date('11-NOV-23','DD-MON-RR'),1);
Insert into SYSTEM.DETALLEFACV (NUMDETALLEV,IDFACV,PRODUCTO,CANTIDAD,IDUSUARIOCREA,FECHACREACION,IDUSUARIOMODIF,FECHAMODIF,ESTADO) values (19,19,24,4,64,to_date('11-NOV-23','DD-MON-RR'),64,to_date('11-NOV-23','DD-MON-RR'),1);
Insert into SYSTEM.DETALLEFACV (NUMDETALLEV,IDFACV,PRODUCTO,CANTIDAD,IDUSUARIOCREA,FECHACREACION,IDUSUARIOMODIF,FECHAMODIF,ESTADO) values (20,20,25,2,65,to_date('11-NOV-23','DD-MON-RR'),65,to_date('11-NOV-23','DD-MON-RR'),1);
REM INSERTING into SYSTEM.ESTADO
SET DEFINE OFF;
Insert into SYSTEM.ESTADO (IDESTADO,ESTADO,IDUSUARIOCREA,FECHACREACION,IDUSUARIOMODIF,FECHAMODIF) values (1,'ACTIVO',5,to_date('05-NOV-23','DD-MON-RR'),5,to_date('05-NOV-23','DD-MON-RR'));
Insert into SYSTEM.ESTADO (IDESTADO,ESTADO,IDUSUARIOCREA,FECHACREACION,IDUSUARIOMODIF,FECHAMODIF) values (2,'INACTIVO',5,to_date('05-NOV-23','DD-MON-RR'),5,to_date('05-NOV-23','DD-MON-RR'));
REM INSERTING into SYSTEM.ENVIO
SET DEFINE OFF;
Insert into SYSTEM.ENVIO (IDENVIO,FECHAENVIO,ORIGENENVIO,DESTINOENVIO,RESPONSABLE,COSTOENVIO,IDUSUARIOCRE,FECHACREACION,IDUSUARIOMOD,FECHAMODIF,ESTADO,NOFACTURA) values (2,to_date('23-JAN-23','DD-MON-RR'),101,' 12-78 COLONIA VISTA HERMOSA  ',46,50,43,to_date('11-NOV-23','DD-MON-RR'),43,to_date('11-NOV-23','DD-MON-RR'),1,1);
Insert into SYSTEM.ENVIO (IDENVIO,FECHAENVIO,ORIGENENVIO,DESTINOENVIO,RESPONSABLE,COSTOENVIO,IDUSUARIOCRE,FECHACREACION,IDUSUARIOMOD,FECHAMODIF,ESTADO,NOFACTURA) values (3,to_date('26-FEB-23','DD-MON-RR'),102,' 34-56 ZONA 4                ',47,50,44,to_date('11-NOV-23','DD-MON-RR'),44,to_date('11-NOV-23','DD-MON-RR'),1,2);
Insert into SYSTEM.ENVIO (IDENVIO,FECHAENVIO,ORIGENENVIO,DESTINOENVIO,RESPONSABLE,COSTOENVIO,IDUSUARIOCRE,FECHACREACION,IDUSUARIOMOD,FECHAMODIF,ESTADO,NOFACTURA) values (4,to_date('01-APR-23','DD-MON-RR'),103,' 45-23 COLONIA EL ROSARIO    ',48,50,45,to_date('11-NOV-23','DD-MON-RR'),45,to_date('11-NOV-23','DD-MON-RR'),1,3);
Insert into SYSTEM.ENVIO (IDENVIO,FECHAENVIO,ORIGENENVIO,DESTINOENVIO,RESPONSABLE,COSTOENVIO,IDUSUARIOCRE,FECHACREACION,IDUSUARIOMOD,FECHAMODIF,ESTADO,NOFACTURA) values (5,to_date('07-MAY-23','DD-MON-RR'),104,' 67-12 AVENIDA LAS AMERICAS  ',49,50,46,to_date('11-NOV-23','DD-MON-RR'),46,to_date('11-NOV-23','DD-MON-RR'),1,4);
Insert into SYSTEM.ENVIO (IDENVIO,FECHAENVIO,ORIGENENVIO,DESTINOENVIO,RESPONSABLE,COSTOENVIO,IDUSUARIOCRE,FECHACREACION,IDUSUARIOMOD,FECHAMODIF,ESTADO,NOFACTURA) values (6,to_date('11-JUN-23','DD-MON-RR'),105,' 89-45 CALLE LA PAZ          ',50,50,47,to_date('11-NOV-23','DD-MON-RR'),47,to_date('11-NOV-23','DD-MON-RR'),1,5);
Insert into SYSTEM.ENVIO (IDENVIO,FECHAENVIO,ORIGENENVIO,DESTINOENVIO,RESPONSABLE,COSTOENVIO,IDUSUARIOCRE,FECHACREACION,IDUSUARIOMOD,FECHAMODIF,ESTADO,NOFACTURA) values (7,to_date('17-JUL-23','DD-MON-RR'),106,' 56-78 ZONA 9                ',51,50,48,to_date('11-NOV-23','DD-MON-RR'),48,to_date('11-NOV-23','DD-MON-RR'),1,6);
Insert into SYSTEM.ENVIO (IDENVIO,FECHAENVIO,ORIGENENVIO,DESTINOENVIO,RESPONSABLE,COSTOENVIO,IDUSUARIOCRE,FECHACREACION,IDUSUARIOMOD,FECHAMODIF,ESTADO,NOFACTURA) values (8,to_date('23-JUL-23','DD-MON-RR'),107,' 23-45 COLONIA EL PARAISO   ',52,50,49,to_date('11-NOV-23','DD-MON-RR'),49,to_date('11-NOV-23','DD-MON-RR'),1,7);
Insert into SYSTEM.ENVIO (IDENVIO,FECHAENVIO,ORIGENENVIO,DESTINOENVIO,RESPONSABLE,COSTOENVIO,IDUSUARIOCRE,FECHACREACION,IDUSUARIOMOD,FECHAMODIF,ESTADO,NOFACTURA) values (9,to_date('27-AUG-23','DD-MON-RR'),101,' 12-34 AVENIDA REFORMA       ',53,50,50,to_date('11-NOV-23','DD-MON-RR'),50,to_date('11-NOV-23','DD-MON-RR'),1,8);
Insert into SYSTEM.ENVIO (IDENVIO,FECHAENVIO,ORIGENENVIO,DESTINOENVIO,RESPONSABLE,COSTOENVIO,IDUSUARIOCRE,FECHACREACION,IDUSUARIOMOD,FECHAMODIF,ESTADO,NOFACTURA) values (10,to_date('03-OCT-23','DD-MON-RR'),102,' 56-78 CALLE LOS OLIVOS      ',54,50,51,to_date('11-NOV-23','DD-MON-RR'),51,to_date('11-NOV-23','DD-MON-RR'),1,9);
Insert into SYSTEM.ENVIO (IDENVIO,FECHAENVIO,ORIGENENVIO,DESTINOENVIO,RESPONSABLE,COSTOENVIO,IDUSUARIOCRE,FECHACREACION,IDUSUARIOMOD,FECHAMODIF,ESTADO,NOFACTURA) values (11,to_date('07-NOV-23','DD-MON-RR'),101,' 34-56 ZONA 10               ',55,50,52,to_date('11-NOV-23','DD-MON-RR'),52,to_date('11-NOV-23','DD-MON-RR'),1,10);
REM INSERTING into SYSTEM.USUARIO
SET DEFINE OFF;
Insert into SYSTEM.USUARIO (IDUSUARIO,IDCOLABORADOR,"CONTRASEÑA",IDUSUARIOCREA,FECHACREACION,IDUSUARIOMODIF,FECHAMODIF,ESTADO,ROL) values (5,27,'Dosveces2',null,to_date('05-NOV-23','DD-MON-RR'),null,null,null,1);
Insert into SYSTEM.USUARIO (IDUSUARIO,IDCOLABORADOR,"CONTRASEÑA",IDUSUARIOCREA,FECHACREACION,IDUSUARIOMODIF,FECHAMODIF,ESTADO,ROL) values (24,26,'aB3#7D',5,to_date('10-NOV-23','DD-MON-RR'),5,to_date('10-NOV-23','DD-MON-RR'),1,1);
Insert into SYSTEM.USUARIO (IDUSUARIO,IDCOLABORADOR,"CONTRASEÑA",IDUSUARIOCREA,FECHACREACION,IDUSUARIOMODIF,FECHAMODIF,ESTADO,ROL) values (25,28,'9Kp@2h',5,to_date('10-NOV-23','DD-MON-RR'),5,to_date('10-NOV-23','DD-MON-RR'),1,2);
Insert into SYSTEM.USUARIO (IDUSUARIO,IDCOLABORADOR,"CONTRASEÑA",IDUSUARIOCREA,FECHACREACION,IDUSUARIOMODIF,FECHAMODIF,ESTADO,ROL) values (26,29,'xY5*6L',5,to_date('10-NOV-23','DD-MON-RR'),5,to_date('10-NOV-23','DD-MON-RR'),1,2);
Insert into SYSTEM.USUARIO (IDUSUARIO,IDCOLABORADOR,"CONTRASEÑA",IDUSUARIOCREA,FECHACREACION,IDUSUARIOMODIF,FECHAMODIF,ESTADO,ROL) values (28,31,'j2E&f4',5,to_date('10-NOV-23','DD-MON-RR'),5,to_date('10-NOV-23','DD-MON-RR'),1,2);
Insert into SYSTEM.USUARIO (IDUSUARIO,IDCOLABORADOR,"CONTRASEÑA",IDUSUARIOCREA,FECHACREACION,IDUSUARIOMODIF,FECHAMODIF,ESTADO,ROL) values (29,32,'7qP*9o',5,to_date('10-NOV-23','DD-MON-RR'),5,to_date('10-NOV-23','DD-MON-RR'),1,2);
Insert into SYSTEM.USUARIO (IDUSUARIO,IDCOLABORADOR,"CONTRASEÑA",IDUSUARIOCREA,FECHACREACION,IDUSUARIOMODIF,FECHAMODIF,ESTADO,ROL) values (30,33,'l#5A8b',5,to_date('10-NOV-23','DD-MON-RR'),5,to_date('10-NOV-23','DD-MON-RR'),1,2);
Insert into SYSTEM.USUARIO (IDUSUARIO,IDCOLABORADOR,"CONTRASEÑA",IDUSUARIOCREA,FECHACREACION,IDUSUARIOMODIF,FECHAMODIF,ESTADO,ROL) values (31,34,'d6X*Cz',5,to_date('10-NOV-23','DD-MON-RR'),5,to_date('10-NOV-23','DD-MON-RR'),1,2);
Insert into SYSTEM.USUARIO (IDUSUARIO,IDCOLABORADOR,"CONTRASEÑA",IDUSUARIOCREA,FECHACREACION,IDUSUARIOMODIF,FECHAMODIF,ESTADO,ROL) values (32,35,'vF3!2i',5,to_date('10-NOV-23','DD-MON-RR'),5,to_date('10-NOV-23','DD-MON-RR'),1,2);
Insert into SYSTEM.USUARIO (IDUSUARIO,IDCOLABORADOR,"CONTRASEÑA",IDUSUARIOCREA,FECHACREACION,IDUSUARIOMODIF,FECHAMODIF,ESTADO,ROL) values (33,36,'g7M*r1',5,to_date('10-NOV-23','DD-MON-RR'),5,to_date('10-NOV-23','DD-MON-RR'),1,2);
Insert into SYSTEM.USUARIO (IDUSUARIO,IDCOLABORADOR,"CONTRASEÑA",IDUSUARIOCREA,FECHACREACION,IDUSUARIOMODIF,FECHAMODIF,ESTADO,ROL) values (34,37,'uL#9kP',5,to_date('10-NOV-23','DD-MON-RR'),5,to_date('10-NOV-23','DD-MON-RR'),1,2);
Insert into SYSTEM.USUARIO (IDUSUARIO,IDCOLABORADOR,"CONTRASEÑA",IDUSUARIOCREA,FECHACREACION,IDUSUARIOMODIF,FECHAMODIF,ESTADO,ROL) values (35,38,'4xZ!6o',5,to_date('10-NOV-23','DD-MON-RR'),5,to_date('10-NOV-23','DD-MON-RR'),1,2);
Insert into SYSTEM.USUARIO (IDUSUARIO,IDCOLABORADOR,"CONTRASEÑA",IDUSUARIOCREA,FECHACREACION,IDUSUARIOMODIF,FECHAMODIF,ESTADO,ROL) values (36,39,'nI1B&8',5,to_date('10-NOV-23','DD-MON-RR'),5,to_date('10-NOV-23','DD-MON-RR'),1,2);
Insert into SYSTEM.USUARIO (IDUSUARIO,IDCOLABORADOR,"CONTRASEÑA",IDUSUARIOCREA,FECHACREACION,IDUSUARIOMODIF,FECHAMODIF,ESTADO,ROL) values (37,40,'y3D*q5',5,to_date('10-NOV-23','DD-MON-RR'),5,to_date('10-NOV-23','DD-MON-RR'),1,2);
Insert into SYSTEM.USUARIO (IDUSUARIO,IDCOLABORADOR,"CONTRASEÑA",IDUSUARIOCREA,FECHACREACION,IDUSUARIOMODIF,FECHAMODIF,ESTADO,ROL) values (38,41,'2s@7Tl',5,to_date('10-NOV-23','DD-MON-RR'),5,to_date('10-NOV-23','DD-MON-RR'),1,2);
Insert into SYSTEM.USUARIO (IDUSUARIO,IDCOLABORADOR,"CONTRASEÑA",IDUSUARIOCREA,FECHACREACION,IDUSUARIOMODIF,FECHAMODIF,ESTADO,ROL) values (39,42,'6G9*hX',5,to_date('10-NOV-23','DD-MON-RR'),5,to_date('10-NOV-23','DD-MON-RR'),1,2);
Insert into SYSTEM.USUARIO (IDUSUARIO,IDCOLABORADOR,"CONTRASEÑA",IDUSUARIOCREA,FECHACREACION,IDUSUARIOMODIF,FECHAMODIF,ESTADO,ROL) values (40,43,'p4W#1a',5,to_date('10-NOV-23','DD-MON-RR'),5,to_date('10-NOV-23','DD-MON-RR'),1,2);
Insert into SYSTEM.USUARIO (IDUSUARIO,IDCOLABORADOR,"CONTRASEÑA",IDUSUARIOCREA,FECHACREACION,IDUSUARIOMODIF,FECHAMODIF,ESTADO,ROL) values (41,44,'cR5*vY',5,to_date('10-NOV-23','DD-MON-RR'),5,to_date('10-NOV-23','DD-MON-RR'),1,2);
Insert into SYSTEM.USUARIO (IDUSUARIO,IDCOLABORADOR,"CONTRASEÑA",IDUSUARIOCREA,FECHACREACION,IDUSUARIOMODIF,FECHAMODIF,ESTADO,ROL) values (42,45,'J7!i2m',5,to_date('10-NOV-23','DD-MON-RR'),5,to_date('10-NOV-23','DD-MON-RR'),1,2);
Insert into SYSTEM.USUARIO (IDUSUARIO,IDCOLABORADOR,"CONTRASEÑA",IDUSUARIOCREA,FECHACREACION,IDUSUARIOMODIF,FECHAMODIF,ESTADO,ROL) values (43,46,'8Ko&l3',5,to_date('10-NOV-23','DD-MON-RR'),5,to_date('10-NOV-23','DD-MON-RR'),1,2);
Insert into SYSTEM.USUARIO (IDUSUARIO,IDCOLABORADOR,"CONTRASEÑA",IDUSUARIOCREA,FECHACREACION,IDUSUARIOMODIF,FECHAMODIF,ESTADO,ROL) values (44,47,'9N1*6q',5,to_date('10-NOV-23','DD-MON-RR'),5,to_date('10-NOV-23','DD-MON-RR'),1,2);
Insert into SYSTEM.USUARIO (IDUSUARIO,IDCOLABORADOR,"CONTRASEÑA",IDUSUARIOCREA,FECHACREACION,IDUSUARIOMODIF,FECHAMODIF,ESTADO,ROL) values (45,48,'t#4sO2',5,to_date('10-NOV-23','DD-MON-RR'),5,to_date('10-NOV-23','DD-MON-RR'),1,2);
Insert into SYSTEM.USUARIO (IDUSUARIO,IDCOLABORADOR,"CONTRASEÑA",IDUSUARIOCREA,FECHACREACION,IDUSUARIOMODIF,FECHAMODIF,ESTADO,ROL) values (46,49,'zF6@7y',5,to_date('10-NOV-23','DD-MON-RR'),5,to_date('10-NOV-23','DD-MON-RR'),1,2);
Insert into SYSTEM.USUARIO (IDUSUARIO,IDCOLABORADOR,"CONTRASEÑA",IDUSUARIOCREA,FECHACREACION,IDUSUARIOMODIF,FECHAMODIF,ESTADO,ROL) values (47,50,'dP3*8x',5,to_date('10-NOV-23','DD-MON-RR'),5,to_date('10-NOV-23','DD-MON-RR'),1,2);
Insert into SYSTEM.USUARIO (IDUSUARIO,IDCOLABORADOR,"CONTRASEÑA",IDUSUARIOCREA,FECHACREACION,IDUSUARIOMODIF,FECHAMODIF,ESTADO,ROL) values (48,51,'eR9!7h',5,to_date('10-NOV-23','DD-MON-RR'),5,to_date('10-NOV-23','DD-MON-RR'),1,2);
Insert into SYSTEM.USUARIO (IDUSUARIO,IDCOLABORADOR,"CONTRASEÑA",IDUSUARIOCREA,FECHACREACION,IDUSUARIOMODIF,FECHAMODIF,ESTADO,ROL) values (49,52,'a5K#1v',5,to_date('10-NOV-23','DD-MON-RR'),5,to_date('10-NOV-23','DD-MON-RR'),1,2);
Insert into SYSTEM.USUARIO (IDUSUARIO,IDCOLABORADOR,"CONTRASEÑA",IDUSUARIOCREA,FECHACREACION,IDUSUARIOMODIF,FECHAMODIF,ESTADO,ROL) values (50,53,'gJ3*6l',5,to_date('10-NOV-23','DD-MON-RR'),5,to_date('10-NOV-23','DD-MON-RR'),1,2);
Insert into SYSTEM.USUARIO (IDUSUARIO,IDCOLABORADOR,"CONTRASEÑA",IDUSUARIOCREA,FECHACREACION,IDUSUARIOMODIF,FECHAMODIF,ESTADO,ROL) values (51,54,'qO8!4n',5,to_date('10-NOV-23','DD-MON-RR'),5,to_date('10-NOV-23','DD-MON-RR'),1,2);
Insert into SYSTEM.USUARIO (IDUSUARIO,IDCOLABORADOR,"CONTRASEÑA",IDUSUARIOCREA,FECHACREACION,IDUSUARIOMODIF,FECHAMODIF,ESTADO,ROL) values (52,55,'bX2*cA',5,to_date('10-NOV-23','DD-MON-RR'),5,to_date('10-NOV-23','DD-MON-RR'),1,2);
Insert into SYSTEM.USUARIO (IDUSUARIO,IDCOLABORADOR,"CONTRASEÑA",IDUSUARIOCREA,FECHACREACION,IDUSUARIOMODIF,FECHAMODIF,ESTADO,ROL) values (53,56,'wY7!5Z',5,to_date('10-NOV-23','DD-MON-RR'),5,to_date('10-NOV-23','DD-MON-RR'),1,2);
Insert into SYSTEM.USUARIO (IDUSUARIO,IDCOLABORADOR,"CONTRASEÑA",IDUSUARIOCREA,FECHACREACION,IDUSUARIOMODIF,FECHAMODIF,ESTADO,ROL) values (54,57,'uQ4#9e',5,to_date('10-NOV-23','DD-MON-RR'),5,to_date('10-NOV-23','DD-MON-RR'),1,2);
Insert into SYSTEM.USUARIO (IDUSUARIO,IDCOLABORADOR,"CONTRASEÑA",IDUSUARIOCREA,FECHACREACION,IDUSUARIOMODIF,FECHAMODIF,ESTADO,ROL) values (55,58,'hI5&3f',5,to_date('10-NOV-23','DD-MON-RR'),5,to_date('10-NOV-23','DD-MON-RR'),1,2);
Insert into SYSTEM.USUARIO (IDUSUARIO,IDCOLABORADOR,"CONTRASEÑA",IDUSUARIOCREA,FECHACREACION,IDUSUARIOMODIF,FECHAMODIF,ESTADO,ROL) values (56,59,'vU1!8S',5,to_date('10-NOV-23','DD-MON-RR'),5,to_date('10-NOV-23','DD-MON-RR'),1,2);
Insert into SYSTEM.USUARIO (IDUSUARIO,IDCOLABORADOR,"CONTRASEÑA",IDUSUARIOCREA,FECHACREACION,IDUSUARIOMODIF,FECHAMODIF,ESTADO,ROL) values (57,60,'fA7&2D',5,to_date('10-NOV-23','DD-MON-RR'),5,to_date('10-NOV-23','DD-MON-RR'),1,2);
Insert into SYSTEM.USUARIO (IDUSUARIO,IDCOLABORADOR,"CONTRASEÑA",IDUSUARIOCREA,FECHACREACION,IDUSUARIOMODIF,FECHAMODIF,ESTADO,ROL) values (58,61,'rB6!3p',5,to_date('10-NOV-23','DD-MON-RR'),5,to_date('10-NOV-23','DD-MON-RR'),1,2);
Insert into SYSTEM.USUARIO (IDUSUARIO,IDCOLABORADOR,"CONTRASEÑA",IDUSUARIOCREA,FECHACREACION,IDUSUARIOMODIF,FECHAMODIF,ESTADO,ROL) values (59,62,'kL9*4W',5,to_date('10-NOV-23','DD-MON-RR'),5,to_date('10-NOV-23','DD-MON-RR'),1,2);
Insert into SYSTEM.USUARIO (IDUSUARIO,IDCOLABORADOR,"CONTRASEÑA",IDUSUARIOCREA,FECHACREACION,IDUSUARIOMODIF,FECHAMODIF,ESTADO,ROL) values (60,63,'y8Z#1x',5,to_date('10-NOV-23','DD-MON-RR'),5,to_date('10-NOV-23','DD-MON-RR'),1,2);
Insert into SYSTEM.USUARIO (IDUSUARIO,IDCOLABORADOR,"CONTRASEÑA",IDUSUARIOCREA,FECHACREACION,IDUSUARIOMODIF,FECHAMODIF,ESTADO,ROL) values (61,64,'3M*7oN',5,to_date('10-NOV-23','DD-MON-RR'),5,to_date('10-NOV-23','DD-MON-RR'),1,2);
Insert into SYSTEM.USUARIO (IDUSUARIO,IDCOLABORADOR,"CONTRASEÑA",IDUSUARIOCREA,FECHACREACION,IDUSUARIOMODIF,FECHAMODIF,ESTADO,ROL) values (62,65,'iP2&9q',5,to_date('10-NOV-23','DD-MON-RR'),5,to_date('10-NOV-23','DD-MON-RR'),1,2);
Insert into SYSTEM.USUARIO (IDUSUARIO,IDCOLABORADOR,"CONTRASEÑA",IDUSUARIOCREA,FECHACREACION,IDUSUARIOMODIF,FECHAMODIF,ESTADO,ROL) values (63,66,'sC1*5V',5,to_date('10-NOV-23','DD-MON-RR'),5,to_date('10-NOV-23','DD-MON-RR'),1,2);
Insert into SYSTEM.USUARIO (IDUSUARIO,IDCOLABORADOR,"CONTRASEÑA",IDUSUARIOCREA,FECHACREACION,IDUSUARIOMODIF,FECHAMODIF,ESTADO,ROL) values (64,67,'7T@4uY',5,to_date('10-NOV-23','DD-MON-RR'),5,to_date('10-NOV-23','DD-MON-RR'),1,2);
Insert into SYSTEM.USUARIO (IDUSUARIO,IDCOLABORADOR,"CONTRASEÑA",IDUSUARIOCREA,FECHACREACION,IDUSUARIOMODIF,FECHAMODIF,ESTADO,ROL) values (65,68,'j6X!2z',5,to_date('10-NOV-23','DD-MON-RR'),5,to_date('10-NOV-23','DD-MON-RR'),1,2);
Insert into SYSTEM.USUARIO (IDUSUARIO,IDCOLABORADOR,"CONTRASEÑA",IDUSUARIOCREA,FECHACREACION,IDUSUARIOMODIF,FECHAMODIF,ESTADO,ROL) values (66,69,'lA3&8O',5,to_date('10-NOV-23','DD-MON-RR'),5,to_date('10-NOV-23','DD-MON-RR'),1,2);
Insert into SYSTEM.USUARIO (IDUSUARIO,IDCOLABORADOR,"CONTRASEÑA",IDUSUARIOCREA,FECHACREACION,IDUSUARIOMODIF,FECHAMODIF,ESTADO,ROL) values (67,70,'2iB#9k',5,to_date('10-NOV-23','DD-MON-RR'),5,to_date('10-NOV-23','DD-MON-RR'),1,2);
Insert into SYSTEM.USUARIO (IDUSUARIO,IDCOLABORADOR,"CONTRASEÑA",IDUSUARIOCREA,FECHACREACION,IDUSUARIOMODIF,FECHAMODIF,ESTADO,ROL) values (68,71,'nF*5cQ',5,to_date('10-NOV-23','DD-MON-RR'),5,to_date('10-NOV-23','DD-MON-RR'),1,2);
Insert into SYSTEM.USUARIO (IDUSUARIO,IDCOLABORADOR,"CONTRASEÑA",IDUSUARIOCREA,FECHACREACION,IDUSUARIOMODIF,FECHAMODIF,ESTADO,ROL) values (69,72,'uS1!3r',5,to_date('10-NOV-23','DD-MON-RR'),5,to_date('10-NOV-23','DD-MON-RR'),1,2);
Insert into SYSTEM.USUARIO (IDUSUARIO,IDCOLABORADOR,"CONTRASEÑA",IDUSUARIOCREA,FECHACREACION,IDUSUARIOMODIF,FECHAMODIF,ESTADO,ROL) values (70,73,'pG8&6H',5,to_date('10-NOV-23','DD-MON-RR'),5,to_date('10-NOV-23','DD-MON-RR'),1,2);
Insert into SYSTEM.USUARIO (IDUSUARIO,IDCOLABORADOR,"CONTRASEÑA",IDUSUARIOCREA,FECHACREACION,IDUSUARIOMODIF,FECHAMODIF,ESTADO,ROL) values (71,74,'t9I*4m',5,to_date('10-NOV-23','DD-MON-RR'),5,to_date('10-NOV-23','DD-MON-RR'),1,2);
Insert into SYSTEM.USUARIO (IDUSUARIO,IDCOLABORADOR,"CONTRASEÑA",IDUSUARIOCREA,FECHACREACION,IDUSUARIOMODIF,FECHAMODIF,ESTADO,ROL) values (72,75,'vU5!7a',5,to_date('10-NOV-23','DD-MON-RR'),5,to_date('10-NOV-23','DD-MON-RR'),1,2);
Insert into SYSTEM.USUARIO (IDUSUARIO,IDCOLABORADOR,"CONTRASEÑA",IDUSUARIOCREA,FECHACREACION,IDUSUARIOMODIF,FECHAMODIF,ESTADO,ROL) values (73,76,'2D3&8x',5,to_date('10-NOV-23','DD-MON-RR'),5,to_date('10-NOV-23','DD-MON-RR'),1,1);
Insert into SYSTEM.USUARIO (IDUSUARIO,IDCOLABORADOR,"CONTRASEÑA",IDUSUARIOCREA,FECHACREACION,IDUSUARIOMODIF,FECHAMODIF,ESTADO,ROL) values (74,77,'eQ1*7l',5,to_date('10-NOV-23','DD-MON-RR'),5,to_date('10-NOV-23','DD-MON-RR'),1,1);
Insert into SYSTEM.USUARIO (IDUSUARIO,IDCOLABORADOR,"CONTRASEÑA",IDUSUARIOCREA,FECHACREACION,IDUSUARIOMODIF,FECHAMODIF,ESTADO,ROL) values (75,78,'rW4!6n',5,to_date('10-NOV-23','DD-MON-RR'),5,to_date('10-NOV-23','DD-MON-RR'),1,1);
Insert into SYSTEM.USUARIO (IDUSUARIO,IDCOLABORADOR,"CONTRASEÑA",IDUSUARIOCREA,FECHACREACION,IDUSUARIOMODIF,FECHAMODIF,ESTADO,ROL) values (76,79,'kL5*9o',5,to_date('10-NOV-23','DD-MON-RR'),5,to_date('10-NOV-23','DD-MON-RR'),1,1);
Insert into SYSTEM.USUARIO (IDUSUARIO,IDCOLABORADOR,"CONTRASEÑA",IDUSUARIOCREA,FECHACREACION,IDUSUARIOMODIF,FECHAMODIF,ESTADO,ROL) values (77,80,'3j@6Kg',5,to_date('10-NOV-23','DD-MON-RR'),5,to_date('10-NOV-23','DD-MON-RR'),1,1);
Insert into SYSTEM.USUARIO (IDUSUARIO,IDCOLABORADOR,"CONTRASEÑA",IDUSUARIOCREA,FECHACREACION,IDUSUARIOMODIF,FECHAMODIF,ESTADO,ROL) values (78,81,'vO9!4y',5,to_date('10-NOV-23','DD-MON-RR'),5,to_date('10-NOV-23','DD-MON-RR'),1,1);
Insert into SYSTEM.USUARIO (IDUSUARIO,IDCOLABORADOR,"CONTRASEÑA",IDUSUARIOCREA,FECHACREACION,IDUSUARIOMODIF,FECHAMODIF,ESTADO,ROL) values (79,82,'bX2*8z',5,to_date('10-NOV-23','DD-MON-RR'),5,to_date('10-NOV-23','DD-MON-RR'),1,2);
Insert into SYSTEM.USUARIO (IDUSUARIO,IDCOLABORADOR,"CONTRASEÑA",IDUSUARIOCREA,FECHACREACION,IDUSUARIOMODIF,FECHAMODIF,ESTADO,ROL) values (80,83,'sP1!7d',5,to_date('10-NOV-23','DD-MON-RR'),5,to_date('10-NOV-23','DD-MON-RR'),1,2);
Insert into SYSTEM.USUARIO (IDUSUARIO,IDCOLABORADOR,"CONTRASEÑA",IDUSUARIOCREA,FECHACREACION,IDUSUARIOMODIF,FECHAMODIF,ESTADO,ROL) values (81,84,'hA4#6q',5,to_date('10-NOV-23','DD-MON-RR'),5,to_date('10-NOV-23','DD-MON-RR'),1,2);
Insert into SYSTEM.USUARIO (IDUSUARIO,IDCOLABORADOR,"CONTRASEÑA",IDUSUARIOCREA,FECHACREACION,IDUSUARIOMODIF,FECHAMODIF,ESTADO,ROL) values (82,85,'gC8!3f',5,to_date('10-NOV-23','DD-MON-RR'),5,to_date('10-NOV-23','DD-MON-RR'),1,2);
Insert into SYSTEM.USUARIO (IDUSUARIO,IDCOLABORADOR,"CONTRASEÑA",IDUSUARIOCREA,FECHACREACION,IDUSUARIOMODIF,FECHAMODIF,ESTADO,ROL) values (83,86,'5V2&9i',5,to_date('10-NOV-23','DD-MON-RR'),5,to_date('10-NOV-23','DD-MON-RR'),1,2);
Insert into SYSTEM.USUARIO (IDUSUARIO,IDCOLABORADOR,"CONTRASEÑA",IDUSUARIOCREA,FECHACREACION,IDUSUARIOMODIF,FECHAMODIF,ESTADO,ROL) values (84,87,'oR3#6n',5,to_date('10-NOV-23','DD-MON-RR'),5,to_date('10-NOV-23','DD-MON-RR'),1,2);
Insert into SYSTEM.USUARIO (IDUSUARIO,IDCOLABORADOR,"CONTRASEÑA",IDUSUARIOCREA,FECHACREACION,IDUSUARIOMODIF,FECHAMODIF,ESTADO,ROL) values (85,88,'yZ7!4x',5,to_date('10-NOV-23','DD-MON-RR'),5,to_date('10-NOV-23','DD-MON-RR'),1,2);
Insert into SYSTEM.USUARIO (IDUSUARIO,IDCOLABORADOR,"CONTRASEÑA",IDUSUARIOCREA,FECHACREACION,IDUSUARIOMODIF,FECHAMODIF,ESTADO,ROL) values (86,89,'8U*2pL',5,to_date('10-NOV-23','DD-MON-RR'),5,to_date('10-NOV-23','DD-MON-RR'),1,2);
Insert into SYSTEM.USUARIO (IDUSUARIO,IDCOLABORADOR,"CONTRASEÑA",IDUSUARIOCREA,FECHACREACION,IDUSUARIOMODIF,FECHAMODIF,ESTADO,ROL) values (87,90,'1m@9Nk',5,to_date('10-NOV-23','DD-MON-RR'),5,to_date('10-NOV-23','DD-MON-RR'),1,2);
Insert into SYSTEM.USUARIO (IDUSUARIO,IDCOLABORADOR,"CONTRASEÑA",IDUSUARIOCREA,FECHACREACION,IDUSUARIOMODIF,FECHAMODIF,ESTADO,ROL) values (88,91,'tJ4*7b',5,to_date('10-NOV-23','DD-MON-RR'),5,to_date('10-NOV-23','DD-MON-RR'),1,2);
Insert into SYSTEM.USUARIO (IDUSUARIO,IDCOLABORADOR,"CONTRASEÑA",IDUSUARIOCREA,FECHACREACION,IDUSUARIOMODIF,FECHAMODIF,ESTADO,ROL) values (89,92,'6G9!5H',5,to_date('10-NOV-23','DD-MON-RR'),5,to_date('10-NOV-23','DD-MON-RR'),1,2);
Insert into SYSTEM.USUARIO (IDUSUARIO,IDCOLABORADOR,"CONTRASEÑA",IDUSUARIOCREA,FECHACREACION,IDUSUARIOMODIF,FECHAMODIF,ESTADO,ROL) values (90,93,'kP1&8s',5,to_date('10-NOV-23','DD-MON-RR'),5,to_date('10-NOV-23','DD-MON-RR'),1,2);
Insert into SYSTEM.USUARIO (IDUSUARIO,IDCOLABORADOR,"CONTRASEÑA",IDUSUARIOCREA,FECHACREACION,IDUSUARIOMODIF,FECHAMODIF,ESTADO,ROL) values (91,94,'dY5#2q',5,to_date('10-NOV-23','DD-MON-RR'),5,to_date('10-NOV-23','DD-MON-RR'),1,2);
Insert into SYSTEM.USUARIO (IDUSUARIO,IDCOLABORADOR,"CONTRASEÑA",IDUSUARIOCREA,FECHACREACION,IDUSUARIOMODIF,FECHAMODIF,ESTADO,ROL) values (92,95,'7oA*4w',5,to_date('10-NOV-23','DD-MON-RR'),5,to_date('10-NOV-23','DD-MON-RR'),1,2);
Insert into SYSTEM.USUARIO (IDUSUARIO,IDCOLABORADOR,"CONTRASEÑA",IDUSUARIOCREA,FECHACREACION,IDUSUARIOMODIF,FECHAMODIF,ESTADO,ROL) values (93,96,'rS8!3t',5,to_date('10-NOV-23','DD-MON-RR'),5,to_date('10-NOV-23','DD-MON-RR'),1,2);
Insert into SYSTEM.USUARIO (IDUSUARIO,IDCOLABORADOR,"CONTRASEÑA",IDUSUARIOCREA,FECHACREACION,IDUSUARIOMODIF,FECHAMODIF,ESTADO,ROL) values (94,97,'uL9&2v',5,to_date('10-NOV-23','DD-MON-RR'),5,to_date('10-NOV-23','DD-MON-RR'),1,2);
Insert into SYSTEM.USUARIO (IDUSUARIO,IDCOLABORADOR,"CONTRASEÑA",IDUSUARIOCREA,FECHACREACION,IDUSUARIOMODIF,FECHAMODIF,ESTADO,ROL) values (95,98,'fX3!6z',5,to_date('10-NOV-23','DD-MON-RR'),5,to_date('10-NOV-23','DD-MON-RR'),1,2);
Insert into SYSTEM.USUARIO (IDUSUARIO,IDCOLABORADOR,"CONTRASEÑA",IDUSUARIOCREA,FECHACREACION,IDUSUARIOMODIF,FECHAMODIF,ESTADO,ROL) values (96,99,'iH4&8j',5,to_date('10-NOV-23','DD-MON-RR'),5,to_date('10-NOV-23','DD-MON-RR'),1,2);
Insert into SYSTEM.USUARIO (IDUSUARIO,IDCOLABORADOR,"CONTRASEÑA",IDUSUARIOCREA,FECHACREACION,IDUSUARIOMODIF,FECHAMODIF,ESTADO,ROL) values (97,100,'cQ5*7x',5,to_date('10-NOV-23','DD-MON-RR'),5,to_date('10-NOV-23','DD-MON-RR'),1,2);
Insert into SYSTEM.USUARIO (IDUSUARIO,IDCOLABORADOR,"CONTRASEÑA",IDUSUARIOCREA,FECHACREACION,IDUSUARIOMODIF,FECHAMODIF,ESTADO,ROL) values (98,101,'zT9!1a',5,to_date('10-NOV-23','DD-MON-RR'),5,to_date('10-NOV-23','DD-MON-RR'),1,2);
Insert into SYSTEM.USUARIO (IDUSUARIO,IDCOLABORADOR,"CONTRASEÑA",IDUSUARIOCREA,FECHACREACION,IDUSUARIOMODIF,FECHAMODIF,ESTADO,ROL) values (99,102,'gW2&4y',5,to_date('10-NOV-23','DD-MON-RR'),5,to_date('10-NOV-23','DD-MON-RR'),1,2);
Insert into SYSTEM.USUARIO (IDUSUARIO,IDCOLABORADOR,"CONTRASEÑA",IDUSUARIOCREA,FECHACREACION,IDUSUARIOMODIF,FECHAMODIF,ESTADO,ROL) values (100,103,'bI6#8e',5,to_date('10-NOV-23','DD-MON-RR'),5,to_date('10-NOV-23','DD-MON-RR'),1,2);
Insert into SYSTEM.USUARIO (IDUSUARIO,IDCOLABORADOR,"CONTRASEÑA",IDUSUARIOCREA,FECHACREACION,IDUSUARIOMODIF,FECHAMODIF,ESTADO,ROL) values (101,104,'oQ7!3p',5,to_date('10-NOV-23','DD-MON-RR'),5,to_date('10-NOV-23','DD-MON-RR'),1,2);
Insert into SYSTEM.USUARIO (IDUSUARIO,IDCOLABORADOR,"CONTRASEÑA",IDUSUARIOCREA,FECHACREACION,IDUSUARIOMODIF,FECHAMODIF,ESTADO,ROL) values (102,105,'sX5*2z',5,to_date('10-NOV-23','DD-MON-RR'),5,to_date('10-NOV-23','DD-MON-RR'),1,2);
Insert into SYSTEM.USUARIO (IDUSUARIO,IDCOLABORADOR,"CONTRASEÑA",IDUSUARIOCREA,FECHACREACION,IDUSUARIOMODIF,FECHAMODIF,ESTADO,ROL) values (103,106,'lF9#4r',5,to_date('10-NOV-23','DD-MON-RR'),5,to_date('10-NOV-23','DD-MON-RR'),1,2);
Insert into SYSTEM.USUARIO (IDUSUARIO,IDCOLABORADOR,"CONTRASEÑA",IDUSUARIOCREA,FECHACREACION,IDUSUARIOMODIF,FECHAMODIF,ESTADO,ROL) values (104,107,'hD1!6u',5,to_date('10-NOV-23','DD-MON-RR'),5,to_date('10-NOV-23','DD-MON-RR'),1,2);
Insert into SYSTEM.USUARIO (IDUSUARIO,IDCOLABORADOR,"CONTRASEÑA",IDUSUARIOCREA,FECHACREACION,IDUSUARIOMODIF,FECHAMODIF,ESTADO,ROL) values (105,108,'3c@2Lg',5,to_date('10-NOV-23','DD-MON-RR'),5,to_date('10-NOV-23','DD-MON-RR'),1,2);
Insert into SYSTEM.USUARIO (IDUSUARIO,IDCOLABORADOR,"CONTRASEÑA",IDUSUARIOCREA,FECHACREACION,IDUSUARIOMODIF,FECHAMODIF,ESTADO,ROL) values (106,109,'vU5*8n',5,to_date('10-NOV-23','DD-MON-RR'),5,to_date('10-NOV-23','DD-MON-RR'),1,2);
Insert into SYSTEM.USUARIO (IDUSUARIO,IDCOLABORADOR,"CONTRASEÑA",IDUSUARIOCREA,FECHACREACION,IDUSUARIOMODIF,FECHAMODIF,ESTADO,ROL) values (107,110,'yO4!7w',5,to_date('10-NOV-23','DD-MON-RR'),5,to_date('10-NOV-23','DD-MON-RR'),1,2);
Insert into SYSTEM.USUARIO (IDUSUARIO,IDCOLABORADOR,"CONTRASEÑA",IDUSUARIOCREA,FECHACREACION,IDUSUARIOMODIF,FECHAMODIF,ESTADO,ROL) values (108,111,'iS9#2z',5,to_date('10-NOV-23','DD-MON-RR'),5,to_date('10-NOV-23','DD-MON-RR'),1,2);
Insert into SYSTEM.USUARIO (IDUSUARIO,IDCOLABORADOR,"CONTRASEÑA",IDUSUARIOCREA,FECHACREACION,IDUSUARIOMODIF,FECHAMODIF,ESTADO,ROL) values (109,112,'mC*6jA',5,to_date('10-NOV-23','DD-MON-RR'),5,to_date('10-NOV-23','DD-MON-RR'),1,2);
Insert into SYSTEM.USUARIO (IDUSUARIO,IDCOLABORADOR,"CONTRASEÑA",IDUSUARIOCREA,FECHACREACION,IDUSUARIOMODIF,FECHAMODIF,ESTADO,ROL) values (110,113,'pK8!5x',5,to_date('10-NOV-23','DD-MON-RR'),5,to_date('10-NOV-23','DD-MON-RR'),1,2);
Insert into SYSTEM.USUARIO (IDUSUARIO,IDCOLABORADOR,"CONTRASEÑA",IDUSUARIOCREA,FECHACREACION,IDUSUARIOMODIF,FECHAMODIF,ESTADO,ROL) values (111,114,'rV1&3b',5,to_date('10-NOV-23','DD-MON-RR'),5,to_date('10-NOV-23','DD-MON-RR'),1,2);
Insert into SYSTEM.USUARIO (IDUSUARIO,IDCOLABORADOR,"CONTRASEÑA",IDUSUARIOCREA,FECHACREACION,IDUSUARIOMODIF,FECHAMODIF,ESTADO,ROL) values (112,115,'9f@7Zk',5,to_date('10-NOV-23','DD-MON-RR'),5,to_date('10-NOV-23','DD-MON-RR'),1,2);
Insert into SYSTEM.USUARIO (IDUSUARIO,IDCOLABORADOR,"CONTRASEÑA",IDUSUARIOCREA,FECHACREACION,IDUSUARIOMODIF,FECHAMODIF,ESTADO,ROL) values (113,116,'oI4*6l',5,to_date('10-NOV-23','DD-MON-RR'),5,to_date('10-NOV-23','DD-MON-RR'),1,2);
Insert into SYSTEM.USUARIO (IDUSUARIO,IDCOLABORADOR,"CONTRASEÑA",IDUSUARIOCREA,FECHACREACION,IDUSUARIOMODIF,FECHAMODIF,ESTADO,ROL) values (114,117,'tP3!2m',5,to_date('10-NOV-23','DD-MON-RR'),5,to_date('10-NOV-23','DD-MON-RR'),1,2);
Insert into SYSTEM.USUARIO (IDUSUARIO,IDCOLABORADOR,"CONTRASEÑA",IDUSUARIOCREA,FECHACREACION,IDUSUARIOMODIF,FECHAMODIF,ESTADO,ROL) values (115,118,'1n@7Sj',5,to_date('10-NOV-23','DD-MON-RR'),5,to_date('10-NOV-23','DD-MON-RR'),1,2);
Insert into SYSTEM.USUARIO (IDUSUARIO,IDCOLABORADOR,"CONTRASEÑA",IDUSUARIOCREA,FECHACREACION,IDUSUARIOMODIF,FECHAMODIF,ESTADO,ROL) values (116,119,'yE6*8o',5,to_date('10-NOV-23','DD-MON-RR'),5,to_date('10-NOV-23','DD-MON-RR'),1,2);
Insert into SYSTEM.USUARIO (IDUSUARIO,IDCOLABORADOR,"CONTRASEÑA",IDUSUARIOCREA,FECHACREACION,IDUSUARIOMODIF,FECHAMODIF,ESTADO,ROL) values (117,120,'qX9#4p',5,to_date('10-NOV-23','DD-MON-RR'),5,to_date('10-NOV-23','DD-MON-RR'),1,2);
Insert into SYSTEM.USUARIO (IDUSUARIO,IDCOLABORADOR,"CONTRASEÑA",IDUSUARIOCREA,FECHACREACION,IDUSUARIOMODIF,FECHAMODIF,ESTADO,ROL) values (118,121,'sH*7iL',5,to_date('10-NOV-23','DD-MON-RR'),5,to_date('10-NOV-23','DD-MON-RR'),1,2);
Insert into SYSTEM.USUARIO (IDUSUARIO,IDCOLABORADOR,"CONTRASEÑA",IDUSUARIOCREA,FECHACREACION,IDUSUARIOMODIF,FECHAMODIF,ESTADO,ROL) values (119,122,'5g@2Mj',5,to_date('10-NOV-23','DD-MON-RR'),5,to_date('10-NOV-23','DD-MON-RR'),1,2);
Insert into SYSTEM.USUARIO (IDUSUARIO,IDCOLABORADOR,"CONTRASEÑA",IDUSUARIOCREA,FECHACREACION,IDUSUARIOMODIF,FECHAMODIF,ESTADO,ROL) values (120,123,'kF3*8v',5,to_date('10-NOV-23','DD-MON-RR'),5,to_date('10-NOV-23','DD-MON-RR'),1,2);
Insert into SYSTEM.USUARIO (IDUSUARIO,IDCOLABORADOR,"CONTRASEÑA",IDUSUARIOCREA,FECHACREACION,IDUSUARIOMODIF,FECHAMODIF,ESTADO,ROL) values (121,124,'uR9!6n',5,to_date('10-NOV-23','DD-MON-RR'),5,to_date('10-NOV-23','DD-MON-RR'),1,2);
Insert into SYSTEM.USUARIO (IDUSUARIO,IDCOLABORADOR,"CONTRASEÑA",IDUSUARIOCREA,FECHACREACION,IDUSUARIOMODIF,FECHAMODIF,ESTADO,ROL) values (122,125,'aJ2#5w',5,to_date('10-NOV-23','DD-MON-RR'),5,to_date('10-NOV-23','DD-MON-RR'),1,2);
Insert into SYSTEM.USUARIO (IDUSUARIO,IDCOLABORADOR,"CONTRASEÑA",IDUSUARIOCREA,FECHACREACION,IDUSUARIOMODIF,FECHAMODIF,ESTADO,ROL) values (123,126,'bS1!4x',5,to_date('10-NOV-23','DD-MON-RR'),5,to_date('10-NOV-23','DD-MON-RR'),1,2);
Insert into SYSTEM.USUARIO (IDUSUARIO,IDCOLABORADOR,"CONTRASEÑA",IDUSUARIOCREA,FECHACREACION,IDUSUARIOMODIF,FECHAMODIF,ESTADO,ROL) values (124,127,'3l*8fG',5,to_date('10-NOV-23','DD-MON-RR'),5,to_date('10-NOV-23','DD-MON-RR'),1,2);
Insert into SYSTEM.USUARIO (IDUSUARIO,IDCOLABORADOR,"CONTRASEÑA",IDUSUARIOCREA,FECHACREACION,IDUSUARIOMODIF,FECHAMODIF,ESTADO,ROL) values (125,128,'6a@7Yb',5,to_date('10-NOV-23','DD-MON-RR'),5,to_date('10-NOV-23','DD-MON-RR'),1,2);
Insert into SYSTEM.USUARIO (IDUSUARIO,IDCOLABORADOR,"CONTRASEÑA",IDUSUARIOCREA,FECHACREACION,IDUSUARIOMODIF,FECHAMODIF,ESTADO,ROL) values (126,129,'9h*2sR',5,to_date('10-NOV-23','DD-MON-RR'),5,to_date('10-NOV-23','DD-MON-RR'),1,2);
Insert into SYSTEM.USUARIO (IDUSUARIO,IDCOLABORADOR,"CONTRASEÑA",IDUSUARIOCREA,FECHACREACION,IDUSUARIOMODIF,FECHAMODIF,ESTADO,ROL) values (127,130,'pO5!3k',5,to_date('10-NOV-23','DD-MON-RR'),5,to_date('10-NOV-23','DD-MON-RR'),1,2);
Insert into SYSTEM.USUARIO (IDUSUARIO,IDCOLABORADOR,"CONTRASEÑA",IDUSUARIOCREA,FECHACREACION,IDUSUARIOMODIF,FECHAMODIF,ESTADO,ROL) values (128,131,'iB6&8z',5,to_date('10-NOV-23','DD-MON-RR'),5,to_date('10-NOV-23','DD-MON-RR'),1,2);
Insert into SYSTEM.USUARIO (IDUSUARIO,IDCOLABORADOR,"CONTRASEÑA",IDUSUARIOCREA,FECHACREACION,IDUSUARIOMODIF,FECHAMODIF,ESTADO,ROL) values (129,132,'dG2!9w',5,to_date('10-NOV-23','DD-MON-RR'),5,to_date('10-NOV-23','DD-MON-RR'),1,2);
Insert into SYSTEM.USUARIO (IDUSUARIO,IDCOLABORADOR,"CONTRASEÑA",IDUSUARIOCREA,FECHACREACION,IDUSUARIOMODIF,FECHAMODIF,ESTADO,ROL) values (130,133,'xL4*5y',5,to_date('10-NOV-23','DD-MON-RR'),5,to_date('10-NOV-23','DD-MON-RR'),1,2);
Insert into SYSTEM.USUARIO (IDUSUARIO,IDCOLABORADOR,"CONTRASEÑA",IDUSUARIOCREA,FECHACREACION,IDUSUARIOMODIF,FECHAMODIF,ESTADO,ROL) values (131,134,'cJ1!6t',5,to_date('10-NOV-23','DD-MON-RR'),5,to_date('10-NOV-23','DD-MON-RR'),1,2);
Insert into SYSTEM.USUARIO (IDUSUARIO,IDCOLABORADOR,"CONTRASEÑA",IDUSUARIOCREA,FECHACREACION,IDUSUARIOMODIF,FECHAMODIF,ESTADO,ROL) values (132,135,'gF9&7u',5,to_date('10-NOV-23','DD-MON-RR'),5,to_date('10-NOV-23','DD-MON-RR'),1,2);
Insert into SYSTEM.USUARIO (IDUSUARIO,IDCOLABORADOR,"CONTRASEÑA",IDUSUARIOCREA,FECHACREACION,IDUSUARIOMODIF,FECHAMODIF,ESTADO,ROL) values (133,136,'7p@3Hm',5,to_date('10-NOV-23','DD-MON-RR'),5,to_date('10-NOV-23','DD-MON-RR'),1,2);
Insert into SYSTEM.USUARIO (IDUSUARIO,IDCOLABORADOR,"CONTRASEÑA",IDUSUARIOCREA,FECHACREACION,IDUSUARIOMODIF,FECHAMODIF,ESTADO,ROL) values (134,137,'zV2!6c',5,to_date('10-NOV-23','DD-MON-RR'),5,to_date('10-NOV-23','DD-MON-RR'),1,2);
Insert into SYSTEM.USUARIO (IDUSUARIO,IDCOLABORADOR,"CONTRASEÑA",IDUSUARIOCREA,FECHACREACION,IDUSUARIOMODIF,FECHAMODIF,ESTADO,ROL) values (135,138,'oX5&8a',5,to_date('10-NOV-23','DD-MON-RR'),5,to_date('10-NOV-23','DD-MON-RR'),1,2);
Insert into SYSTEM.USUARIO (IDUSUARIO,IDCOLABORADOR,"CONTRASEÑA",IDUSUARIOCREA,FECHACREACION,IDUSUARIOMODIF,FECHAMODIF,ESTADO,ROL) values (136,139,'4e#7wU',5,to_date('10-NOV-23','DD-MON-RR'),5,to_date('10-NOV-23','DD-MON-RR'),1,2);
Insert into SYSTEM.USUARIO (IDUSUARIO,IDCOLABORADOR,"CONTRASEÑA",IDUSUARIOCREA,FECHACREACION,IDUSUARIOMODIF,FECHAMODIF,ESTADO,ROL) values (137,140,'yD3!1j',5,to_date('10-NOV-23','DD-MON-RR'),5,to_date('10-NOV-23','DD-MON-RR'),1,2);
Insert into SYSTEM.USUARIO (IDUSUARIO,IDCOLABORADOR,"CONTRASEÑA",IDUSUARIOCREA,FECHACREACION,IDUSUARIOMODIF,FECHAMODIF,ESTADO,ROL) values (138,141,'sQ8*2k',5,to_date('10-NOV-23','DD-MON-RR'),5,to_date('10-NOV-23','DD-MON-RR'),1,2);
Insert into SYSTEM.USUARIO (IDUSUARIO,IDCOLABORADOR,"CONTRASEÑA",IDUSUARIOCREA,FECHACREACION,IDUSUARIOMODIF,FECHAMODIF,ESTADO,ROL) values (139,142,'l@9rE',5,to_date('10-NOV-23','DD-MON-RR'),5,to_date('10-NOV-23','DD-MON-RR'),1,2);
Insert into SYSTEM.USUARIO (IDUSUARIO,IDCOLABORADOR,"CONTRASEÑA",IDUSUARIOCREA,FECHACREACION,IDUSUARIOMODIF,FECHAMODIF,ESTADO,ROL) values (140,143,'tP4!7o',5,to_date('10-NOV-23','DD-MON-RR'),5,to_date('10-NOV-23','DD-MON-RR'),1,2);
Insert into SYSTEM.USUARIO (IDUSUARIO,IDCOLABORADOR,"CONTRASEÑA",IDUSUARIOCREA,FECHACREACION,IDUSUARIOMODIF,FECHAMODIF,ESTADO,ROL) values (141,144,'hK2*8f',5,to_date('10-NOV-23','DD-MON-RR'),5,to_date('10-NOV-23','DD-MON-RR'),1,2);
Insert into SYSTEM.USUARIO (IDUSUARIO,IDCOLABORADOR,"CONTRASEÑA",IDUSUARIOCREA,FECHACREACION,IDUSUARIOMODIF,FECHAMODIF,ESTADO,ROL) values (142,145,'3u#1jX',5,to_date('10-NOV-23','DD-MON-RR'),5,to_date('10-NOV-23','DD-MON-RR'),1,2);
Insert into SYSTEM.USUARIO (IDUSUARIO,IDCOLABORADOR,"CONTRASEÑA",IDUSUARIOCREA,FECHACREACION,IDUSUARIOMODIF,FECHAMODIF,ESTADO,ROL) values (143,146,'qY5*6v',5,to_date('10-NOV-23','DD-MON-RR'),5,to_date('10-NOV-23','DD-MON-RR'),1,2);
Insert into SYSTEM.USUARIO (IDUSUARIO,IDCOLABORADOR,"CONTRASEÑA",IDUSUARIOCREA,FECHACREACION,IDUSUARIOMODIF,FECHAMODIF,ESTADO,ROL) values (144,147,'iC9!4b',5,to_date('10-NOV-23','DD-MON-RR'),5,to_date('10-NOV-23','DD-MON-RR'),1,2);
Insert into SYSTEM.USUARIO (IDUSUARIO,IDCOLABORADOR,"CONTRASEÑA",IDUSUARIOCREA,FECHACREACION,IDUSUARIOMODIF,FECHAMODIF,ESTADO,ROL) values (145,148,'6l*3dF',5,to_date('10-NOV-23','DD-MON-RR'),5,to_date('10-NOV-23','DD-MON-RR'),1,2);
Insert into SYSTEM.USUARIO (IDUSUARIO,IDCOLABORADOR,"CONTRASEÑA",IDUSUARIOCREA,FECHACREACION,IDUSUARIOMODIF,FECHAMODIF,ESTADO,ROL) values (146,149,'vZ2@5y',5,to_date('10-NOV-23','DD-MON-RR'),5,to_date('10-NOV-23','DD-MON-RR'),1,2);
Insert into SYSTEM.USUARIO (IDUSUARIO,IDCOLABORADOR,"CONTRASEÑA",IDUSUARIOCREA,FECHACREACION,IDUSUARIOMODIF,FECHAMODIF,ESTADO,ROL) values (147,150,'1w*8gB',5,to_date('10-NOV-23','DD-MON-RR'),5,to_date('10-NOV-23','DD-MON-RR'),1,2);
Insert into SYSTEM.USUARIO (IDUSUARIO,IDCOLABORADOR,"CONTRASEÑA",IDUSUARIOCREA,FECHACREACION,IDUSUARIOMODIF,FECHAMODIF,ESTADO,ROL) values (148,151,'nA9!7c',5,to_date('10-NOV-23','DD-MON-RR'),5,to_date('10-NOV-23','DD-MON-RR'),1,2);
Insert into SYSTEM.USUARIO (IDUSUARIO,IDCOLABORADOR,"CONTRASEÑA",IDUSUARIOCREA,FECHACREACION,IDUSUARIOMODIF,FECHAMODIF,ESTADO,ROL) values (149,152,'jP2&4x',5,to_date('10-NOV-23','DD-MON-RR'),5,to_date('10-NOV-23','DD-MON-RR'),1,2);
Insert into SYSTEM.USUARIO (IDUSUARIO,IDCOLABORADOR,"CONTRASEÑA",IDUSUARIOCREA,FECHACREACION,IDUSUARIOMODIF,FECHAMODIF,ESTADO,ROL) values (150,153,'uM*6tS',5,to_date('10-NOV-23','DD-MON-RR'),5,to_date('10-NOV-23','DD-MON-RR'),1,2);
Insert into SYSTEM.USUARIO (IDUSUARIO,IDCOLABORADOR,"CONTRASEÑA",IDUSUARIOCREA,FECHACREACION,IDUSUARIOMODIF,FECHAMODIF,ESTADO,ROL) values (151,154,'sW9!1o',5,to_date('10-NOV-23','DD-MON-RR'),5,to_date('10-NOV-23','DD-MON-RR'),1,2);
Insert into SYSTEM.USUARIO (IDUSUARIO,IDCOLABORADOR,"CONTRASEÑA",IDUSUARIOCREA,FECHACREACION,IDUSUARIOMODIF,FECHAMODIF,ESTADO,ROL) values (152,155,'aC1*8z',5,to_date('10-NOV-23','DD-MON-RR'),5,to_date('10-NOV-23','DD-MON-RR'),1,2);
Insert into SYSTEM.USUARIO (IDUSUARIO,IDCOLABORADOR,"CONTRASEÑA",IDUSUARIOCREA,FECHACREACION,IDUSUARIOMODIF,FECHAMODIF,ESTADO,ROL) values (153,156,'fQ4#7v',5,to_date('10-NOV-23','DD-MON-RR'),5,to_date('10-NOV-23','DD-MON-RR'),1,2);
Insert into SYSTEM.USUARIO (IDUSUARIO,IDCOLABORADOR,"CONTRASEÑA",IDUSUARIOCREA,FECHACREACION,IDUSUARIOMODIF,FECHAMODIF,ESTADO,ROL) values (154,157,'oK6!5n',5,to_date('10-NOV-23','DD-MON-RR'),5,to_date('10-NOV-23','DD-MON-RR'),1,2);
Insert into SYSTEM.USUARIO (IDUSUARIO,IDCOLABORADOR,"CONTRASEÑA",IDUSUARIOCREA,FECHACREACION,IDUSUARIOMODIF,FECHAMODIF,ESTADO,ROL) values (155,158,'5j*2rX',5,to_date('10-NOV-23','DD-MON-RR'),5,to_date('10-NOV-23','DD-MON-RR'),1,2);
Insert into SYSTEM.USUARIO (IDUSUARIO,IDCOLABORADOR,"CONTRASEÑA",IDUSUARIOCREA,FECHACREACION,IDUSUARIOMODIF,FECHAMODIF,ESTADO,ROL) values (156,159,'eL8!3h',5,to_date('10-NOV-23','DD-MON-RR'),5,to_date('10-NOV-23','DD-MON-RR'),1,2);
Insert into SYSTEM.USUARIO (IDUSUARIO,IDCOLABORADOR,"CONTRASEÑA",IDUSUARIOCREA,FECHACREACION,IDUSUARIOMODIF,FECHAMODIF,ESTADO,ROL) values (157,160,'rH4&9g',5,to_date('10-NOV-23','DD-MON-RR'),5,to_date('10-NOV-23','DD-MON-RR'),1,2);
Insert into SYSTEM.USUARIO (IDUSUARIO,IDCOLABORADOR,"CONTRASEÑA",IDUSUARIOCREA,FECHACREACION,IDUSUARIOMODIF,FECHAMODIF,ESTADO,ROL) values (158,161,'bV1!6z',5,to_date('10-NOV-23','DD-MON-RR'),5,to_date('10-NOV-23','DD-MON-RR'),1,2);
Insert into SYSTEM.USUARIO (IDUSUARIO,IDCOLABORADOR,"CONTRASEÑA",IDUSUARIOCREA,FECHACREACION,IDUSUARIOMODIF,FECHAMODIF,ESTADO,ROL) values (159,162,'7S@5xM',5,to_date('10-NOV-23','DD-MON-RR'),5,to_date('10-NOV-23','DD-MON-RR'),1,2);
Insert into SYSTEM.USUARIO (IDUSUARIO,IDCOLABORADOR,"CONTRASEÑA",IDUSUARIOCREA,FECHACREACION,IDUSUARIOMODIF,FECHAMODIF,ESTADO,ROL) values (160,163,'gD2*8v',5,to_date('10-NOV-23','DD-MON-RR'),5,to_date('10-NOV-23','DD-MON-RR'),1,2);
Insert into SYSTEM.USUARIO (IDUSUARIO,IDCOLABORADOR,"CONTRASEÑA",IDUSUARIOCREA,FECHACREACION,IDUSUARIOMODIF,FECHAMODIF,ESTADO,ROL) values (161,164,'zL9#4b',5,to_date('10-NOV-23','DD-MON-RR'),5,to_date('10-NOV-23','DD-MON-RR'),1,2);
Insert into SYSTEM.USUARIO (IDUSUARIO,IDCOLABORADOR,"CONTRASEÑA",IDUSUARIOCREA,FECHACREACION,IDUSUARIOMODIF,FECHAMODIF,ESTADO,ROL) values (162,165,'tP*7oN',5,to_date('10-NOV-23','DD-MON-RR'),5,to_date('10-NOV-23','DD-MON-RR'),1,2);
Insert into SYSTEM.USUARIO (IDUSUARIO,IDCOLABORADOR,"CONTRASEÑA",IDUSUARIOCREA,FECHACREACION,IDUSUARIOMODIF,FECHAMODIF,ESTADO,ROL) values (163,166,'qF1!6w',5,to_date('10-NOV-23','DD-MON-RR'),5,to_date('10-NOV-23','DD-MON-RR'),1,2);
Insert into SYSTEM.USUARIO (IDUSUARIO,IDCOLABORADOR,"CONTRASEÑA",IDUSUARIOCREA,FECHACREACION,IDUSUARIOMODIF,FECHAMODIF,ESTADO,ROL) values (164,167,'4K2#8uJ',5,to_date('10-NOV-23','DD-MON-RR'),5,to_date('10-NOV-23','DD-MON-RR'),1,2);
--------------------------------------------------------
--  DDL for Index FACTURAC_PK
--------------------------------------------------------

  CREATE UNIQUE INDEX "SYSTEM"."FACTURAC_PK" ON "SYSTEM"."FACTURAC" ("NUMFACC") 
  PCTFREE 10 INITRANS 2 MAXTRANS 255 COMPUTE STATISTICS 
  STORAGE(INITIAL 65536 NEXT 1048576 MINEXTENTS 1 MAXEXTENTS 2147483645
  PCTINCREASE 0 FREELISTS 1 FREELIST GROUPS 1
  BUFFER_POOL DEFAULT FLASH_CACHE DEFAULT CELL_FLASH_CACHE DEFAULT)
  TABLESPACE "SYSTEM" ;
--------------------------------------------------------
--  DDL for Index DETALLECOT_PK
--------------------------------------------------------

  CREATE UNIQUE INDEX "SYSTEM"."DETALLECOT_PK" ON "SYSTEM"."DETALLECOT" ("NUMDETALLECOT", "IDCOTI", "PRODUCTO") 
  PCTFREE 10 INITRANS 2 MAXTRANS 255 COMPUTE STATISTICS 
  STORAGE(INITIAL 65536 NEXT 1048576 MINEXTENTS 1 MAXEXTENTS 2147483645
  PCTINCREASE 0 FREELISTS 1 FREELIST GROUPS 1
  BUFFER_POOL DEFAULT FLASH_CACHE DEFAULT CELL_FLASH_CACHE DEFAULT)
  TABLESPACE "SYSTEM" ;
--------------------------------------------------------
--  DDL for Index SUCURSAL_PK
--------------------------------------------------------

  CREATE UNIQUE INDEX "SYSTEM"."SUCURSAL_PK" ON "SYSTEM"."SUCURSAL" ("IDSUCURSAL") 
  PCTFREE 10 INITRANS 2 MAXTRANS 255 COMPUTE STATISTICS 
  STORAGE(INITIAL 65536 NEXT 1048576 MINEXTENTS 1 MAXEXTENTS 2147483645
  PCTINCREASE 0 FREELISTS 1 FREELIST GROUPS 1
  BUFFER_POOL DEFAULT FLASH_CACHE DEFAULT CELL_FLASH_CACHE DEFAULT)
  TABLESPACE "SYSTEM" ;
--------------------------------------------------------
--  DDL for Index CODPAIS_PK
--------------------------------------------------------

  CREATE UNIQUE INDEX "SYSTEM"."CODPAIS_PK" ON "SYSTEM"."CODPAIS" ("IDCOD") 
  PCTFREE 10 INITRANS 2 MAXTRANS 255 COMPUTE STATISTICS 
  STORAGE(INITIAL 65536 NEXT 1048576 MINEXTENTS 1 MAXEXTENTS 2147483645
  PCTINCREASE 0 FREELISTS 1 FREELIST GROUPS 1
  BUFFER_POOL DEFAULT FLASH_CACHE DEFAULT CELL_FLASH_CACHE DEFAULT)
  TABLESPACE "SYSTEM" ;
--------------------------------------------------------
--  DDL for Index TRASLADO_PK
--------------------------------------------------------

  CREATE UNIQUE INDEX "SYSTEM"."TRASLADO_PK" ON "SYSTEM"."TRASLADO" ("IDTRASLADO") 
  PCTFREE 10 INITRANS 2 MAXTRANS 255 COMPUTE STATISTICS 
  STORAGE(INITIAL 65536 NEXT 1048576 MINEXTENTS 1 MAXEXTENTS 2147483645
  PCTINCREASE 0 FREELISTS 1 FREELIST GROUPS 1
  BUFFER_POOL DEFAULT FLASH_CACHE DEFAULT CELL_FLASH_CACHE DEFAULT)
  TABLESPACE "SYSTEM" ;
--------------------------------------------------------
--  DDL for Index ORDENCOMPRA_PK
--------------------------------------------------------

  CREATE UNIQUE INDEX "SYSTEM"."ORDENCOMPRA_PK" ON "SYSTEM"."ORDENCOMPRA" ("IDORDEN") 
  PCTFREE 10 INITRANS 2 MAXTRANS 255 COMPUTE STATISTICS 
  STORAGE(INITIAL 65536 NEXT 1048576 MINEXTENTS 1 MAXEXTENTS 2147483645
  PCTINCREASE 0 FREELISTS 1 FREELIST GROUPS 1
  BUFFER_POOL DEFAULT FLASH_CACHE DEFAULT CELL_FLASH_CACHE DEFAULT)
  TABLESPACE "SYSTEM" ;
--------------------------------------------------------
--  DDL for Index FACTURAV_PK
--------------------------------------------------------

  CREATE UNIQUE INDEX "SYSTEM"."FACTURAV_PK" ON "SYSTEM"."FACTURAV" ("NUMFACV") 
  PCTFREE 10 INITRANS 2 MAXTRANS 255 COMPUTE STATISTICS 
  STORAGE(INITIAL 65536 NEXT 1048576 MINEXTENTS 1 MAXEXTENTS 2147483645
  PCTINCREASE 0 FREELISTS 1 FREELIST GROUPS 1
  BUFFER_POOL DEFAULT FLASH_CACHE DEFAULT CELL_FLASH_CACHE DEFAULT)
  TABLESPACE "SYSTEM" ;
--------------------------------------------------------
--  DDL for Index CUADRES_PK
--------------------------------------------------------

  CREATE UNIQUE INDEX "SYSTEM"."CUADRES_PK" ON "SYSTEM"."CUADRES" ("IDCUADRE") 
  PCTFREE 10 INITRANS 2 MAXTRANS 255 COMPUTE STATISTICS 
  STORAGE(INITIAL 65536 NEXT 1048576 MINEXTENTS 1 MAXEXTENTS 2147483645
  PCTINCREASE 0 FREELISTS 1 FREELIST GROUPS 1
  BUFFER_POOL DEFAULT FLASH_CACHE DEFAULT CELL_FLASH_CACHE DEFAULT)
  TABLESPACE "SYSTEM" ;
--------------------------------------------------------
--  DDL for Index ESTADO_CIVIL_PK
--------------------------------------------------------

  CREATE UNIQUE INDEX "SYSTEM"."ESTADO_CIVIL_PK" ON "SYSTEM"."ESTADO_CIVIL" ("IDECIVIL") 
  PCTFREE 10 INITRANS 2 MAXTRANS 255 COMPUTE STATISTICS 
  STORAGE(INITIAL 65536 NEXT 1048576 MINEXTENTS 1 MAXEXTENTS 2147483645
  PCTINCREASE 0 FREELISTS 1 FREELIST GROUPS 1
  BUFFER_POOL DEFAULT FLASH_CACHE DEFAULT CELL_FLASH_CACHE DEFAULT)
  TABLESPACE "SYSTEM" ;
--------------------------------------------------------
--  DDL for Index FORMAPAGO_PK
--------------------------------------------------------

  CREATE UNIQUE INDEX "SYSTEM"."FORMAPAGO_PK" ON "SYSTEM"."FORMAPAGO" ("IDPAGO") 
  PCTFREE 10 INITRANS 2 MAXTRANS 255 COMPUTE STATISTICS 
  STORAGE(INITIAL 65536 NEXT 1048576 MINEXTENTS 1 MAXEXTENTS 2147483645
  PCTINCREASE 0 FREELISTS 1 FREELIST GROUPS 1
  BUFFER_POOL DEFAULT FLASH_CACHE DEFAULT CELL_FLASH_CACHE DEFAULT)
  TABLESPACE "SYSTEM" ;
--------------------------------------------------------
--  DDL for Index PROVEEDOR_PK
--------------------------------------------------------

  CREATE UNIQUE INDEX "SYSTEM"."PROVEEDOR_PK" ON "SYSTEM"."PROVEEDOR" ("IDPROVEEDOR") 
  PCTFREE 10 INITRANS 2 MAXTRANS 255 COMPUTE STATISTICS 
  STORAGE(INITIAL 65536 NEXT 1048576 MINEXTENTS 1 MAXEXTENTS 2147483645
  PCTINCREASE 0 FREELISTS 1 FREELIST GROUPS 1
  BUFFER_POOL DEFAULT FLASH_CACHE DEFAULT CELL_FLASH_CACHE DEFAULT)
  TABLESPACE "SYSTEM" ;
--------------------------------------------------------
--  DDL for Index DETALLEFACC_PK
--------------------------------------------------------

  CREATE UNIQUE INDEX "SYSTEM"."DETALLEFACC_PK" ON "SYSTEM"."DETALLEFACC" ("NUMDETALLEC", "IDFACC", "PRODUCTO") 
  PCTFREE 10 INITRANS 2 MAXTRANS 255 COMPUTE STATISTICS 
  STORAGE(INITIAL 65536 NEXT 1048576 MINEXTENTS 1 MAXEXTENTS 2147483645
  PCTINCREASE 0 FREELISTS 1 FREELIST GROUPS 1
  BUFFER_POOL DEFAULT FLASH_CACHE DEFAULT CELL_FLASH_CACHE DEFAULT)
  TABLESPACE "SYSTEM" ;
--------------------------------------------------------
--  DDL for Index ACCESO_PK
--------------------------------------------------------

  CREATE UNIQUE INDEX "SYSTEM"."ACCESO_PK" ON "SYSTEM"."ACCESO" ("IDACCESO") 
  PCTFREE 10 INITRANS 2 MAXTRANS 255 COMPUTE STATISTICS 
  STORAGE(INITIAL 65536 NEXT 1048576 MINEXTENTS 1 MAXEXTENTS 2147483645
  PCTINCREASE 0 FREELISTS 1 FREELIST GROUPS 1
  BUFFER_POOL DEFAULT FLASH_CACHE DEFAULT CELL_FLASH_CACHE DEFAULT)
  TABLESPACE "SYSTEM" ;
--------------------------------------------------------
--  DDL for Index MONEDA_PK
--------------------------------------------------------

  CREATE UNIQUE INDEX "SYSTEM"."MONEDA_PK" ON "SYSTEM"."MONEDA" ("IDMONEDA") 
  PCTFREE 10 INITRANS 2 MAXTRANS 255 COMPUTE STATISTICS 
  STORAGE(INITIAL 65536 NEXT 1048576 MINEXTENTS 1 MAXEXTENTS 2147483645
  PCTINCREASE 0 FREELISTS 1 FREELIST GROUPS 1
  BUFFER_POOL DEFAULT FLASH_CACHE DEFAULT CELL_FLASH_CACHE DEFAULT)
  TABLESPACE "SYSTEM" ;
--------------------------------------------------------
--  DDL for Index CATCOLA_PK
--------------------------------------------------------

  CREATE UNIQUE INDEX "SYSTEM"."CATCOLA_PK" ON "SYSTEM"."CATCOLA" ("IDCAT") 
  PCTFREE 10 INITRANS 2 MAXTRANS 255 COMPUTE STATISTICS 
  STORAGE(INITIAL 65536 NEXT 1048576 MINEXTENTS 1 MAXEXTENTS 2147483645
  PCTINCREASE 0 FREELISTS 1 FREELIST GROUPS 1
  BUFFER_POOL DEFAULT FLASH_CACHE DEFAULT CELL_FLASH_CACHE DEFAULT)
  TABLESPACE "SYSTEM" ;
--------------------------------------------------------
--  DDL for Index INVENTARIO_PK
--------------------------------------------------------

  CREATE UNIQUE INDEX "SYSTEM"."INVENTARIO_PK" ON "SYSTEM"."INVENTARIO" ("IDPRODUCTO") 
  PCTFREE 10 INITRANS 2 MAXTRANS 255 COMPUTE STATISTICS 
  STORAGE(INITIAL 65536 NEXT 1048576 MINEXTENTS 1 MAXEXTENTS 2147483645
  PCTINCREASE 0 FREELISTS 1 FREELIST GROUPS 1
  BUFFER_POOL DEFAULT FLASH_CACHE DEFAULT CELL_FLASH_CACHE DEFAULT)
  TABLESPACE "SYSTEM" ;
--------------------------------------------------------
--  DDL for Index DETALLETRAS_PK
--------------------------------------------------------

  CREATE UNIQUE INDEX "SYSTEM"."DETALLETRAS_PK" ON "SYSTEM"."DETALLETRAS" ("NUMDETALLETRAS", "IDTRASL", "PRODUCTO") 
  PCTFREE 10 INITRANS 2 MAXTRANS 255 COMPUTE STATISTICS 
  STORAGE(INITIAL 65536 NEXT 1048576 MINEXTENTS 1 MAXEXTENTS 2147483645
  PCTINCREASE 0 FREELISTS 1 FREELIST GROUPS 1
  BUFFER_POOL DEFAULT FLASH_CACHE DEFAULT CELL_FLASH_CACHE DEFAULT)
  TABLESPACE "SYSTEM" ;
--------------------------------------------------------
--  DDL for Index DETALLEOC_PK
--------------------------------------------------------

  CREATE UNIQUE INDEX "SYSTEM"."DETALLEOC_PK" ON "SYSTEM"."DETALLEOC" ("NUMDETALLEOC", "IDOC", "PRODUCTO") 
  PCTFREE 10 INITRANS 2 MAXTRANS 255 COMPUTE STATISTICS 
  STORAGE(INITIAL 65536 NEXT 1048576 MINEXTENTS 1 MAXEXTENTS 2147483645
  PCTINCREASE 0 FREELISTS 1 FREELIST GROUPS 1
  BUFFER_POOL DEFAULT FLASH_CACHE DEFAULT CELL_FLASH_CACHE DEFAULT)
  TABLESPACE "SYSTEM" ;
--------------------------------------------------------
--  DDL for Index COTIZACION_PK
--------------------------------------------------------

  CREATE UNIQUE INDEX "SYSTEM"."COTIZACION_PK" ON "SYSTEM"."COTIZACION" ("IDCOTIZACION") 
  PCTFREE 10 INITRANS 2 MAXTRANS 255 COMPUTE STATISTICS 
  STORAGE(INITIAL 65536 NEXT 1048576 MINEXTENTS 1 MAXEXTENTS 2147483645
  PCTINCREASE 0 FREELISTS 1 FREELIST GROUPS 1
  BUFFER_POOL DEFAULT FLASH_CACHE DEFAULT CELL_FLASH_CACHE DEFAULT)
  TABLESPACE "SYSTEM" ;
--------------------------------------------------------
--  DDL for Index CLIENTES_PK
--------------------------------------------------------

  CREATE UNIQUE INDEX "SYSTEM"."CLIENTES_PK" ON "SYSTEM"."CLIENTES" ("IDCLIENTE") 
  PCTFREE 10 INITRANS 2 MAXTRANS 255 COMPUTE STATISTICS 
  STORAGE(INITIAL 65536 NEXT 1048576 MINEXTENTS 1 MAXEXTENTS 2147483645
  PCTINCREASE 0 FREELISTS 1 FREELIST GROUPS 1
  BUFFER_POOL DEFAULT FLASH_CACHE DEFAULT CELL_FLASH_CACHE DEFAULT)
  TABLESPACE "SYSTEM" ;
--------------------------------------------------------
--  DDL for Index BODEGA_PK
--------------------------------------------------------

  CREATE UNIQUE INDEX "SYSTEM"."BODEGA_PK" ON "SYSTEM"."BODEGA" ("IDBODEGA") 
  PCTFREE 10 INITRANS 2 MAXTRANS 255 COMPUTE STATISTICS 
  STORAGE(INITIAL 65536 NEXT 1048576 MINEXTENTS 1 MAXEXTENTS 2147483645
  PCTINCREASE 0 FREELISTS 1 FREELIST GROUPS 1
  BUFFER_POOL DEFAULT FLASH_CACHE DEFAULT CELL_FLASH_CACHE DEFAULT)
  TABLESPACE "SYSTEM" ;
--------------------------------------------------------
--  DDL for Index DEPARTAMENTO_PK
--------------------------------------------------------

  CREATE UNIQUE INDEX "SYSTEM"."DEPARTAMENTO_PK" ON "SYSTEM"."DEPARTAMENTO" ("IDDEPTO") 
  PCTFREE 10 INITRANS 2 MAXTRANS 255 COMPUTE STATISTICS 
  STORAGE(INITIAL 65536 NEXT 1048576 MINEXTENTS 1 MAXEXTENTS 2147483645
  PCTINCREASE 0 FREELISTS 1 FREELIST GROUPS 1
  BUFFER_POOL DEFAULT FLASH_CACHE DEFAULT CELL_FLASH_CACHE DEFAULT)
  TABLESPACE "SYSTEM" ;
--------------------------------------------------------
--  DDL for Index EMPRESA_PK
--------------------------------------------------------

  CREATE UNIQUE INDEX "SYSTEM"."EMPRESA_PK" ON "SYSTEM"."EMPRESA" ("IDEMPRESA") 
  PCTFREE 10 INITRANS 2 MAXTRANS 255 COMPUTE STATISTICS 
  STORAGE(INITIAL 65536 NEXT 1048576 MINEXTENTS 1 MAXEXTENTS 2147483645
  PCTINCREASE 0 FREELISTS 1 FREELIST GROUPS 1
  BUFFER_POOL DEFAULT FLASH_CACHE DEFAULT CELL_FLASH_CACHE DEFAULT)
  TABLESPACE "SYSTEM" ;
--------------------------------------------------------
--  DDL for Index ROLES_PK
--------------------------------------------------------

  CREATE UNIQUE INDEX "SYSTEM"."ROLES_PK" ON "SYSTEM"."ROL" ("IDROL") 
  PCTFREE 10 INITRANS 2 MAXTRANS 255 COMPUTE STATISTICS 
  STORAGE(INITIAL 65536 NEXT 1048576 MINEXTENTS 1 MAXEXTENTS 2147483645
  PCTINCREASE 0 FREELISTS 1 FREELIST GROUPS 1
  BUFFER_POOL DEFAULT FLASH_CACHE DEFAULT CELL_FLASH_CACHE DEFAULT)
  TABLESPACE "SYSTEM" ;
--------------------------------------------------------
--  DDL for Index COLABORADOR_PK
--------------------------------------------------------

  CREATE UNIQUE INDEX "SYSTEM"."COLABORADOR_PK" ON "SYSTEM"."COLABORADOR" ("IDCOLABORADOR") 
  PCTFREE 10 INITRANS 2 MAXTRANS 255 COMPUTE STATISTICS 
  STORAGE(INITIAL 65536 NEXT 1048576 MINEXTENTS 1 MAXEXTENTS 2147483645
  PCTINCREASE 0 FREELISTS 1 FREELIST GROUPS 1
  BUFFER_POOL DEFAULT FLASH_CACHE DEFAULT CELL_FLASH_CACHE DEFAULT)
  TABLESPACE "SYSTEM" ;
--------------------------------------------------------
--  DDL for Index GENERO_PK
--------------------------------------------------------

  CREATE UNIQUE INDEX "SYSTEM"."GENERO_PK" ON "SYSTEM"."GENERO" ("IDGENERO") 
  PCTFREE 10 INITRANS 2 MAXTRANS 255 COMPUTE STATISTICS 
  STORAGE(INITIAL 65536 NEXT 1048576 MINEXTENTS 1 MAXEXTENTS 2147483645
  PCTINCREASE 0 FREELISTS 1 FREELIST GROUPS 1
  BUFFER_POOL DEFAULT FLASH_CACHE DEFAULT CELL_FLASH_CACHE DEFAULT)
  TABLESPACE "SYSTEM" ;
--------------------------------------------------------
--  DDL for Index BITACORA_PK
--------------------------------------------------------

  CREATE UNIQUE INDEX "SYSTEM"."BITACORA_PK" ON "SYSTEM"."BITACORA" ("IDBITACORA") 
  PCTFREE 10 INITRANS 2 MAXTRANS 255 COMPUTE STATISTICS 
  STORAGE(INITIAL 65536 NEXT 1048576 MINEXTENTS 1 MAXEXTENTS 2147483645
  PCTINCREASE 0 FREELISTS 1 FREELIST GROUPS 1
  BUFFER_POOL DEFAULT FLASH_CACHE DEFAULT CELL_FLASH_CACHE DEFAULT)
  TABLESPACE "SYSTEM" ;
--------------------------------------------------------
--  DDL for Index MUNICIPIO_PK
--------------------------------------------------------

  CREATE UNIQUE INDEX "SYSTEM"."MUNICIPIO_PK" ON "SYSTEM"."MUNICIPIO" ("IDMUNI") 
  PCTFREE 10 INITRANS 2 MAXTRANS 255 COMPUTE STATISTICS 
  STORAGE(INITIAL 65536 NEXT 1048576 MINEXTENTS 1 MAXEXTENTS 2147483645
  PCTINCREASE 0 FREELISTS 1 FREELIST GROUPS 1
  BUFFER_POOL DEFAULT FLASH_CACHE DEFAULT CELL_FLASH_CACHE DEFAULT)
  TABLESPACE "SYSTEM" ;
--------------------------------------------------------
--  DDL for Index DETALLEFACV_PK
--------------------------------------------------------

  CREATE UNIQUE INDEX "SYSTEM"."DETALLEFACV_PK" ON "SYSTEM"."DETALLEFACV" ("NUMDETALLEV", "IDFACV", "PRODUCTO") 
  PCTFREE 10 INITRANS 2 MAXTRANS 255 COMPUTE STATISTICS 
  STORAGE(INITIAL 65536 NEXT 1048576 MINEXTENTS 1 MAXEXTENTS 2147483645
  PCTINCREASE 0 FREELISTS 1 FREELIST GROUPS 1
  BUFFER_POOL DEFAULT FLASH_CACHE DEFAULT CELL_FLASH_CACHE DEFAULT)
  TABLESPACE "SYSTEM" ;
--------------------------------------------------------
--  DDL for Index ESTADO_PK
--------------------------------------------------------

  CREATE UNIQUE INDEX "SYSTEM"."ESTADO_PK" ON "SYSTEM"."ESTADO" ("IDESTADO") 
  PCTFREE 10 INITRANS 2 MAXTRANS 255 COMPUTE STATISTICS 
  STORAGE(INITIAL 65536 NEXT 1048576 MINEXTENTS 1 MAXEXTENTS 2147483645
  PCTINCREASE 0 FREELISTS 1 FREELIST GROUPS 1
  BUFFER_POOL DEFAULT FLASH_CACHE DEFAULT CELL_FLASH_CACHE DEFAULT)
  TABLESPACE "SYSTEM" ;
--------------------------------------------------------
--  DDL for Index ENVIO_PK
--------------------------------------------------------

  CREATE UNIQUE INDEX "SYSTEM"."ENVIO_PK" ON "SYSTEM"."ENVIO" ("IDENVIO", "NOFACTURA") 
  PCTFREE 10 INITRANS 2 MAXTRANS 255 COMPUTE STATISTICS 
  STORAGE(INITIAL 65536 NEXT 1048576 MINEXTENTS 1 MAXEXTENTS 2147483645
  PCTINCREASE 0 FREELISTS 1 FREELIST GROUPS 1
  BUFFER_POOL DEFAULT FLASH_CACHE DEFAULT CELL_FLASH_CACHE DEFAULT)
  TABLESPACE "SYSTEM" ;
--------------------------------------------------------
--  DDL for Index USUARIO_PK
--------------------------------------------------------

  CREATE UNIQUE INDEX "SYSTEM"."USUARIO_PK" ON "SYSTEM"."USUARIO" ("IDUSUARIO") 
  PCTFREE 10 INITRANS 2 MAXTRANS 255 COMPUTE STATISTICS 
  STORAGE(INITIAL 65536 NEXT 1048576 MINEXTENTS 1 MAXEXTENTS 2147483645
  PCTINCREASE 0 FREELISTS 1 FREELIST GROUPS 1
  BUFFER_POOL DEFAULT FLASH_CACHE DEFAULT CELL_FLASH_CACHE DEFAULT)
  TABLESPACE "SYSTEM" ;
--------------------------------------------------------
--  DDL for Trigger PROVEEDOR_TRG
--------------------------------------------------------

  CREATE OR REPLACE NONEDITIONABLE TRIGGER "SYSTEM"."PROVEEDOR_TRG" 
BEFORE INSERT ON PROVEEDOR 
FOR EACH ROW 
BEGIN
  <<COLUMN_SEQUENCES>>
  BEGIN
    IF INSERTING AND :NEW.NIT IS NULL THEN
      SELECT PROVEEDOR_SEQ.NEXTVAL INTO :NEW.NIT FROM SYS.DUAL;
    END IF;
  END COLUMN_SEQUENCES;
END;
/
ALTER TRIGGER "SYSTEM"."PROVEEDOR_TRG" ENABLE;
--------------------------------------------------------
--  Constraints for Table FACTURAC
--------------------------------------------------------

  ALTER TABLE "SYSTEM"."FACTURAC" MODIFY ("UBICACION" NOT NULL ENABLE);
  ALTER TABLE "SYSTEM"."FACTURAC" MODIFY ("NUMFACC" NOT NULL ENABLE);
  ALTER TABLE "SYSTEM"."FACTURAC" MODIFY ("IDPROVEEDOR" NOT NULL ENABLE);
  ALTER TABLE "SYSTEM"."FACTURAC" MODIFY ("FECHACOMPRA" NOT NULL ENABLE);
  ALTER TABLE "SYSTEM"."FACTURAC" MODIFY ("METODOPAGO" NOT NULL ENABLE);
  ALTER TABLE "SYSTEM"."FACTURAC" MODIFY ("IDUSUARIOCREA" NOT NULL ENABLE);
  ALTER TABLE "SYSTEM"."FACTURAC" MODIFY ("FECHACREACION" NOT NULL ENABLE);
  ALTER TABLE "SYSTEM"."FACTURAC" MODIFY ("IDUSUARIOMODIF" NOT NULL ENABLE);
  ALTER TABLE "SYSTEM"."FACTURAC" MODIFY ("FECHAMODIF" NOT NULL ENABLE);
  ALTER TABLE "SYSTEM"."FACTURAC" MODIFY ("ESTADO" NOT NULL ENABLE);
  ALTER TABLE "SYSTEM"."FACTURAC" ADD CONSTRAINT "FACTURAC_PK" PRIMARY KEY ("NUMFACC")
  USING INDEX PCTFREE 10 INITRANS 2 MAXTRANS 255 COMPUTE STATISTICS 
  STORAGE(INITIAL 65536 NEXT 1048576 MINEXTENTS 1 MAXEXTENTS 2147483645
  PCTINCREASE 0 FREELISTS 1 FREELIST GROUPS 1
  BUFFER_POOL DEFAULT FLASH_CACHE DEFAULT CELL_FLASH_CACHE DEFAULT)
  TABLESPACE "SYSTEM"  ENABLE;
--------------------------------------------------------
--  Constraints for Table DETALLECOT
--------------------------------------------------------

  ALTER TABLE "SYSTEM"."DETALLECOT" MODIFY ("NUMDETALLECOT" NOT NULL ENABLE);
  ALTER TABLE "SYSTEM"."DETALLECOT" MODIFY ("IDCOTI" NOT NULL ENABLE);
  ALTER TABLE "SYSTEM"."DETALLECOT" MODIFY ("PRODUCTO" NOT NULL ENABLE);
  ALTER TABLE "SYSTEM"."DETALLECOT" MODIFY ("CANTIDAD" NOT NULL ENABLE);
  ALTER TABLE "SYSTEM"."DETALLECOT" MODIFY ("IDUSUARIOCREA" NOT NULL ENABLE);
  ALTER TABLE "SYSTEM"."DETALLECOT" MODIFY ("FECHACREACION" NOT NULL ENABLE);
  ALTER TABLE "SYSTEM"."DETALLECOT" MODIFY ("IDUSUARIOMODIF" NOT NULL ENABLE);
  ALTER TABLE "SYSTEM"."DETALLECOT" MODIFY ("FECHAMODIF" NOT NULL ENABLE);
  ALTER TABLE "SYSTEM"."DETALLECOT" ADD CONSTRAINT "DETALLECOT_PK" PRIMARY KEY ("NUMDETALLECOT", "IDCOTI", "PRODUCTO")
  USING INDEX PCTFREE 10 INITRANS 2 MAXTRANS 255 COMPUTE STATISTICS 
  STORAGE(INITIAL 65536 NEXT 1048576 MINEXTENTS 1 MAXEXTENTS 2147483645
  PCTINCREASE 0 FREELISTS 1 FREELIST GROUPS 1
  BUFFER_POOL DEFAULT FLASH_CACHE DEFAULT CELL_FLASH_CACHE DEFAULT)
  TABLESPACE "SYSTEM"  ENABLE;
  ALTER TABLE "SYSTEM"."DETALLECOT" MODIFY ("ESTADO" NOT NULL ENABLE);
--------------------------------------------------------
--  Constraints for Table SUCURSAL
--------------------------------------------------------

  ALTER TABLE "SYSTEM"."SUCURSAL" MODIFY ("IDSUCURSAL" NOT NULL ENABLE);
  ALTER TABLE "SYSTEM"."SUCURSAL" MODIFY ("NOMBRESUCURSAL" NOT NULL ENABLE);
  ALTER TABLE "SYSTEM"."SUCURSAL" MODIFY ("IDENCARGADO" NOT NULL ENABLE);
  ALTER TABLE "SYSTEM"."SUCURSAL" MODIFY ("IDUSUARIOCREA" NOT NULL ENABLE);
  ALTER TABLE "SYSTEM"."SUCURSAL" MODIFY ("FECHACREA" NOT NULL ENABLE);
  ALTER TABLE "SYSTEM"."SUCURSAL" ADD CONSTRAINT "SUCURSAL_PK" PRIMARY KEY ("IDSUCURSAL")
  USING INDEX PCTFREE 10 INITRANS 2 MAXTRANS 255 COMPUTE STATISTICS 
  STORAGE(INITIAL 65536 NEXT 1048576 MINEXTENTS 1 MAXEXTENTS 2147483645
  PCTINCREASE 0 FREELISTS 1 FREELIST GROUPS 1
  BUFFER_POOL DEFAULT FLASH_CACHE DEFAULT CELL_FLASH_CACHE DEFAULT)
  TABLESPACE "SYSTEM"  ENABLE;
  ALTER TABLE "SYSTEM"."SUCURSAL" MODIFY ("FECHAMODIF" NOT NULL ENABLE);
  ALTER TABLE "SYSTEM"."SUCURSAL" MODIFY ("ESTADO" NOT NULL ENABLE);
  ALTER TABLE "SYSTEM"."SUCURSAL" MODIFY ("IDUSUARIOMODIF" NOT NULL ENABLE);
--------------------------------------------------------
--  Constraints for Table CODPAIS
--------------------------------------------------------

  ALTER TABLE "SYSTEM"."CODPAIS" MODIFY ("IDCOD" NOT NULL ENABLE);
  ALTER TABLE "SYSTEM"."CODPAIS" MODIFY ("PAIS" NOT NULL ENABLE);
  ALTER TABLE "SYSTEM"."CODPAIS" MODIFY ("CODIGO" NOT NULL ENABLE);
  ALTER TABLE "SYSTEM"."CODPAIS" MODIFY ("IDUSUARIOCREA" NOT NULL ENABLE);
  ALTER TABLE "SYSTEM"."CODPAIS" MODIFY ("FECHACREACION" NOT NULL ENABLE);
  ALTER TABLE "SYSTEM"."CODPAIS" MODIFY ("IDUSUARIOMODIF" NOT NULL ENABLE);
  ALTER TABLE "SYSTEM"."CODPAIS" MODIFY ("FECHAMODIF" NOT NULL ENABLE);
  ALTER TABLE "SYSTEM"."CODPAIS" MODIFY ("ESTADO" NOT NULL ENABLE);
  ALTER TABLE "SYSTEM"."CODPAIS" ADD CONSTRAINT "CODPAIS_PK" PRIMARY KEY ("IDCOD")
  USING INDEX PCTFREE 10 INITRANS 2 MAXTRANS 255 COMPUTE STATISTICS 
  STORAGE(INITIAL 65536 NEXT 1048576 MINEXTENTS 1 MAXEXTENTS 2147483645
  PCTINCREASE 0 FREELISTS 1 FREELIST GROUPS 1
  BUFFER_POOL DEFAULT FLASH_CACHE DEFAULT CELL_FLASH_CACHE DEFAULT)
  TABLESPACE "SYSTEM"  ENABLE;
--------------------------------------------------------
--  Constraints for Table TRASLADO
--------------------------------------------------------

  ALTER TABLE "SYSTEM"."TRASLADO" MODIFY ("IDTRASLADO" NOT NULL ENABLE);
  ALTER TABLE "SYSTEM"."TRASLADO" MODIFY ("FECHATRASLADO" NOT NULL ENABLE);
  ALTER TABLE "SYSTEM"."TRASLADO" MODIFY ("RESPONSABLE" NOT NULL ENABLE);
  ALTER TABLE "SYSTEM"."TRASLADO" MODIFY ("LUGARORIGEN" NOT NULL ENABLE);
  ALTER TABLE "SYSTEM"."TRASLADO" MODIFY ("IDUSUARIOCRE" NOT NULL ENABLE);
  ALTER TABLE "SYSTEM"."TRASLADO" MODIFY ("FECHACREACION" NOT NULL ENABLE);
  ALTER TABLE "SYSTEM"."TRASLADO" MODIFY ("IDUSUARIOMOD" NOT NULL ENABLE);
  ALTER TABLE "SYSTEM"."TRASLADO" MODIFY ("FECHAMODIF" NOT NULL ENABLE);
  ALTER TABLE "SYSTEM"."TRASLADO" MODIFY ("ESTADO" NOT NULL ENABLE);
  ALTER TABLE "SYSTEM"."TRASLADO" ADD CONSTRAINT "TRASLADO_PK" PRIMARY KEY ("IDTRASLADO")
  USING INDEX PCTFREE 10 INITRANS 2 MAXTRANS 255 COMPUTE STATISTICS 
  STORAGE(INITIAL 65536 NEXT 1048576 MINEXTENTS 1 MAXEXTENTS 2147483645
  PCTINCREASE 0 FREELISTS 1 FREELIST GROUPS 1
  BUFFER_POOL DEFAULT FLASH_CACHE DEFAULT CELL_FLASH_CACHE DEFAULT)
  TABLESPACE "SYSTEM"  ENABLE;
--------------------------------------------------------
--  Constraints for Table ORDENCOMPRA
--------------------------------------------------------

  ALTER TABLE "SYSTEM"."ORDENCOMPRA" MODIFY ("IDORDEN" NOT NULL ENABLE);
  ALTER TABLE "SYSTEM"."ORDENCOMPRA" MODIFY ("FECHAORDEN" NOT NULL ENABLE);
  ALTER TABLE "SYSTEM"."ORDENCOMPRA" MODIFY ("PROVEEDOR" NOT NULL ENABLE);
  ALTER TABLE "SYSTEM"."ORDENCOMPRA" MODIFY ("METODOPAGO" NOT NULL ENABLE);
  ALTER TABLE "SYSTEM"."ORDENCOMPRA" MODIFY ("DATOSENTREGA" NOT NULL ENABLE);
  ALTER TABLE "SYSTEM"."ORDENCOMPRA" MODIFY ("IDUSUARIOCREA" NOT NULL ENABLE);
  ALTER TABLE "SYSTEM"."ORDENCOMPRA" MODIFY ("FECHACREA" NOT NULL ENABLE);
  ALTER TABLE "SYSTEM"."ORDENCOMPRA" MODIFY ("IDUSUARIOMODIF" NOT NULL ENABLE);
  ALTER TABLE "SYSTEM"."ORDENCOMPRA" MODIFY ("FECHAMODIF" NOT NULL ENABLE);
  ALTER TABLE "SYSTEM"."ORDENCOMPRA" MODIFY ("ESTADO" NOT NULL ENABLE);
  ALTER TABLE "SYSTEM"."ORDENCOMPRA" ADD CONSTRAINT "ORDENCOMPRA_PK" PRIMARY KEY ("IDORDEN")
  USING INDEX PCTFREE 10 INITRANS 2 MAXTRANS 255 COMPUTE STATISTICS 
  STORAGE(INITIAL 65536 NEXT 1048576 MINEXTENTS 1 MAXEXTENTS 2147483645
  PCTINCREASE 0 FREELISTS 1 FREELIST GROUPS 1
  BUFFER_POOL DEFAULT FLASH_CACHE DEFAULT CELL_FLASH_CACHE DEFAULT)
  TABLESPACE "SYSTEM"  ENABLE;
--------------------------------------------------------
--  Constraints for Table FACTURAV
--------------------------------------------------------

  ALTER TABLE "SYSTEM"."FACTURAV" ADD CONSTRAINT "FACTURAV_PK" PRIMARY KEY ("NUMFACV")
  USING INDEX PCTFREE 10 INITRANS 2 MAXTRANS 255 COMPUTE STATISTICS 
  STORAGE(INITIAL 65536 NEXT 1048576 MINEXTENTS 1 MAXEXTENTS 2147483645
  PCTINCREASE 0 FREELISTS 1 FREELIST GROUPS 1
  BUFFER_POOL DEFAULT FLASH_CACHE DEFAULT CELL_FLASH_CACHE DEFAULT)
  TABLESPACE "SYSTEM"  ENABLE;
  ALTER TABLE "SYSTEM"."FACTURAV" MODIFY ("NUMFACV" NOT NULL ENABLE);
  ALTER TABLE "SYSTEM"."FACTURAV" MODIFY ("IDCLIENTE" NOT NULL ENABLE);
  ALTER TABLE "SYSTEM"."FACTURAV" MODIFY ("IDVENDEDOR" NOT NULL ENABLE);
  ALTER TABLE "SYSTEM"."FACTURAV" MODIFY ("FECHAVENTA" NOT NULL ENABLE);
  ALTER TABLE "SYSTEM"."FACTURAV" MODIFY ("IDSUCURSAL" NOT NULL ENABLE);
  ALTER TABLE "SYSTEM"."FACTURAV" MODIFY ("METODOPAGO" NOT NULL ENABLE);
  ALTER TABLE "SYSTEM"."FACTURAV" MODIFY ("IDUSUARIOCREA" NOT NULL ENABLE);
  ALTER TABLE "SYSTEM"."FACTURAV" MODIFY ("FECHACREACION" NOT NULL ENABLE);
  ALTER TABLE "SYSTEM"."FACTURAV" MODIFY ("ESTADO" NOT NULL ENABLE);
--------------------------------------------------------
--  Constraints for Table CUADRES
--------------------------------------------------------

  ALTER TABLE "SYSTEM"."CUADRES" MODIFY ("IDCUADRE" NOT NULL ENABLE);
  ALTER TABLE "SYSTEM"."CUADRES" MODIFY ("COLABORADOR" NOT NULL ENABLE);
  ALTER TABLE "SYSTEM"."CUADRES" MODIFY ("CAJAINICIAL" NOT NULL ENABLE);
  ALTER TABLE "SYSTEM"."CUADRES" MODIFY ("VENTASEFECTIVO" NOT NULL ENABLE);
  ALTER TABLE "SYSTEM"."CUADRES" MODIFY ("VENTASTARJETA" NOT NULL ENABLE);
  ALTER TABLE "SYSTEM"."CUADRES" MODIFY ("INGRESOSADICIONALES" NOT NULL ENABLE);
  ALTER TABLE "SYSTEM"."CUADRES" MODIFY ("GASTOS" NOT NULL ENABLE);
  ALTER TABLE "SYSTEM"."CUADRES" MODIFY ("CAJAFINAL" NOT NULL ENABLE);
  ALTER TABLE "SYSTEM"."CUADRES" MODIFY ("DIFERENCIA" NOT NULL ENABLE);
  ALTER TABLE "SYSTEM"."CUADRES" MODIFY ("IDUSUARIOCREA" NOT NULL ENABLE);
  ALTER TABLE "SYSTEM"."CUADRES" MODIFY ("FECHACREA" NOT NULL ENABLE);
  ALTER TABLE "SYSTEM"."CUADRES" MODIFY ("IDUSUARIOMODIF" NOT NULL ENABLE);
  ALTER TABLE "SYSTEM"."CUADRES" MODIFY ("FECHAMODIF" NOT NULL ENABLE);
  ALTER TABLE "SYSTEM"."CUADRES" MODIFY ("ESTADO" NOT NULL ENABLE);
  ALTER TABLE "SYSTEM"."CUADRES" ADD CONSTRAINT "CUADRES_PK" PRIMARY KEY ("IDCUADRE")
  USING INDEX PCTFREE 10 INITRANS 2 MAXTRANS 255 COMPUTE STATISTICS 
  STORAGE(INITIAL 65536 NEXT 1048576 MINEXTENTS 1 MAXEXTENTS 2147483645
  PCTINCREASE 0 FREELISTS 1 FREELIST GROUPS 1
  BUFFER_POOL DEFAULT FLASH_CACHE DEFAULT CELL_FLASH_CACHE DEFAULT)
  TABLESPACE "SYSTEM"  ENABLE;
--------------------------------------------------------
--  Constraints for Table ESTADO_CIVIL
--------------------------------------------------------

  ALTER TABLE "SYSTEM"."ESTADO_CIVIL" MODIFY ("IDECIVIL" NOT NULL ENABLE);
  ALTER TABLE "SYSTEM"."ESTADO_CIVIL" MODIFY ("ESTADO_CIVIL" NOT NULL ENABLE);
  ALTER TABLE "SYSTEM"."ESTADO_CIVIL" MODIFY ("IDCREADOR" NOT NULL ENABLE);
  ALTER TABLE "SYSTEM"."ESTADO_CIVIL" MODIFY ("FECHACREA" NOT NULL ENABLE);
  ALTER TABLE "SYSTEM"."ESTADO_CIVIL" MODIFY ("IDMODIF" NOT NULL ENABLE);
  ALTER TABLE "SYSTEM"."ESTADO_CIVIL" MODIFY ("FECHAMODIF" NOT NULL ENABLE);
  ALTER TABLE "SYSTEM"."ESTADO_CIVIL" ADD CONSTRAINT "ESTADO_CIVIL_PK" PRIMARY KEY ("IDECIVIL")
  USING INDEX PCTFREE 10 INITRANS 2 MAXTRANS 255 COMPUTE STATISTICS 
  STORAGE(INITIAL 65536 NEXT 1048576 MINEXTENTS 1 MAXEXTENTS 2147483645
  PCTINCREASE 0 FREELISTS 1 FREELIST GROUPS 1
  BUFFER_POOL DEFAULT FLASH_CACHE DEFAULT CELL_FLASH_CACHE DEFAULT)
  TABLESPACE "SYSTEM"  ENABLE;
--------------------------------------------------------
--  Constraints for Table FORMAPAGO
--------------------------------------------------------

  ALTER TABLE "SYSTEM"."FORMAPAGO" MODIFY ("IDPAGO" NOT NULL ENABLE);
  ALTER TABLE "SYSTEM"."FORMAPAGO" MODIFY ("NOMMETODO" NOT NULL ENABLE);
  ALTER TABLE "SYSTEM"."FORMAPAGO" MODIFY ("MONEDA" NOT NULL ENABLE);
  ALTER TABLE "SYSTEM"."FORMAPAGO" MODIFY ("IDUSUARIOCREA" NOT NULL ENABLE);
  ALTER TABLE "SYSTEM"."FORMAPAGO" MODIFY ("FECHACREACION" NOT NULL ENABLE);
  ALTER TABLE "SYSTEM"."FORMAPAGO" MODIFY ("IDUSUARIOMODIF" NOT NULL ENABLE);
  ALTER TABLE "SYSTEM"."FORMAPAGO" MODIFY ("FECHAMODIF" NOT NULL ENABLE);
  ALTER TABLE "SYSTEM"."FORMAPAGO" MODIFY ("ESTADO" NOT NULL ENABLE);
  ALTER TABLE "SYSTEM"."FORMAPAGO" ADD CONSTRAINT "FORMAPAGO_PK" PRIMARY KEY ("IDPAGO")
  USING INDEX PCTFREE 10 INITRANS 2 MAXTRANS 255 COMPUTE STATISTICS 
  STORAGE(INITIAL 65536 NEXT 1048576 MINEXTENTS 1 MAXEXTENTS 2147483645
  PCTINCREASE 0 FREELISTS 1 FREELIST GROUPS 1
  BUFFER_POOL DEFAULT FLASH_CACHE DEFAULT CELL_FLASH_CACHE DEFAULT)
  TABLESPACE "SYSTEM"  ENABLE;
--------------------------------------------------------
--  Constraints for Table PROVEEDOR
--------------------------------------------------------

  ALTER TABLE "SYSTEM"."PROVEEDOR" MODIFY ("NIT" NOT NULL ENABLE);
  ALTER TABLE "SYSTEM"."PROVEEDOR" MODIFY ("IDPROVEEDOR" NOT NULL ENABLE);
  ALTER TABLE "SYSTEM"."PROVEEDOR" MODIFY ("NOMBREEMPRESA" NOT NULL ENABLE);
  ALTER TABLE "SYSTEM"."PROVEEDOR" MODIFY ("NOMBRECONTACTO" NOT NULL ENABLE);
  ALTER TABLE "SYSTEM"."PROVEEDOR" MODIFY ("EMAIL" NOT NULL ENABLE);
  ALTER TABLE "SYSTEM"."PROVEEDOR" MODIFY ("CODIGOPAIS" NOT NULL ENABLE);
  ALTER TABLE "SYSTEM"."PROVEEDOR" MODIFY ("TELEFONO" NOT NULL ENABLE);
  ALTER TABLE "SYSTEM"."PROVEEDOR" MODIFY ("DESCDIRECCION" NOT NULL ENABLE);
  ALTER TABLE "SYSTEM"."PROVEEDOR" MODIFY ("CALLE" NOT NULL ENABLE);
  ALTER TABLE "SYSTEM"."PROVEEDOR" MODIFY ("AVENIDA" NOT NULL ENABLE);
  ALTER TABLE "SYSTEM"."PROVEEDOR" MODIFY ("ZONA" NOT NULL ENABLE);
  ALTER TABLE "SYSTEM"."PROVEEDOR" MODIFY ("MUNICIPIO" NOT NULL ENABLE);
  ALTER TABLE "SYSTEM"."PROVEEDOR" MODIFY ("DEPARTAMENTO" NOT NULL ENABLE);
  ALTER TABLE "SYSTEM"."PROVEEDOR" MODIFY ("TIPOPRODUCTO" NOT NULL ENABLE);
  ALTER TABLE "SYSTEM"."PROVEEDOR" MODIFY ("FECHAALTA" NOT NULL ENABLE);
  ALTER TABLE "SYSTEM"."PROVEEDOR" MODIFY ("IDUSUARIOCREA" NOT NULL ENABLE);
  ALTER TABLE "SYSTEM"."PROVEEDOR" MODIFY ("FECHACREACION" NOT NULL ENABLE);
  ALTER TABLE "SYSTEM"."PROVEEDOR" MODIFY ("IDUSUARIOMODIF" NOT NULL ENABLE);
  ALTER TABLE "SYSTEM"."PROVEEDOR" MODIFY ("FECHAMODIF" NOT NULL ENABLE);
  ALTER TABLE "SYSTEM"."PROVEEDOR" MODIFY ("ESTADO" NOT NULL ENABLE);
  ALTER TABLE "SYSTEM"."PROVEEDOR" ADD CONSTRAINT "PROVEEDOR_PK" PRIMARY KEY ("IDPROVEEDOR")
  USING INDEX PCTFREE 10 INITRANS 2 MAXTRANS 255 COMPUTE STATISTICS 
  STORAGE(INITIAL 65536 NEXT 1048576 MINEXTENTS 1 MAXEXTENTS 2147483645
  PCTINCREASE 0 FREELISTS 1 FREELIST GROUPS 1
  BUFFER_POOL DEFAULT FLASH_CACHE DEFAULT CELL_FLASH_CACHE DEFAULT)
  TABLESPACE "SYSTEM"  ENABLE;
--------------------------------------------------------
--  Constraints for Table DETALLEFACC
--------------------------------------------------------

  ALTER TABLE "SYSTEM"."DETALLEFACC" MODIFY ("NUMDETALLEC" NOT NULL ENABLE);
  ALTER TABLE "SYSTEM"."DETALLEFACC" MODIFY ("IDFACC" NOT NULL ENABLE);
  ALTER TABLE "SYSTEM"."DETALLEFACC" MODIFY ("PRODUCTO" NOT NULL ENABLE);
  ALTER TABLE "SYSTEM"."DETALLEFACC" MODIFY ("CANTIDAD" NOT NULL ENABLE);
  ALTER TABLE "SYSTEM"."DETALLEFACC" MODIFY ("PRECIO" NOT NULL ENABLE);
  ALTER TABLE "SYSTEM"."DETALLEFACC" MODIFY ("IDUSUARIOCREA" NOT NULL ENABLE);
  ALTER TABLE "SYSTEM"."DETALLEFACC" MODIFY ("FECHACREACION" NOT NULL ENABLE);
  ALTER TABLE "SYSTEM"."DETALLEFACC" MODIFY ("IDUSUARIOMODIF" NOT NULL ENABLE);
  ALTER TABLE "SYSTEM"."DETALLEFACC" MODIFY ("FECHAMODIF" NOT NULL ENABLE);
  ALTER TABLE "SYSTEM"."DETALLEFACC" ADD CONSTRAINT "DETALLEFACC_PK" PRIMARY KEY ("NUMDETALLEC", "IDFACC", "PRODUCTO")
  USING INDEX PCTFREE 10 INITRANS 2 MAXTRANS 255 COMPUTE STATISTICS 
  STORAGE(INITIAL 65536 NEXT 1048576 MINEXTENTS 1 MAXEXTENTS 2147483645
  PCTINCREASE 0 FREELISTS 1 FREELIST GROUPS 1
  BUFFER_POOL DEFAULT FLASH_CACHE DEFAULT CELL_FLASH_CACHE DEFAULT)
  TABLESPACE "SYSTEM"  ENABLE;
  ALTER TABLE "SYSTEM"."DETALLEFACC" MODIFY ("ESTADO" NOT NULL ENABLE);
--------------------------------------------------------
--  Constraints for Table ACCESO
--------------------------------------------------------

  ALTER TABLE "SYSTEM"."ACCESO" MODIFY ("IDACCESO" NOT NULL ENABLE);
  ALTER TABLE "SYSTEM"."ACCESO" MODIFY ("IDUSUARIO" NOT NULL ENABLE);
  ALTER TABLE "SYSTEM"."ACCESO" MODIFY ("FECHA" NOT NULL ENABLE);
  ALTER TABLE "SYSTEM"."ACCESO" MODIFY ("TIPOACCESO" NOT NULL ENABLE);
  ALTER TABLE "SYSTEM"."ACCESO" MODIFY ("REGISTROINICIO" NOT NULL ENABLE);
  ALTER TABLE "SYSTEM"."ACCESO" MODIFY ("REGISTROFINAL" NOT NULL ENABLE);
  ALTER TABLE "SYSTEM"."ACCESO" MODIFY ("UBICACIONGE" NOT NULL ENABLE);
  ALTER TABLE "SYSTEM"."ACCESO" MODIFY ("IDUSUARIOCREA" NOT NULL ENABLE);
  ALTER TABLE "SYSTEM"."ACCESO" MODIFY ("FECHACREA" NOT NULL ENABLE);
  ALTER TABLE "SYSTEM"."ACCESO" MODIFY ("ESTADO" NOT NULL ENABLE);
  ALTER TABLE "SYSTEM"."ACCESO" ADD CONSTRAINT "ACCESO_PK" PRIMARY KEY ("IDACCESO")
  USING INDEX PCTFREE 10 INITRANS 2 MAXTRANS 255 COMPUTE STATISTICS 
  STORAGE(INITIAL 65536 NEXT 1048576 MINEXTENTS 1 MAXEXTENTS 2147483645
  PCTINCREASE 0 FREELISTS 1 FREELIST GROUPS 1
  BUFFER_POOL DEFAULT FLASH_CACHE DEFAULT CELL_FLASH_CACHE DEFAULT)
  TABLESPACE "SYSTEM"  ENABLE;
--------------------------------------------------------
--  Constraints for Table MONEDA
--------------------------------------------------------

  ALTER TABLE "SYSTEM"."MONEDA" MODIFY ("CODIGOISO" NOT NULL ENABLE);
  ALTER TABLE "SYSTEM"."MONEDA" MODIFY ("IDMONEDA" NOT NULL ENABLE);
  ALTER TABLE "SYSTEM"."MONEDA" MODIFY ("NOMBRE" NOT NULL ENABLE);
  ALTER TABLE "SYSTEM"."MONEDA" MODIFY ("SIMBOLO" NOT NULL ENABLE);
  ALTER TABLE "SYSTEM"."MONEDA" MODIFY ("VALORCAMBIO" NOT NULL ENABLE);
  ALTER TABLE "SYSTEM"."MONEDA" MODIFY ("IDUSUARIOCREA" NOT NULL ENABLE);
  ALTER TABLE "SYSTEM"."MONEDA" MODIFY ("FECHACREA" NOT NULL ENABLE);
  ALTER TABLE "SYSTEM"."MONEDA" MODIFY ("IDUSUARIOMODIF" NOT NULL ENABLE);
  ALTER TABLE "SYSTEM"."MONEDA" MODIFY ("FECHAMODIF" NOT NULL ENABLE);
  ALTER TABLE "SYSTEM"."MONEDA" MODIFY ("ESTADO" NOT NULL ENABLE);
  ALTER TABLE "SYSTEM"."MONEDA" ADD CONSTRAINT "MONEDA_PK" PRIMARY KEY ("IDMONEDA")
  USING INDEX PCTFREE 10 INITRANS 2 MAXTRANS 255 COMPUTE STATISTICS 
  STORAGE(INITIAL 65536 NEXT 1048576 MINEXTENTS 1 MAXEXTENTS 2147483645
  PCTINCREASE 0 FREELISTS 1 FREELIST GROUPS 1
  BUFFER_POOL DEFAULT FLASH_CACHE DEFAULT CELL_FLASH_CACHE DEFAULT)
  TABLESPACE "SYSTEM"  ENABLE;
  ALTER TABLE "SYSTEM"."MONEDA" MODIFY ("PAIS" NOT NULL ENABLE);
--------------------------------------------------------
--  Constraints for Table CATCOLA
--------------------------------------------------------

  ALTER TABLE "SYSTEM"."CATCOLA" MODIFY ("IDCAT" NOT NULL ENABLE);
  ALTER TABLE "SYSTEM"."CATCOLA" MODIFY ("NOMBRECAT" NOT NULL ENABLE);
  ALTER TABLE "SYSTEM"."CATCOLA" MODIFY ("IDUSUARIOCRE" NOT NULL ENABLE);
  ALTER TABLE "SYSTEM"."CATCOLA" MODIFY ("FECHACREACION" NOT NULL ENABLE);
  ALTER TABLE "SYSTEM"."CATCOLA" MODIFY ("IDUSUARIOMOD" NOT NULL ENABLE);
  ALTER TABLE "SYSTEM"."CATCOLA" MODIFY ("FECHAMODIF" NOT NULL ENABLE);
  ALTER TABLE "SYSTEM"."CATCOLA" MODIFY ("ESTADO" NOT NULL ENABLE);
  ALTER TABLE "SYSTEM"."CATCOLA" ADD CONSTRAINT "CATCOLA_PK" PRIMARY KEY ("IDCAT")
  USING INDEX PCTFREE 10 INITRANS 2 MAXTRANS 255 COMPUTE STATISTICS 
  STORAGE(INITIAL 65536 NEXT 1048576 MINEXTENTS 1 MAXEXTENTS 2147483645
  PCTINCREASE 0 FREELISTS 1 FREELIST GROUPS 1
  BUFFER_POOL DEFAULT FLASH_CACHE DEFAULT CELL_FLASH_CACHE DEFAULT)
  TABLESPACE "SYSTEM"  ENABLE;
--------------------------------------------------------
--  Constraints for Table INVENTARIO
--------------------------------------------------------

  ALTER TABLE "SYSTEM"."INVENTARIO" MODIFY ("IDPRODUCTO" NOT NULL ENABLE);
  ALTER TABLE "SYSTEM"."INVENTARIO" MODIFY ("NOMBRE" NOT NULL ENABLE);
  ALTER TABLE "SYSTEM"."INVENTARIO" MODIFY ("IDPROVEEDOR" NOT NULL ENABLE);
  ALTER TABLE "SYSTEM"."INVENTARIO" MODIFY ("PUNITARIO" NOT NULL ENABLE);
  ALTER TABLE "SYSTEM"."INVENTARIO" MODIFY ("FADQUISICION" NOT NULL ENABLE);
  ALTER TABLE "SYSTEM"."INVENTARIO" MODIFY ("LOTE" NOT NULL ENABLE);
  ALTER TABLE "SYSTEM"."INVENTARIO" MODIFY ("STOCK" NOT NULL ENABLE);
  ALTER TABLE "SYSTEM"."INVENTARIO" MODIFY ("UBICACION" NOT NULL ENABLE);
  ALTER TABLE "SYSTEM"."INVENTARIO" MODIFY ("FECHACREACION" NOT NULL ENABLE);
  ALTER TABLE "SYSTEM"."INVENTARIO" MODIFY ("IDUSUARIOCREA" NOT NULL ENABLE);
  ALTER TABLE "SYSTEM"."INVENTARIO" MODIFY ("IDUSUARIOACTUA" NOT NULL ENABLE);
  ALTER TABLE "SYSTEM"."INVENTARIO" MODIFY ("FECHAACTUA" NOT NULL ENABLE);
  ALTER TABLE "SYSTEM"."INVENTARIO" MODIFY ("ESTADO" NOT NULL ENABLE);
  ALTER TABLE "SYSTEM"."INVENTARIO" ADD CONSTRAINT "INVENTARIO_PK" PRIMARY KEY ("IDPRODUCTO")
  USING INDEX PCTFREE 10 INITRANS 2 MAXTRANS 255 COMPUTE STATISTICS 
  STORAGE(INITIAL 65536 NEXT 1048576 MINEXTENTS 1 MAXEXTENTS 2147483645
  PCTINCREASE 0 FREELISTS 1 FREELIST GROUPS 1
  BUFFER_POOL DEFAULT FLASH_CACHE DEFAULT CELL_FLASH_CACHE DEFAULT)
  TABLESPACE "SYSTEM"  ENABLE;
--------------------------------------------------------
--  Constraints for Table DETALLETRAS
--------------------------------------------------------

  ALTER TABLE "SYSTEM"."DETALLETRAS" ADD CONSTRAINT "DETALLETRAS_PK" PRIMARY KEY ("NUMDETALLETRAS", "IDTRASL", "PRODUCTO")
  USING INDEX PCTFREE 10 INITRANS 2 MAXTRANS 255 COMPUTE STATISTICS 
  STORAGE(INITIAL 65536 NEXT 1048576 MINEXTENTS 1 MAXEXTENTS 2147483645
  PCTINCREASE 0 FREELISTS 1 FREELIST GROUPS 1
  BUFFER_POOL DEFAULT FLASH_CACHE DEFAULT CELL_FLASH_CACHE DEFAULT)
  TABLESPACE "SYSTEM"  ENABLE;
  ALTER TABLE "SYSTEM"."DETALLETRAS" MODIFY ("NUMDETALLETRAS" NOT NULL ENABLE);
  ALTER TABLE "SYSTEM"."DETALLETRAS" MODIFY ("IDTRASL" NOT NULL ENABLE);
  ALTER TABLE "SYSTEM"."DETALLETRAS" MODIFY ("PRODUCTO" NOT NULL ENABLE);
  ALTER TABLE "SYSTEM"."DETALLETRAS" MODIFY ("CANTIDAD" NOT NULL ENABLE);
  ALTER TABLE "SYSTEM"."DETALLETRAS" MODIFY ("IDUSUARIOCREA" NOT NULL ENABLE);
  ALTER TABLE "SYSTEM"."DETALLETRAS" MODIFY ("FECHACREACION" NOT NULL ENABLE);
  ALTER TABLE "SYSTEM"."DETALLETRAS" MODIFY ("IDUSUARIOMODIF" NOT NULL ENABLE);
  ALTER TABLE "SYSTEM"."DETALLETRAS" MODIFY ("FECHAMODIF" NOT NULL ENABLE);
  ALTER TABLE "SYSTEM"."DETALLETRAS" MODIFY ("ESTADO" NOT NULL ENABLE);
--------------------------------------------------------
--  Constraints for Table DETALLEOC
--------------------------------------------------------

  ALTER TABLE "SYSTEM"."DETALLEOC" MODIFY ("NUMDETALLEOC" NOT NULL ENABLE);
  ALTER TABLE "SYSTEM"."DETALLEOC" MODIFY ("IDOC" NOT NULL ENABLE);
  ALTER TABLE "SYSTEM"."DETALLEOC" MODIFY ("PRODUCTO" NOT NULL ENABLE);
  ALTER TABLE "SYSTEM"."DETALLEOC" MODIFY ("CANTIDAD" NOT NULL ENABLE);
  ALTER TABLE "SYSTEM"."DETALLEOC" MODIFY ("PRECIO" NOT NULL ENABLE);
  ALTER TABLE "SYSTEM"."DETALLEOC" MODIFY ("IDUSUARIOCREA" NOT NULL ENABLE);
  ALTER TABLE "SYSTEM"."DETALLEOC" MODIFY ("FECHACREACION" NOT NULL ENABLE);
  ALTER TABLE "SYSTEM"."DETALLEOC" MODIFY ("IDUSUARIOMODIF" NOT NULL ENABLE);
  ALTER TABLE "SYSTEM"."DETALLEOC" MODIFY ("FECHAMODIF" NOT NULL ENABLE);
  ALTER TABLE "SYSTEM"."DETALLEOC" MODIFY ("ESTADO" NOT NULL ENABLE);
  ALTER TABLE "SYSTEM"."DETALLEOC" ADD CONSTRAINT "DETALLEOC_PK" PRIMARY KEY ("NUMDETALLEOC", "IDOC", "PRODUCTO")
  USING INDEX PCTFREE 10 INITRANS 2 MAXTRANS 255 COMPUTE STATISTICS 
  STORAGE(INITIAL 65536 NEXT 1048576 MINEXTENTS 1 MAXEXTENTS 2147483645
  PCTINCREASE 0 FREELISTS 1 FREELIST GROUPS 1
  BUFFER_POOL DEFAULT FLASH_CACHE DEFAULT CELL_FLASH_CACHE DEFAULT)
  TABLESPACE "SYSTEM"  ENABLE;
--------------------------------------------------------
--  Constraints for Table COTIZACION
--------------------------------------------------------

  ALTER TABLE "SYSTEM"."COTIZACION" MODIFY ("IDCOTIZACION" NOT NULL ENABLE);
  ALTER TABLE "SYSTEM"."COTIZACION" MODIFY ("FECHA" NOT NULL ENABLE);
  ALTER TABLE "SYSTEM"."COTIZACION" MODIFY ("IDCLIENTE" NOT NULL ENABLE);
  ALTER TABLE "SYSTEM"."COTIZACION" MODIFY ("IDVENDEDOR" NOT NULL ENABLE);
  ALTER TABLE "SYSTEM"."COTIZACION" MODIFY ("VIGENCIA" NOT NULL ENABLE);
  ALTER TABLE "SYSTEM"."COTIZACION" MODIFY ("IDUSUARIOCRE" NOT NULL ENABLE);
  ALTER TABLE "SYSTEM"."COTIZACION" MODIFY ("FECHACREACION" NOT NULL ENABLE);
  ALTER TABLE "SYSTEM"."COTIZACION" MODIFY ("IDUSUARIOMODIF" NOT NULL ENABLE);
  ALTER TABLE "SYSTEM"."COTIZACION" MODIFY ("FECHAMODIF" NOT NULL ENABLE);
  ALTER TABLE "SYSTEM"."COTIZACION" MODIFY ("ESTADO" NOT NULL ENABLE);
  ALTER TABLE "SYSTEM"."COTIZACION" ADD CONSTRAINT "COTIZACION_PK" PRIMARY KEY ("IDCOTIZACION")
  USING INDEX PCTFREE 10 INITRANS 2 MAXTRANS 255 COMPUTE STATISTICS 
  STORAGE(INITIAL 65536 NEXT 1048576 MINEXTENTS 1 MAXEXTENTS 2147483645
  PCTINCREASE 0 FREELISTS 1 FREELIST GROUPS 1
  BUFFER_POOL DEFAULT FLASH_CACHE DEFAULT CELL_FLASH_CACHE DEFAULT)
  TABLESPACE "SYSTEM"  ENABLE;
--------------------------------------------------------
--  Constraints for Table CLIENTES
--------------------------------------------------------

  ALTER TABLE "SYSTEM"."CLIENTES" MODIFY ("IDCLIENTE" NOT NULL ENABLE);
  ALTER TABLE "SYSTEM"."CLIENTES" MODIFY ("PRIMERNOMBRE" NOT NULL ENABLE);
  ALTER TABLE "SYSTEM"."CLIENTES" MODIFY ("SEGUNDONOMBRE" NOT NULL ENABLE);
  ALTER TABLE "SYSTEM"."CLIENTES" MODIFY ("PRIMERAPELLIDO" NOT NULL ENABLE);
  ALTER TABLE "SYSTEM"."CLIENTES" MODIFY ("SEGUNDOAPELLIDO" NOT NULL ENABLE);
  ALTER TABLE "SYSTEM"."CLIENTES" MODIFY ("DPI" NOT NULL ENABLE);
  ALTER TABLE "SYSTEM"."CLIENTES" MODIFY ("CODIGOPAIS" NOT NULL ENABLE);
  ALTER TABLE "SYSTEM"."CLIENTES" MODIFY ("TELEFONO" NOT NULL ENABLE);
  ALTER TABLE "SYSTEM"."CLIENTES" MODIFY ("FECHANAC" NOT NULL ENABLE);
  ALTER TABLE "SYSTEM"."CLIENTES" MODIFY ("GENERO" NOT NULL ENABLE);
  ALTER TABLE "SYSTEM"."CLIENTES" MODIFY ("DESCDIRECCION" NOT NULL ENABLE);
  ALTER TABLE "SYSTEM"."CLIENTES" MODIFY ("CALLE" NOT NULL ENABLE);
  ALTER TABLE "SYSTEM"."CLIENTES" MODIFY ("AVENIDA" NOT NULL ENABLE);
  ALTER TABLE "SYSTEM"."CLIENTES" MODIFY ("ZONA" NOT NULL ENABLE);
  ALTER TABLE "SYSTEM"."CLIENTES" MODIFY ("MUNICIPIO" NOT NULL ENABLE);
  ALTER TABLE "SYSTEM"."CLIENTES" MODIFY ("DEPARTAMENTO" NOT NULL ENABLE);
  ALTER TABLE "SYSTEM"."CLIENTES" MODIFY ("IDUSUARIOCRE" NOT NULL ENABLE);
  ALTER TABLE "SYSTEM"."CLIENTES" MODIFY ("FECHACREACION" NOT NULL ENABLE);
  ALTER TABLE "SYSTEM"."CLIENTES" MODIFY ("IDUSUARIOMOD" NOT NULL ENABLE);
  ALTER TABLE "SYSTEM"."CLIENTES" MODIFY ("FECHAMODIF" NOT NULL ENABLE);
  ALTER TABLE "SYSTEM"."CLIENTES" MODIFY ("ESTADO" NOT NULL ENABLE);
  ALTER TABLE "SYSTEM"."CLIENTES" ADD CONSTRAINT "CLIENTES_PK" PRIMARY KEY ("IDCLIENTE")
  USING INDEX PCTFREE 10 INITRANS 2 MAXTRANS 255 COMPUTE STATISTICS 
  STORAGE(INITIAL 65536 NEXT 1048576 MINEXTENTS 1 MAXEXTENTS 2147483645
  PCTINCREASE 0 FREELISTS 1 FREELIST GROUPS 1
  BUFFER_POOL DEFAULT FLASH_CACHE DEFAULT CELL_FLASH_CACHE DEFAULT)
  TABLESPACE "SYSTEM"  ENABLE;
  ALTER TABLE "SYSTEM"."CLIENTES" MODIFY ("CORREO" NOT NULL ENABLE);
--------------------------------------------------------
--  Constraints for Table BODEGA
--------------------------------------------------------

  ALTER TABLE "SYSTEM"."BODEGA" MODIFY ("IDBODEGA" NOT NULL ENABLE);
  ALTER TABLE "SYSTEM"."BODEGA" MODIFY ("NOMBRE" NOT NULL ENABLE);
  ALTER TABLE "SYSTEM"."BODEGA" MODIFY ("ENCARGADO" NOT NULL ENABLE);
  ALTER TABLE "SYSTEM"."BODEGA" MODIFY ("CODIGOPAIS" NOT NULL ENABLE);
  ALTER TABLE "SYSTEM"."BODEGA" MODIFY ("TELEFONO" NOT NULL ENABLE);
  ALTER TABLE "SYSTEM"."BODEGA" MODIFY ("DESCDIRECCION" NOT NULL ENABLE);
  ALTER TABLE "SYSTEM"."BODEGA" MODIFY ("CALLE" NOT NULL ENABLE);
  ALTER TABLE "SYSTEM"."BODEGA" MODIFY ("AVENIDA" NOT NULL ENABLE);
  ALTER TABLE "SYSTEM"."BODEGA" MODIFY ("ZONA" NOT NULL ENABLE);
  ALTER TABLE "SYSTEM"."BODEGA" MODIFY ("MUNICIPIO" NOT NULL ENABLE);
  ALTER TABLE "SYSTEM"."BODEGA" MODIFY ("DEPARTAMENTO" NOT NULL ENABLE);
  ALTER TABLE "SYSTEM"."BODEGA" MODIFY ("CAPACIDAD" NOT NULL ENABLE);
  ALTER TABLE "SYSTEM"."BODEGA" MODIFY ("IDUSUARIOCRE" NOT NULL ENABLE);
  ALTER TABLE "SYSTEM"."BODEGA" MODIFY ("FECHACREACION" NOT NULL ENABLE);
  ALTER TABLE "SYSTEM"."BODEGA" MODIFY ("IDUSUARIOMOD" NOT NULL ENABLE);
  ALTER TABLE "SYSTEM"."BODEGA" MODIFY ("FECHAMODIF" NOT NULL ENABLE);
  ALTER TABLE "SYSTEM"."BODEGA" MODIFY ("ESTADO" NOT NULL ENABLE);
  ALTER TABLE "SYSTEM"."BODEGA" ADD CONSTRAINT "BODEGA_PK" PRIMARY KEY ("IDBODEGA")
  USING INDEX PCTFREE 10 INITRANS 2 MAXTRANS 255 COMPUTE STATISTICS 
  STORAGE(INITIAL 65536 NEXT 1048576 MINEXTENTS 1 MAXEXTENTS 2147483645
  PCTINCREASE 0 FREELISTS 1 FREELIST GROUPS 1
  BUFFER_POOL DEFAULT FLASH_CACHE DEFAULT CELL_FLASH_CACHE DEFAULT)
  TABLESPACE "SYSTEM"  ENABLE;
--------------------------------------------------------
--  Constraints for Table DEPARTAMENTO
--------------------------------------------------------

  ALTER TABLE "SYSTEM"."DEPARTAMENTO" MODIFY ("IDDEPTO" NOT NULL ENABLE);
  ALTER TABLE "SYSTEM"."DEPARTAMENTO" MODIFY ("DEPARTAMENTO" NOT NULL ENABLE);
  ALTER TABLE "SYSTEM"."DEPARTAMENTO" MODIFY ("IDUSUARIOCREA" NOT NULL ENABLE);
  ALTER TABLE "SYSTEM"."DEPARTAMENTO" MODIFY ("FECHACREACION" NOT NULL ENABLE);
  ALTER TABLE "SYSTEM"."DEPARTAMENTO" MODIFY ("IDUSUARIOMODIF" NOT NULL ENABLE);
  ALTER TABLE "SYSTEM"."DEPARTAMENTO" MODIFY ("FECHAMODIF" NOT NULL ENABLE);
  ALTER TABLE "SYSTEM"."DEPARTAMENTO" ADD CONSTRAINT "DEPARTAMENTO_PK" PRIMARY KEY ("IDDEPTO")
  USING INDEX PCTFREE 10 INITRANS 2 MAXTRANS 255 COMPUTE STATISTICS 
  STORAGE(INITIAL 65536 NEXT 1048576 MINEXTENTS 1 MAXEXTENTS 2147483645
  PCTINCREASE 0 FREELISTS 1 FREELIST GROUPS 1
  BUFFER_POOL DEFAULT FLASH_CACHE DEFAULT CELL_FLASH_CACHE DEFAULT)
  TABLESPACE "SYSTEM"  ENABLE;
--------------------------------------------------------
--  Constraints for Table EMPRESA
--------------------------------------------------------

  ALTER TABLE "SYSTEM"."EMPRESA" MODIFY ("IDEMPRESA" NOT NULL ENABLE);
  ALTER TABLE "SYSTEM"."EMPRESA" MODIFY ("NOMBREEM" NOT NULL ENABLE);
  ALTER TABLE "SYSTEM"."EMPRESA" MODIFY ("DENOMINACIONSOCIAL" NOT NULL ENABLE);
  ALTER TABLE "SYSTEM"."EMPRESA" MODIFY ("NIT" NOT NULL ENABLE);
  ALTER TABLE "SYSTEM"."EMPRESA" MODIFY ("DESCDIRECCION" NOT NULL ENABLE);
  ALTER TABLE "SYSTEM"."EMPRESA" MODIFY ("CALLE" NOT NULL ENABLE);
  ALTER TABLE "SYSTEM"."EMPRESA" MODIFY ("AVENIDA" NOT NULL ENABLE);
  ALTER TABLE "SYSTEM"."EMPRESA" MODIFY ("ZONA" NOT NULL ENABLE);
  ALTER TABLE "SYSTEM"."EMPRESA" MODIFY ("MUNICIPIO" NOT NULL ENABLE);
  ALTER TABLE "SYSTEM"."EMPRESA" MODIFY ("DEPARTAMENTO" NOT NULL ENABLE);
  ALTER TABLE "SYSTEM"."EMPRESA" MODIFY ("CODPAIS" NOT NULL ENABLE);
  ALTER TABLE "SYSTEM"."EMPRESA" MODIFY ("TELEFONO" NOT NULL ENABLE);
  ALTER TABLE "SYSTEM"."EMPRESA" MODIFY ("EMAIL" NOT NULL ENABLE);
  ALTER TABLE "SYSTEM"."EMPRESA" MODIFY ("SECTORECONOMICO" NOT NULL ENABLE);
  ALTER TABLE "SYSTEM"."EMPRESA" MODIFY ("TIPOPERSONERIA" NOT NULL ENABLE);
  ALTER TABLE "SYSTEM"."EMPRESA" MODIFY ("FECHACONST" NOT NULL ENABLE);
  ALTER TABLE "SYSTEM"."EMPRESA" MODIFY ("ACTIVIDADECO" NOT NULL ENABLE);
  ALTER TABLE "SYSTEM"."EMPRESA" MODIFY ("FECHAOPERACIONES" NOT NULL ENABLE);
  ALTER TABLE "SYSTEM"."EMPRESA" MODIFY ("CONTADOR" NOT NULL ENABLE);
  ALTER TABLE "SYSTEM"."EMPRESA" MODIFY ("REPRESENTANTE" NOT NULL ENABLE);
  ALTER TABLE "SYSTEM"."EMPRESA" MODIFY ("IDUSUARIOCREA" NOT NULL ENABLE);
  ALTER TABLE "SYSTEM"."EMPRESA" MODIFY ("FECHACREA" NOT NULL ENABLE);
  ALTER TABLE "SYSTEM"."EMPRESA" MODIFY ("IDUSUARIOMODIF" NOT NULL ENABLE);
  ALTER TABLE "SYSTEM"."EMPRESA" MODIFY ("FECHAMODIF" NOT NULL ENABLE);
  ALTER TABLE "SYSTEM"."EMPRESA" MODIFY ("ESTADO" NOT NULL ENABLE);
  ALTER TABLE "SYSTEM"."EMPRESA" ADD CONSTRAINT "EMPRESA_PK" PRIMARY KEY ("IDEMPRESA")
  USING INDEX PCTFREE 10 INITRANS 2 MAXTRANS 255 COMPUTE STATISTICS 
  STORAGE(INITIAL 65536 NEXT 1048576 MINEXTENTS 1 MAXEXTENTS 2147483645
  PCTINCREASE 0 FREELISTS 1 FREELIST GROUPS 1
  BUFFER_POOL DEFAULT FLASH_CACHE DEFAULT CELL_FLASH_CACHE DEFAULT)
  TABLESPACE "SYSTEM"  ENABLE;
--------------------------------------------------------
--  Constraints for Table ROL
--------------------------------------------------------

  ALTER TABLE "SYSTEM"."ROL" MODIFY ("IDROL" NOT NULL ENABLE);
  ALTER TABLE "SYSTEM"."ROL" MODIFY ("NOMBREROL" NOT NULL ENABLE);
  ALTER TABLE "SYSTEM"."ROL" MODIFY ("DESCRIPCION" NOT NULL ENABLE);
  ALTER TABLE "SYSTEM"."ROL" MODIFY ("IDUSUARIOCREA" NOT NULL ENABLE);
  ALTER TABLE "SYSTEM"."ROL" MODIFY ("FECHACREA" NOT NULL ENABLE);
  ALTER TABLE "SYSTEM"."ROL" MODIFY ("IDUSUARIOMODIF" NOT NULL ENABLE);
  ALTER TABLE "SYSTEM"."ROL" MODIFY ("FECHAMODIF" NOT NULL ENABLE);
  ALTER TABLE "SYSTEM"."ROL" MODIFY ("ESTADO" NOT NULL ENABLE);
  ALTER TABLE "SYSTEM"."ROL" ADD CONSTRAINT "ROLES_PK" PRIMARY KEY ("IDROL")
  USING INDEX PCTFREE 10 INITRANS 2 MAXTRANS 255 COMPUTE STATISTICS 
  STORAGE(INITIAL 65536 NEXT 1048576 MINEXTENTS 1 MAXEXTENTS 2147483645
  PCTINCREASE 0 FREELISTS 1 FREELIST GROUPS 1
  BUFFER_POOL DEFAULT FLASH_CACHE DEFAULT CELL_FLASH_CACHE DEFAULT)
  TABLESPACE "SYSTEM"  ENABLE;
--------------------------------------------------------
--  Constraints for Table COLABORADOR
--------------------------------------------------------

  ALTER TABLE "SYSTEM"."COLABORADOR" MODIFY ("IDCOLABORADOR" NOT NULL ENABLE);
  ALTER TABLE "SYSTEM"."COLABORADOR" ADD CONSTRAINT "COLABORADOR_PK" PRIMARY KEY ("IDCOLABORADOR")
  USING INDEX PCTFREE 10 INITRANS 2 MAXTRANS 255 COMPUTE STATISTICS 
  STORAGE(INITIAL 65536 NEXT 1048576 MINEXTENTS 1 MAXEXTENTS 2147483645
  PCTINCREASE 0 FREELISTS 1 FREELIST GROUPS 1
  BUFFER_POOL DEFAULT FLASH_CACHE DEFAULT CELL_FLASH_CACHE DEFAULT)
  TABLESPACE "SYSTEM"  ENABLE;
  ALTER TABLE "SYSTEM"."COLABORADOR" MODIFY ("PRIMERNOMBRE" NOT NULL ENABLE);
  ALTER TABLE "SYSTEM"."COLABORADOR" MODIFY ("SEGUNDONOMBRE" NOT NULL ENABLE);
  ALTER TABLE "SYSTEM"."COLABORADOR" MODIFY ("PRIMERAPELLIDO" NOT NULL ENABLE);
  ALTER TABLE "SYSTEM"."COLABORADOR" MODIFY ("SEGUNDOAPELLIDO" NOT NULL ENABLE);
  ALTER TABLE "SYSTEM"."COLABORADOR" MODIFY ("GENERO" NOT NULL ENABLE);
  ALTER TABLE "SYSTEM"."COLABORADOR" MODIFY ("DPI" NOT NULL ENABLE);
  ALTER TABLE "SYSTEM"."COLABORADOR" MODIFY ("CODIGOPAIS" NOT NULL ENABLE);
  ALTER TABLE "SYSTEM"."COLABORADOR" MODIFY ("TELEFONO" NOT NULL ENABLE);
  ALTER TABLE "SYSTEM"."COLABORADOR" MODIFY ("EMAIL" NOT NULL ENABLE);
  ALTER TABLE "SYSTEM"."COLABORADOR" MODIFY ("DESCDIRECCION" NOT NULL ENABLE);
  ALTER TABLE "SYSTEM"."COLABORADOR" MODIFY ("CALLE" NOT NULL ENABLE);
  ALTER TABLE "SYSTEM"."COLABORADOR" MODIFY ("AVENIDA" NOT NULL ENABLE);
  ALTER TABLE "SYSTEM"."COLABORADOR" MODIFY ("ZONA" NOT NULL ENABLE);
  ALTER TABLE "SYSTEM"."COLABORADOR" MODIFY ("MUNICIPIO" NOT NULL ENABLE);
  ALTER TABLE "SYSTEM"."COLABORADOR" MODIFY ("DEPARTAMENTO" NOT NULL ENABLE);
  ALTER TABLE "SYSTEM"."COLABORADOR" MODIFY ("IDCREADOR" NOT NULL ENABLE);
  ALTER TABLE "SYSTEM"."COLABORADOR" MODIFY ("FECHACREACION" NOT NULL ENABLE);
  ALTER TABLE "SYSTEM"."COLABORADOR" MODIFY ("IDMODIF" NOT NULL ENABLE);
  ALTER TABLE "SYSTEM"."COLABORADOR" MODIFY ("FECHAMODIF" NOT NULL ENABLE);
  ALTER TABLE "SYSTEM"."COLABORADOR" MODIFY ("ESTADO" NOT NULL ENABLE);
  ALTER TABLE "SYSTEM"."COLABORADOR" MODIFY ("FECHANAC" NOT NULL ENABLE);
  ALTER TABLE "SYSTEM"."COLABORADOR" MODIFY ("CATECOLA" NOT NULL ENABLE);
  ALTER TABLE "SYSTEM"."COLABORADOR" MODIFY ("ESTADO_CIVIL" NOT NULL ENABLE);
--------------------------------------------------------
--  Constraints for Table GENERO
--------------------------------------------------------

  ALTER TABLE "SYSTEM"."GENERO" MODIFY ("IDGENERO" NOT NULL ENABLE);
  ALTER TABLE "SYSTEM"."GENERO" MODIFY ("GENERO" NOT NULL ENABLE);
  ALTER TABLE "SYSTEM"."GENERO" MODIFY ("IDUSUARIOCREA" NOT NULL ENABLE);
  ALTER TABLE "SYSTEM"."GENERO" MODIFY ("FECHACREACION" NOT NULL ENABLE);
  ALTER TABLE "SYSTEM"."GENERO" MODIFY ("IDUSUARIOMODIF" NOT NULL ENABLE);
  ALTER TABLE "SYSTEM"."GENERO" MODIFY ("FECHAMODIF" NOT NULL ENABLE);
  ALTER TABLE "SYSTEM"."GENERO" MODIFY ("ESTADO" NOT NULL ENABLE);
  ALTER TABLE "SYSTEM"."GENERO" ADD CONSTRAINT "GENERO_PK" PRIMARY KEY ("IDGENERO")
  USING INDEX PCTFREE 10 INITRANS 2 MAXTRANS 255 COMPUTE STATISTICS 
  STORAGE(INITIAL 65536 NEXT 1048576 MINEXTENTS 1 MAXEXTENTS 2147483645
  PCTINCREASE 0 FREELISTS 1 FREELIST GROUPS 1
  BUFFER_POOL DEFAULT FLASH_CACHE DEFAULT CELL_FLASH_CACHE DEFAULT)
  TABLESPACE "SYSTEM"  ENABLE;
--------------------------------------------------------
--  Constraints for Table BITACORA
--------------------------------------------------------

  ALTER TABLE "SYSTEM"."BITACORA" MODIFY ("IDBITACORA" NOT NULL ENABLE);
  ALTER TABLE "SYSTEM"."BITACORA" MODIFY ("USUARIO" NOT NULL ENABLE);
  ALTER TABLE "SYSTEM"."BITACORA" MODIFY ("ACCION" NOT NULL ENABLE);
  ALTER TABLE "SYSTEM"."BITACORA" MODIFY ("DESCRIPCION" NOT NULL ENABLE);
  ALTER TABLE "SYSTEM"."BITACORA" MODIFY ("IDUSUARIOCREA" NOT NULL ENABLE);
  ALTER TABLE "SYSTEM"."BITACORA" MODIFY ("FECHACREA" NOT NULL ENABLE);
  ALTER TABLE "SYSTEM"."BITACORA" MODIFY ("IDUSUARIOMODIF" NOT NULL ENABLE);
  ALTER TABLE "SYSTEM"."BITACORA" MODIFY ("FECHAMODIF" NOT NULL ENABLE);
  ALTER TABLE "SYSTEM"."BITACORA" MODIFY ("ESTADO" NOT NULL ENABLE);
  ALTER TABLE "SYSTEM"."BITACORA" ADD CONSTRAINT "BITACORA_PK" PRIMARY KEY ("IDBITACORA")
  USING INDEX PCTFREE 10 INITRANS 2 MAXTRANS 255 COMPUTE STATISTICS 
  STORAGE(INITIAL 65536 NEXT 1048576 MINEXTENTS 1 MAXEXTENTS 2147483645
  PCTINCREASE 0 FREELISTS 1 FREELIST GROUPS 1
  BUFFER_POOL DEFAULT FLASH_CACHE DEFAULT CELL_FLASH_CACHE DEFAULT)
  TABLESPACE "SYSTEM"  ENABLE;
--------------------------------------------------------
--  Constraints for Table MUNICIPIO
--------------------------------------------------------

  ALTER TABLE "SYSTEM"."MUNICIPIO" MODIFY ("MUNICIPIO" NOT NULL ENABLE);
  ALTER TABLE "SYSTEM"."MUNICIPIO" MODIFY ("IDMUNI" NOT NULL ENABLE);
  ALTER TABLE "SYSTEM"."MUNICIPIO" MODIFY ("DEPARTAMENTO" NOT NULL ENABLE);
  ALTER TABLE "SYSTEM"."MUNICIPIO" MODIFY ("IDUSUARIOCREA" NOT NULL ENABLE);
  ALTER TABLE "SYSTEM"."MUNICIPIO" MODIFY ("FECHACREACION" NOT NULL ENABLE);
  ALTER TABLE "SYSTEM"."MUNICIPIO" MODIFY ("IDUSUARIOMODIF" NOT NULL ENABLE);
  ALTER TABLE "SYSTEM"."MUNICIPIO" MODIFY ("FECHAMODIF" NOT NULL ENABLE);
  ALTER TABLE "SYSTEM"."MUNICIPIO" MODIFY ("ESTADO" NOT NULL ENABLE);
  ALTER TABLE "SYSTEM"."MUNICIPIO" ADD CONSTRAINT "MUNICIPIO_PK" PRIMARY KEY ("IDMUNI")
  USING INDEX PCTFREE 10 INITRANS 2 MAXTRANS 255 COMPUTE STATISTICS 
  STORAGE(INITIAL 65536 NEXT 1048576 MINEXTENTS 1 MAXEXTENTS 2147483645
  PCTINCREASE 0 FREELISTS 1 FREELIST GROUPS 1
  BUFFER_POOL DEFAULT FLASH_CACHE DEFAULT CELL_FLASH_CACHE DEFAULT)
  TABLESPACE "SYSTEM"  ENABLE;
--------------------------------------------------------
--  Constraints for Table DETALLEFACV
--------------------------------------------------------

  ALTER TABLE "SYSTEM"."DETALLEFACV" MODIFY ("FECHAMODIF" NOT NULL ENABLE);
  ALTER TABLE "SYSTEM"."DETALLEFACV" MODIFY ("NUMDETALLEV" NOT NULL ENABLE);
  ALTER TABLE "SYSTEM"."DETALLEFACV" MODIFY ("IDFACV" NOT NULL ENABLE);
  ALTER TABLE "SYSTEM"."DETALLEFACV" MODIFY ("PRODUCTO" NOT NULL ENABLE);
  ALTER TABLE "SYSTEM"."DETALLEFACV" MODIFY ("CANTIDAD" NOT NULL ENABLE);
  ALTER TABLE "SYSTEM"."DETALLEFACV" MODIFY ("IDUSUARIOCREA" NOT NULL ENABLE);
  ALTER TABLE "SYSTEM"."DETALLEFACV" MODIFY ("FECHACREACION" NOT NULL ENABLE);
  ALTER TABLE "SYSTEM"."DETALLEFACV" MODIFY ("IDUSUARIOMODIF" NOT NULL ENABLE);
  ALTER TABLE "SYSTEM"."DETALLEFACV" MODIFY ("ESTADO" NOT NULL ENABLE);
  ALTER TABLE "SYSTEM"."DETALLEFACV" ADD CONSTRAINT "DETALLEFACV_PK" PRIMARY KEY ("NUMDETALLEV", "IDFACV", "PRODUCTO")
  USING INDEX PCTFREE 10 INITRANS 2 MAXTRANS 255 COMPUTE STATISTICS 
  STORAGE(INITIAL 65536 NEXT 1048576 MINEXTENTS 1 MAXEXTENTS 2147483645
  PCTINCREASE 0 FREELISTS 1 FREELIST GROUPS 1
  BUFFER_POOL DEFAULT FLASH_CACHE DEFAULT CELL_FLASH_CACHE DEFAULT)
  TABLESPACE "SYSTEM"  ENABLE;
--------------------------------------------------------
--  Constraints for Table ESTADO
--------------------------------------------------------

  ALTER TABLE "SYSTEM"."ESTADO" MODIFY ("IDESTADO" NOT NULL ENABLE);
  ALTER TABLE "SYSTEM"."ESTADO" MODIFY ("ESTADO" NOT NULL ENABLE);
  ALTER TABLE "SYSTEM"."ESTADO" MODIFY ("IDUSUARIOCREA" NOT NULL ENABLE);
  ALTER TABLE "SYSTEM"."ESTADO" MODIFY ("FECHACREACION" NOT NULL ENABLE);
  ALTER TABLE "SYSTEM"."ESTADO" MODIFY ("IDUSUARIOMODIF" NOT NULL ENABLE);
  ALTER TABLE "SYSTEM"."ESTADO" MODIFY ("FECHAMODIF" NOT NULL ENABLE);
  ALTER TABLE "SYSTEM"."ESTADO" ADD CONSTRAINT "ESTADO_PK" PRIMARY KEY ("IDESTADO")
  USING INDEX PCTFREE 10 INITRANS 2 MAXTRANS 255 COMPUTE STATISTICS 
  STORAGE(INITIAL 65536 NEXT 1048576 MINEXTENTS 1 MAXEXTENTS 2147483645
  PCTINCREASE 0 FREELISTS 1 FREELIST GROUPS 1
  BUFFER_POOL DEFAULT FLASH_CACHE DEFAULT CELL_FLASH_CACHE DEFAULT)
  TABLESPACE "SYSTEM"  ENABLE;
--------------------------------------------------------
--  Constraints for Table ENVIO
--------------------------------------------------------

  ALTER TABLE "SYSTEM"."ENVIO" MODIFY ("IDENVIO" NOT NULL ENABLE);
  ALTER TABLE "SYSTEM"."ENVIO" MODIFY ("FECHAENVIO" NOT NULL ENABLE);
  ALTER TABLE "SYSTEM"."ENVIO" MODIFY ("ORIGENENVIO" NOT NULL ENABLE);
  ALTER TABLE "SYSTEM"."ENVIO" MODIFY ("DESTINOENVIO" NOT NULL ENABLE);
  ALTER TABLE "SYSTEM"."ENVIO" MODIFY ("RESPONSABLE" NOT NULL ENABLE);
  ALTER TABLE "SYSTEM"."ENVIO" MODIFY ("COSTOENVIO" NOT NULL ENABLE);
  ALTER TABLE "SYSTEM"."ENVIO" MODIFY ("IDUSUARIOCRE" NOT NULL ENABLE);
  ALTER TABLE "SYSTEM"."ENVIO" MODIFY ("FECHACREACION" NOT NULL ENABLE);
  ALTER TABLE "SYSTEM"."ENVIO" MODIFY ("IDUSUARIOMOD" NOT NULL ENABLE);
  ALTER TABLE "SYSTEM"."ENVIO" MODIFY ("FECHAMODIF" NOT NULL ENABLE);
  ALTER TABLE "SYSTEM"."ENVIO" MODIFY ("ESTADO" NOT NULL ENABLE);
  ALTER TABLE "SYSTEM"."ENVIO" MODIFY ("NOFACTURA" NOT NULL ENABLE);
  ALTER TABLE "SYSTEM"."ENVIO" ADD CONSTRAINT "ENVIO_PK" PRIMARY KEY ("IDENVIO", "NOFACTURA")
  USING INDEX PCTFREE 10 INITRANS 2 MAXTRANS 255 COMPUTE STATISTICS 
  STORAGE(INITIAL 65536 NEXT 1048576 MINEXTENTS 1 MAXEXTENTS 2147483645
  PCTINCREASE 0 FREELISTS 1 FREELIST GROUPS 1
  BUFFER_POOL DEFAULT FLASH_CACHE DEFAULT CELL_FLASH_CACHE DEFAULT)
  TABLESPACE "SYSTEM"  ENABLE;
--------------------------------------------------------
--  Constraints for Table USUARIO
--------------------------------------------------------

  ALTER TABLE "SYSTEM"."USUARIO" MODIFY ("IDUSUARIO" NOT NULL ENABLE);
  ALTER TABLE "SYSTEM"."USUARIO" MODIFY ("IDCOLABORADOR" NOT NULL ENABLE);
  ALTER TABLE "SYSTEM"."USUARIO" MODIFY ("CONTRASEÑA" NOT NULL ENABLE);
  ALTER TABLE "SYSTEM"."USUARIO" ADD CONSTRAINT "USUARIO_PK" PRIMARY KEY ("IDUSUARIO")
  USING INDEX PCTFREE 10 INITRANS 2 MAXTRANS 255 COMPUTE STATISTICS 
  STORAGE(INITIAL 65536 NEXT 1048576 MINEXTENTS 1 MAXEXTENTS 2147483645
  PCTINCREASE 0 FREELISTS 1 FREELIST GROUPS 1
  BUFFER_POOL DEFAULT FLASH_CACHE DEFAULT CELL_FLASH_CACHE DEFAULT)
  TABLESPACE "SYSTEM"  ENABLE;
--------------------------------------------------------
--  Ref Constraints for Table FACTURAC
--------------------------------------------------------

  ALTER TABLE "SYSTEM"."FACTURAC" ADD CONSTRAINT "FK_FACTURAC_UBI" FOREIGN KEY ("UBICACION")
	  REFERENCES "SYSTEM"."BODEGA" ("IDBODEGA") ENABLE;
  ALTER TABLE "SYSTEM"."FACTURAC" ADD CONSTRAINT "FK_FACTURAC_USUARIO" FOREIGN KEY ("IDUSUARIOCREA")
	  REFERENCES "SYSTEM"."USUARIO" ("IDUSUARIO") ENABLE;
  ALTER TABLE "SYSTEM"."FACTURAC" ADD CONSTRAINT "FK_FACTURAC_USUARIO1" FOREIGN KEY ("IDUSUARIOMODIF")
	  REFERENCES "SYSTEM"."USUARIO" ("IDUSUARIO") ENABLE;
  ALTER TABLE "SYSTEM"."FACTURAC" ADD CONSTRAINT "FK_FACTURAC_ESTADO" FOREIGN KEY ("ESTADO")
	  REFERENCES "SYSTEM"."ESTADO" ("IDESTADO") ENABLE;
  ALTER TABLE "SYSTEM"."FACTURAC" ADD CONSTRAINT "FK_PROVEEDOR_FACTURAC" FOREIGN KEY ("IDPROVEEDOR")
	  REFERENCES "SYSTEM"."PROVEEDOR" ("IDPROVEEDOR") ENABLE;
  ALTER TABLE "SYSTEM"."FACTURAC" ADD CONSTRAINT "FK_FACTURAC_PAGO" FOREIGN KEY ("METODOPAGO")
	  REFERENCES "SYSTEM"."FORMAPAGO" ("IDPAGO") ENABLE;
--------------------------------------------------------
--  Ref Constraints for Table DETALLECOT
--------------------------------------------------------

  ALTER TABLE "SYSTEM"."DETALLECOT" ADD CONSTRAINT "FK_DETALLECOT_COTIZACION" FOREIGN KEY ("IDCOTI")
	  REFERENCES "SYSTEM"."COTIZACION" ("IDCOTIZACION") ENABLE;
  ALTER TABLE "SYSTEM"."DETALLECOT" ADD CONSTRAINT "FK_DETALLECOT_USUARIO" FOREIGN KEY ("IDUSUARIOCREA")
	  REFERENCES "SYSTEM"."USUARIO" ("IDUSUARIO") ENABLE;
  ALTER TABLE "SYSTEM"."DETALLECOT" ADD CONSTRAINT "FK_DETALLECOT_USUARIO1" FOREIGN KEY ("IDUSUARIOMODIF")
	  REFERENCES "SYSTEM"."USUARIO" ("IDUSUARIO") ENABLE;
  ALTER TABLE "SYSTEM"."DETALLECOT" ADD CONSTRAINT "FK_DETALLECOT_INVENTARIO" FOREIGN KEY ("PRODUCTO")
	  REFERENCES "SYSTEM"."INVENTARIO" ("IDPRODUCTO") ENABLE;
  ALTER TABLE "SYSTEM"."DETALLECOT" ADD CONSTRAINT "FK_DETALLECOT_ESTADO" FOREIGN KEY ("ESTADO")
	  REFERENCES "SYSTEM"."ESTADO" ("IDESTADO") ENABLE;
--------------------------------------------------------
--  Ref Constraints for Table SUCURSAL
--------------------------------------------------------

  ALTER TABLE "SYSTEM"."SUCURSAL" ADD CONSTRAINT "FK_SUCURSAL_USUARIO" FOREIGN KEY ("IDUSUARIOCREA")
	  REFERENCES "SYSTEM"."USUARIO" ("IDUSUARIO") ENABLE;
  ALTER TABLE "SYSTEM"."SUCURSAL" ADD CONSTRAINT "FK_SUCURSAL_USUARIO1" FOREIGN KEY ("IDUSUARIOMODIF")
	  REFERENCES "SYSTEM"."USUARIO" ("IDUSUARIO") ENABLE;
  ALTER TABLE "SYSTEM"."SUCURSAL" ADD CONSTRAINT "FK_SUCURSAL_ESTADO" FOREIGN KEY ("ESTADO")
	  REFERENCES "SYSTEM"."ESTADO" ("IDESTADO") ENABLE;
--------------------------------------------------------
--  Ref Constraints for Table CODPAIS
--------------------------------------------------------

  ALTER TABLE "SYSTEM"."CODPAIS" ADD CONSTRAINT "FK_CODPAIS_ESTADO" FOREIGN KEY ("ESTADO")
	  REFERENCES "SYSTEM"."ESTADO" ("IDESTADO") ENABLE;
  ALTER TABLE "SYSTEM"."CODPAIS" ADD CONSTRAINT "FK_CODPAIS_USUARIO" FOREIGN KEY ("IDUSUARIOCREA")
	  REFERENCES "SYSTEM"."USUARIO" ("IDUSUARIO") ENABLE;
  ALTER TABLE "SYSTEM"."CODPAIS" ADD CONSTRAINT "FK_CODPAIS_USUARIO1" FOREIGN KEY ("IDUSUARIOMODIF")
	  REFERENCES "SYSTEM"."USUARIO" ("IDUSUARIO") ENABLE;
--------------------------------------------------------
--  Ref Constraints for Table TRASLADO
--------------------------------------------------------

  ALTER TABLE "SYSTEM"."TRASLADO" ADD CONSTRAINT "FK_TRASLADO_SUCURSAL" FOREIGN KEY ("DESTINOSUCURSAL")
	  REFERENCES "SYSTEM"."SUCURSAL" ("IDSUCURSAL") ENABLE;
  ALTER TABLE "SYSTEM"."TRASLADO" ADD CONSTRAINT "FK_TRASLADO_BOD" FOREIGN KEY ("LUGARORIGEN")
	  REFERENCES "SYSTEM"."BODEGA" ("IDBODEGA") ENABLE;
  ALTER TABLE "SYSTEM"."TRASLADO" ADD CONSTRAINT "FK_TRASLADO_BODEGA1" FOREIGN KEY ("DESTINOBODEGA")
	  REFERENCES "SYSTEM"."BODEGA" ("IDBODEGA") ENABLE;
  ALTER TABLE "SYSTEM"."TRASLADO" ADD CONSTRAINT "FK_TRASLADO_USUARIO" FOREIGN KEY ("IDUSUARIOCRE")
	  REFERENCES "SYSTEM"."USUARIO" ("IDUSUARIO") ENABLE;
  ALTER TABLE "SYSTEM"."TRASLADO" ADD CONSTRAINT "FK_TRASLADO_USUARIO1" FOREIGN KEY ("IDUSUARIOMOD")
	  REFERENCES "SYSTEM"."USUARIO" ("IDUSUARIO") ENABLE;
  ALTER TABLE "SYSTEM"."TRASLADO" ADD CONSTRAINT "FK_TRASLADO_ESTADO" FOREIGN KEY ("ESTADO")
	  REFERENCES "SYSTEM"."ESTADO" ("IDESTADO") ENABLE;
--------------------------------------------------------
--  Ref Constraints for Table ORDENCOMPRA
--------------------------------------------------------

  ALTER TABLE "SYSTEM"."ORDENCOMPRA" ADD CONSTRAINT "FK_ORDENCOMPRA_PROVEEDOR" FOREIGN KEY ("PROVEEDOR")
	  REFERENCES "SYSTEM"."PROVEEDOR" ("IDPROVEEDOR") ENABLE;
  ALTER TABLE "SYSTEM"."ORDENCOMPRA" ADD CONSTRAINT "FK_ORDENCOMPRA_PAGO" FOREIGN KEY ("METODOPAGO")
	  REFERENCES "SYSTEM"."FORMAPAGO" ("IDPAGO") ENABLE;
  ALTER TABLE "SYSTEM"."ORDENCOMPRA" ADD CONSTRAINT "FK_ORDENCOMPRA_USUARIO" FOREIGN KEY ("IDUSUARIOCREA")
	  REFERENCES "SYSTEM"."USUARIO" ("IDUSUARIO") ENABLE;
  ALTER TABLE "SYSTEM"."ORDENCOMPRA" ADD CONSTRAINT "FK_ORDENCOMPRA_USUARIO1" FOREIGN KEY ("IDUSUARIOMODIF")
	  REFERENCES "SYSTEM"."USUARIO" ("IDUSUARIO") ENABLE;
  ALTER TABLE "SYSTEM"."ORDENCOMPRA" ADD CONSTRAINT "FK_ORDENCOMPRA_ESTADO" FOREIGN KEY ("ESTADO")
	  REFERENCES "SYSTEM"."ESTADO" ("IDESTADO") ENABLE;
--------------------------------------------------------
--  Ref Constraints for Table FACTURAV
--------------------------------------------------------

  ALTER TABLE "SYSTEM"."FACTURAV" ADD CONSTRAINT "FK_FACTURAV_CLIENTES" FOREIGN KEY ("IDCLIENTE")
	  REFERENCES "SYSTEM"."CLIENTES" ("IDCLIENTE") ENABLE;
  ALTER TABLE "SYSTEM"."FACTURAV" ADD CONSTRAINT "FK_FACTURAV_SUCUR" FOREIGN KEY ("IDSUCURSAL")
	  REFERENCES "SYSTEM"."SUCURSAL" ("IDSUCURSAL") ENABLE;
  ALTER TABLE "SYSTEM"."FACTURAV" ADD CONSTRAINT "FK_FACTURAV_PAGO" FOREIGN KEY ("METODOPAGO")
	  REFERENCES "SYSTEM"."FORMAPAGO" ("IDPAGO") ENABLE;
  ALTER TABLE "SYSTEM"."FACTURAV" ADD CONSTRAINT "FK_FACTURAV_USUARIO" FOREIGN KEY ("IDUSUARIOCREA")
	  REFERENCES "SYSTEM"."USUARIO" ("IDUSUARIO") ENABLE;
  ALTER TABLE "SYSTEM"."FACTURAV" ADD CONSTRAINT "FK_FACTURAV_ESTADO" FOREIGN KEY ("ESTADO")
	  REFERENCES "SYSTEM"."ESTADO" ("IDESTADO") ENABLE;
--------------------------------------------------------
--  Ref Constraints for Table CUADRES
--------------------------------------------------------

  ALTER TABLE "SYSTEM"."CUADRES" ADD CONSTRAINT "FK_CUADRES_USUARIO" FOREIGN KEY ("IDUSUARIOCREA")
	  REFERENCES "SYSTEM"."USUARIO" ("IDUSUARIO") ENABLE;
  ALTER TABLE "SYSTEM"."CUADRES" ADD CONSTRAINT "FK_CUADRES_USUARIO1" FOREIGN KEY ("IDUSUARIOMODIF")
	  REFERENCES "SYSTEM"."USUARIO" ("IDUSUARIO") ENABLE;
--------------------------------------------------------
--  Ref Constraints for Table FORMAPAGO
--------------------------------------------------------

  ALTER TABLE "SYSTEM"."FORMAPAGO" ADD CONSTRAINT "FK_FORMAPAGO_MONEDA" FOREIGN KEY ("MONEDA")
	  REFERENCES "SYSTEM"."MONEDA" ("IDMONEDA") ENABLE;
  ALTER TABLE "SYSTEM"."FORMAPAGO" ADD CONSTRAINT "FK_FORMAPAGO_USUARIO" FOREIGN KEY ("IDUSUARIOCREA")
	  REFERENCES "SYSTEM"."USUARIO" ("IDUSUARIO") ENABLE;
  ALTER TABLE "SYSTEM"."FORMAPAGO" ADD CONSTRAINT "FK_FORMAPAGO_USUARIO1" FOREIGN KEY ("IDUSUARIOMODIF")
	  REFERENCES "SYSTEM"."USUARIO" ("IDUSUARIO") ENABLE;
  ALTER TABLE "SYSTEM"."FORMAPAGO" ADD CONSTRAINT "FK_FORMAPAGO_ESTADO" FOREIGN KEY ("ESTADO")
	  REFERENCES "SYSTEM"."ESTADO" ("IDESTADO") ENABLE;
--------------------------------------------------------
--  Ref Constraints for Table PROVEEDOR
--------------------------------------------------------

  ALTER TABLE "SYSTEM"."PROVEEDOR" ADD CONSTRAINT "FK_PROVEEDOR_CODPAIS" FOREIGN KEY ("CODIGOPAIS")
	  REFERENCES "SYSTEM"."CODPAIS" ("IDCOD") ENABLE;
  ALTER TABLE "SYSTEM"."PROVEEDOR" ADD CONSTRAINT "FK_PROVEEDOR_MUNI" FOREIGN KEY ("MUNICIPIO")
	  REFERENCES "SYSTEM"."MUNICIPIO" ("IDMUNI") ENABLE;
  ALTER TABLE "SYSTEM"."PROVEEDOR" ADD CONSTRAINT "FK_PROVEEDOR_DEPTO" FOREIGN KEY ("DEPARTAMENTO")
	  REFERENCES "SYSTEM"."DEPARTAMENTO" ("IDDEPTO") ENABLE;
  ALTER TABLE "SYSTEM"."PROVEEDOR" ADD CONSTRAINT "FK_PROVEEDOR_USUARIO" FOREIGN KEY ("IDUSUARIOCREA")
	  REFERENCES "SYSTEM"."USUARIO" ("IDUSUARIO") ENABLE;
  ALTER TABLE "SYSTEM"."PROVEEDOR" ADD CONSTRAINT "FK_PROVEEDOR_USUARIO1" FOREIGN KEY ("IDUSUARIOMODIF")
	  REFERENCES "SYSTEM"."USUARIO" ("IDUSUARIO") ENABLE;
  ALTER TABLE "SYSTEM"."PROVEEDOR" ADD CONSTRAINT "FK_PROVEEDOR_ESTADO" FOREIGN KEY ("ESTADO")
	  REFERENCES "SYSTEM"."ESTADO" ("IDESTADO") ENABLE;
--------------------------------------------------------
--  Ref Constraints for Table DETALLEFACC
--------------------------------------------------------

  ALTER TABLE "SYSTEM"."DETALLEFACC" ADD CONSTRAINT "FK_DETALLEFACC_FAC" FOREIGN KEY ("IDFACC")
	  REFERENCES "SYSTEM"."FACTURAC" ("NUMFACC") ENABLE;
  ALTER TABLE "SYSTEM"."DETALLEFACC" ADD CONSTRAINT "FK_DETALLEFACC_USUARIO" FOREIGN KEY ("IDUSUARIOCREA")
	  REFERENCES "SYSTEM"."USUARIO" ("IDUSUARIO") ENABLE;
  ALTER TABLE "SYSTEM"."DETALLEFACC" ADD CONSTRAINT "FK_DETALLEFACC_USUARIO1" FOREIGN KEY ("IDUSUARIOMODIF")
	  REFERENCES "SYSTEM"."USUARIO" ("IDUSUARIO") ENABLE;
  ALTER TABLE "SYSTEM"."DETALLEFACC" ADD CONSTRAINT "FK_DETALLEFACC_PRODUCTO" FOREIGN KEY ("PRODUCTO")
	  REFERENCES "SYSTEM"."INVENTARIO" ("IDPRODUCTO") ENABLE;
  ALTER TABLE "SYSTEM"."DETALLEFACC" ADD CONSTRAINT "FK_DETALLEFACC_ESTADO" FOREIGN KEY ("ESTADO")
	  REFERENCES "SYSTEM"."ESTADO" ("IDESTADO") ENABLE;
--------------------------------------------------------
--  Ref Constraints for Table ACCESO
--------------------------------------------------------

  ALTER TABLE "SYSTEM"."ACCESO" ADD CONSTRAINT "FK_ACCESO_USUARIO" FOREIGN KEY ("IDUSUARIO")
	  REFERENCES "SYSTEM"."USUARIO" ("IDUSUARIO") ENABLE;
  ALTER TABLE "SYSTEM"."ACCESO" ADD CONSTRAINT "FK_ACCESO_USUARIO1" FOREIGN KEY ("IDUSUARIOCREA")
	  REFERENCES "SYSTEM"."USUARIO" ("IDUSUARIO") ENABLE;
  ALTER TABLE "SYSTEM"."ACCESO" ADD CONSTRAINT "FK_ACCESO_ESTADO" FOREIGN KEY ("ESTADO")
	  REFERENCES "SYSTEM"."ESTADO" ("IDESTADO") ENABLE;
--------------------------------------------------------
--  Ref Constraints for Table MONEDA
--------------------------------------------------------

  ALTER TABLE "SYSTEM"."MONEDA" ADD CONSTRAINT "FK_MONEDA_USUARIO" FOREIGN KEY ("IDUSUARIOCREA")
	  REFERENCES "SYSTEM"."USUARIO" ("IDUSUARIO") ENABLE;
  ALTER TABLE "SYSTEM"."MONEDA" ADD CONSTRAINT "FK_MONEDA_USUARIO1" FOREIGN KEY ("IDUSUARIOMODIF")
	  REFERENCES "SYSTEM"."USUARIO" ("IDUSUARIO") ENABLE;
--------------------------------------------------------
--  Ref Constraints for Table INVENTARIO
--------------------------------------------------------

  ALTER TABLE "SYSTEM"."INVENTARIO" ADD CONSTRAINT "FK_INVENTARIO_PROV" FOREIGN KEY ("IDPROVEEDOR")
	  REFERENCES "SYSTEM"."PROVEEDOR" ("IDPROVEEDOR") ENABLE;
  ALTER TABLE "SYSTEM"."INVENTARIO" ADD CONSTRAINT "FK_INVENTARIO_BOD" FOREIGN KEY ("UBICACION")
	  REFERENCES "SYSTEM"."BODEGA" ("IDBODEGA") ENABLE;
  ALTER TABLE "SYSTEM"."INVENTARIO" ADD CONSTRAINT "FK_INVENTARIO_USUARIO" FOREIGN KEY ("IDUSUARIOCREA")
	  REFERENCES "SYSTEM"."USUARIO" ("IDUSUARIO") ENABLE;
  ALTER TABLE "SYSTEM"."INVENTARIO" ADD CONSTRAINT "FK_INVENTARIO_USUARIO1" FOREIGN KEY ("IDUSUARIOACTUA")
	  REFERENCES "SYSTEM"."USUARIO" ("IDUSUARIO") ENABLE;
  ALTER TABLE "SYSTEM"."INVENTARIO" ADD CONSTRAINT "FK_INVENTARIO_ESTADO" FOREIGN KEY ("ESTADO")
	  REFERENCES "SYSTEM"."ESTADO" ("IDESTADO") ENABLE;
--------------------------------------------------------
--  Ref Constraints for Table DETALLETRAS
--------------------------------------------------------

  ALTER TABLE "SYSTEM"."DETALLETRAS" ADD CONSTRAINT "FK_DETALLETRAS_TRAS" FOREIGN KEY ("IDTRASL")
	  REFERENCES "SYSTEM"."TRASLADO" ("IDTRASLADO") ENABLE;
  ALTER TABLE "SYSTEM"."DETALLETRAS" ADD CONSTRAINT "FK_DETALLETRAS_PRODUCTO" FOREIGN KEY ("PRODUCTO")
	  REFERENCES "SYSTEM"."INVENTARIO" ("IDPRODUCTO") ENABLE;
  ALTER TABLE "SYSTEM"."DETALLETRAS" ADD CONSTRAINT "FK_DETALLETRAS_USUARIO1" FOREIGN KEY ("IDUSUARIOCREA")
	  REFERENCES "SYSTEM"."USUARIO" ("IDUSUARIO") ENABLE;
  ALTER TABLE "SYSTEM"."DETALLETRAS" ADD CONSTRAINT "FK_DETALLETRAS_USUARIO2" FOREIGN KEY ("IDUSUARIOMODIF")
	  REFERENCES "SYSTEM"."USUARIO" ("IDUSUARIO") ENABLE;
--------------------------------------------------------
--  Ref Constraints for Table DETALLEOC
--------------------------------------------------------

  ALTER TABLE "SYSTEM"."DETALLEOC" ADD CONSTRAINT "FK_DETALLEOC_USUARIO1" FOREIGN KEY ("IDUSUARIOMODIF")
	  REFERENCES "SYSTEM"."USUARIO" ("IDUSUARIO") ENABLE;
  ALTER TABLE "SYSTEM"."DETALLEOC" ADD CONSTRAINT "FK_DETALLEOC_USUARIO" FOREIGN KEY ("IDUSUARIOCREA")
	  REFERENCES "SYSTEM"."USUARIO" ("IDUSUARIO") ENABLE;
  ALTER TABLE "SYSTEM"."DETALLEOC" ADD CONSTRAINT "FK_DETALLEOC_PRODUCTO" FOREIGN KEY ("PRODUCTO")
	  REFERENCES "SYSTEM"."INVENTARIO" ("IDPRODUCTO") ENABLE;
  ALTER TABLE "SYSTEM"."DETALLEOC" ADD CONSTRAINT "FK_DETALLEOC_ESTADO" FOREIGN KEY ("ESTADO")
	  REFERENCES "SYSTEM"."ESTADO" ("IDESTADO") ENABLE;
  ALTER TABLE "SYSTEM"."DETALLEOC" ADD CONSTRAINT "FK_DETALLECOT_OC" FOREIGN KEY ("IDOC")
	  REFERENCES "SYSTEM"."ORDENCOMPRA" ("IDORDEN") ENABLE;
--------------------------------------------------------
--  Ref Constraints for Table COTIZACION
--------------------------------------------------------

  ALTER TABLE "SYSTEM"."COTIZACION" ADD CONSTRAINT "FK_COTIZACION_CLIENTES" FOREIGN KEY ("IDCLIENTE")
	  REFERENCES "SYSTEM"."CLIENTES" ("IDCLIENTE") ENABLE;
  ALTER TABLE "SYSTEM"."COTIZACION" ADD CONSTRAINT "FK_COTIZACION_USUARIO" FOREIGN KEY ("IDUSUARIOCRE")
	  REFERENCES "SYSTEM"."USUARIO" ("IDUSUARIO") ENABLE;
  ALTER TABLE "SYSTEM"."COTIZACION" ADD CONSTRAINT "FK_COTIZACION_USUARIO1" FOREIGN KEY ("IDUSUARIOMODIF")
	  REFERENCES "SYSTEM"."USUARIO" ("IDUSUARIO") ENABLE;
  ALTER TABLE "SYSTEM"."COTIZACION" ADD CONSTRAINT "FK_COTIZACION_ESTADO" FOREIGN KEY ("ESTADO")
	  REFERENCES "SYSTEM"."ESTADO" ("IDESTADO") ENABLE;
--------------------------------------------------------
--  Ref Constraints for Table CLIENTES
--------------------------------------------------------

  ALTER TABLE "SYSTEM"."CLIENTES" ADD CONSTRAINT "FK_CLIENTES_CODPAIS" FOREIGN KEY ("CODIGOPAIS")
	  REFERENCES "SYSTEM"."CODPAIS" ("IDCOD") ENABLE;
  ALTER TABLE "SYSTEM"."CLIENTES" ADD CONSTRAINT "FK_CLIENTES_GENERO" FOREIGN KEY ("GENERO")
	  REFERENCES "SYSTEM"."GENERO" ("IDGENERO") ENABLE;
  ALTER TABLE "SYSTEM"."CLIENTES" ADD CONSTRAINT "FK_CLIENTES_MUNICIPIO" FOREIGN KEY ("MUNICIPIO")
	  REFERENCES "SYSTEM"."MUNICIPIO" ("IDMUNI") ENABLE;
  ALTER TABLE "SYSTEM"."CLIENTES" ADD CONSTRAINT "FK_CLIENTES_DEPARTAMENTO" FOREIGN KEY ("DEPARTAMENTO")
	  REFERENCES "SYSTEM"."DEPARTAMENTO" ("IDDEPTO") ENABLE;
  ALTER TABLE "SYSTEM"."CLIENTES" ADD CONSTRAINT "FK_CLIENTES_USUARIO" FOREIGN KEY ("IDUSUARIOCRE")
	  REFERENCES "SYSTEM"."USUARIO" ("IDUSUARIO") ENABLE;
  ALTER TABLE "SYSTEM"."CLIENTES" ADD CONSTRAINT "FK_CLIENTES_USUARIO1" FOREIGN KEY ("IDUSUARIOMOD")
	  REFERENCES "SYSTEM"."USUARIO" ("IDUSUARIO") ENABLE;
  ALTER TABLE "SYSTEM"."CLIENTES" ADD CONSTRAINT "FK_CLIENTES_ESTADO" FOREIGN KEY ("ESTADO")
	  REFERENCES "SYSTEM"."ESTADO" ("IDESTADO") ENABLE;
--------------------------------------------------------
--  Ref Constraints for Table BODEGA
--------------------------------------------------------

  ALTER TABLE "SYSTEM"."BODEGA" ADD CONSTRAINT "FK_BODEGA_CODPAIS" FOREIGN KEY ("CODIGOPAIS")
	  REFERENCES "SYSTEM"."CODPAIS" ("IDCOD") ENABLE;
  ALTER TABLE "SYSTEM"."BODEGA" ADD CONSTRAINT "FK_BODEGA_MUNI" FOREIGN KEY ("MUNICIPIO")
	  REFERENCES "SYSTEM"."MUNICIPIO" ("IDMUNI") ENABLE;
  ALTER TABLE "SYSTEM"."BODEGA" ADD CONSTRAINT "FK_BODEGA_DEPTO" FOREIGN KEY ("DEPARTAMENTO")
	  REFERENCES "SYSTEM"."DEPARTAMENTO" ("IDDEPTO") ENABLE;
  ALTER TABLE "SYSTEM"."BODEGA" ADD CONSTRAINT "FK_BODEGA_USUARIO" FOREIGN KEY ("IDUSUARIOCRE")
	  REFERENCES "SYSTEM"."USUARIO" ("IDUSUARIO") ENABLE;
  ALTER TABLE "SYSTEM"."BODEGA" ADD CONSTRAINT "FK_BODEGA_USUARIO1" FOREIGN KEY ("IDUSUARIOMOD")
	  REFERENCES "SYSTEM"."USUARIO" ("IDUSUARIO") ENABLE;
  ALTER TABLE "SYSTEM"."BODEGA" ADD CONSTRAINT "FK_BODEGA_ESTADO" FOREIGN KEY ("ESTADO")
	  REFERENCES "SYSTEM"."ESTADO" ("IDESTADO") ENABLE;
--------------------------------------------------------
--  Ref Constraints for Table DEPARTAMENTO
--------------------------------------------------------

  ALTER TABLE "SYSTEM"."DEPARTAMENTO" ADD CONSTRAINT "FK_DEPARTAMENTO_USUARIO" FOREIGN KEY ("IDUSUARIOMODIF")
	  REFERENCES "SYSTEM"."USUARIO" ("IDUSUARIO") ENABLE;
  ALTER TABLE "SYSTEM"."DEPARTAMENTO" ADD CONSTRAINT "FK_DEPARTAMENTO_USUARIO1" FOREIGN KEY ("IDUSUARIOCREA")
	  REFERENCES "SYSTEM"."USUARIO" ("IDUSUARIO") ENABLE;
--------------------------------------------------------
--  Ref Constraints for Table EMPRESA
--------------------------------------------------------

  ALTER TABLE "SYSTEM"."EMPRESA" ADD CONSTRAINT "FK_EMPRESA_MUNICIPIO" FOREIGN KEY ("MUNICIPIO")
	  REFERENCES "SYSTEM"."MUNICIPIO" ("IDMUNI") ENABLE;
  ALTER TABLE "SYSTEM"."EMPRESA" ADD CONSTRAINT "FK_EMPRESA_DEPARTAMENTO" FOREIGN KEY ("DEPARTAMENTO")
	  REFERENCES "SYSTEM"."DEPARTAMENTO" ("IDDEPTO") ENABLE;
  ALTER TABLE "SYSTEM"."EMPRESA" ADD CONSTRAINT "FK_EMPRESA_CODPAIS" FOREIGN KEY ("CODPAIS")
	  REFERENCES "SYSTEM"."CODPAIS" ("IDCOD") ENABLE;
  ALTER TABLE "SYSTEM"."EMPRESA" ADD CONSTRAINT "FK_EMPRESA_USUARIO" FOREIGN KEY ("IDUSUARIOCREA")
	  REFERENCES "SYSTEM"."USUARIO" ("IDUSUARIO") ENABLE;
  ALTER TABLE "SYSTEM"."EMPRESA" ADD CONSTRAINT "FK_EMPRESA_USUARIO1" FOREIGN KEY ("IDUSUARIOMODIF")
	  REFERENCES "SYSTEM"."USUARIO" ("IDUSUARIO") ENABLE;
  ALTER TABLE "SYSTEM"."EMPRESA" ADD CONSTRAINT "FK_EMPRESA_ESTADO" FOREIGN KEY ("ESTADO")
	  REFERENCES "SYSTEM"."ESTADO" ("IDESTADO") ENABLE;
--------------------------------------------------------
--  Ref Constraints for Table ROL
--------------------------------------------------------

  ALTER TABLE "SYSTEM"."ROL" ADD CONSTRAINT "FK_ROL_ESTADO" FOREIGN KEY ("ESTADO")
	  REFERENCES "SYSTEM"."ESTADO" ("IDESTADO") ENABLE;
  ALTER TABLE "SYSTEM"."ROL" ADD CONSTRAINT "FK_ROL_USUARIO" FOREIGN KEY ("IDUSUARIOCREA")
	  REFERENCES "SYSTEM"."USUARIO" ("IDUSUARIO") ENABLE;
  ALTER TABLE "SYSTEM"."ROL" ADD CONSTRAINT "FK_ROL_USUARIO1" FOREIGN KEY ("IDUSUARIOMODIF")
	  REFERENCES "SYSTEM"."USUARIO" ("IDUSUARIO") ENABLE;
--------------------------------------------------------
--  Ref Constraints for Table COLABORADOR
--------------------------------------------------------

  ALTER TABLE "SYSTEM"."COLABORADOR" ADD CONSTRAINT "FK_COLABORADOR_GENERO" FOREIGN KEY ("GENERO")
	  REFERENCES "SYSTEM"."GENERO" ("IDGENERO") ENABLE;
  ALTER TABLE "SYSTEM"."COLABORADOR" ADD CONSTRAINT "FK_COLABORADOR_CODPAIS" FOREIGN KEY ("CODIGOPAIS")
	  REFERENCES "SYSTEM"."CODPAIS" ("IDCOD") ENABLE;
  ALTER TABLE "SYSTEM"."COLABORADOR" ADD CONSTRAINT "FK_COLABORADOR_MUNI" FOREIGN KEY ("MUNICIPIO")
	  REFERENCES "SYSTEM"."MUNICIPIO" ("IDMUNI") ENABLE;
  ALTER TABLE "SYSTEM"."COLABORADOR" ADD CONSTRAINT "FK_COLABORADOR_DEPA" FOREIGN KEY ("DEPARTAMENTO")
	  REFERENCES "SYSTEM"."DEPARTAMENTO" ("IDDEPTO") ENABLE;
  ALTER TABLE "SYSTEM"."COLABORADOR" ADD CONSTRAINT "FK_COLABORADOR_USUARIO" FOREIGN KEY ("IDCREADOR")
	  REFERENCES "SYSTEM"."USUARIO" ("IDUSUARIO") ENABLE;
  ALTER TABLE "SYSTEM"."COLABORADOR" ADD CONSTRAINT "FK_COLABORADOR_USUARIO1" FOREIGN KEY ("IDMODIF")
	  REFERENCES "SYSTEM"."USUARIO" ("IDUSUARIO") ENABLE;
  ALTER TABLE "SYSTEM"."COLABORADOR" ADD CONSTRAINT "FK_COLABORADOR_CATCOLA" FOREIGN KEY ("CATECOLA")
	  REFERENCES "SYSTEM"."CATCOLA" ("IDCAT") ENABLE;
  ALTER TABLE "SYSTEM"."COLABORADOR" ADD CONSTRAINT "FK_COLABORADOR_ECIVIL" FOREIGN KEY ("ESTADO_CIVIL")
	  REFERENCES "SYSTEM"."ESTADO_CIVIL" ("IDECIVIL") ENABLE;
--------------------------------------------------------
--  Ref Constraints for Table GENERO
--------------------------------------------------------

  ALTER TABLE "SYSTEM"."GENERO" ADD CONSTRAINT "FK_GENERO_USUARIO" FOREIGN KEY ("IDUSUARIOCREA")
	  REFERENCES "SYSTEM"."USUARIO" ("IDUSUARIO") ENABLE;
  ALTER TABLE "SYSTEM"."GENERO" ADD CONSTRAINT "FK_GENERO_USUARIO1" FOREIGN KEY ("IDUSUARIOMODIF")
	  REFERENCES "SYSTEM"."USUARIO" ("IDUSUARIO") ENABLE;
  ALTER TABLE "SYSTEM"."GENERO" ADD CONSTRAINT "FK_GENERO_ESTADO" FOREIGN KEY ("ESTADO")
	  REFERENCES "SYSTEM"."ESTADO" ("IDESTADO") ENABLE;
--------------------------------------------------------
--  Ref Constraints for Table BITACORA
--------------------------------------------------------

  ALTER TABLE "SYSTEM"."BITACORA" ADD CONSTRAINT "FK_BITACORA_USUARIO" FOREIGN KEY ("USUARIO")
	  REFERENCES "SYSTEM"."USUARIO" ("IDUSUARIO") ENABLE;
  ALTER TABLE "SYSTEM"."BITACORA" ADD CONSTRAINT "FK_BITACORA_USUARIO1" FOREIGN KEY ("IDUSUARIOCREA")
	  REFERENCES "SYSTEM"."USUARIO" ("IDUSUARIO") ENABLE;
  ALTER TABLE "SYSTEM"."BITACORA" ADD CONSTRAINT "FK_BITACORA_USUARIO2" FOREIGN KEY ("IDUSUARIOMODIF")
	  REFERENCES "SYSTEM"."USUARIO" ("IDUSUARIO") ENABLE;
--------------------------------------------------------
--  Ref Constraints for Table MUNICIPIO
--------------------------------------------------------

  ALTER TABLE "SYSTEM"."MUNICIPIO" ADD CONSTRAINT "FK_MUNICIPIO_DEPARTAMENTO" FOREIGN KEY ("DEPARTAMENTO")
	  REFERENCES "SYSTEM"."DEPARTAMENTO" ("IDDEPTO") ENABLE;
  ALTER TABLE "SYSTEM"."MUNICIPIO" ADD CONSTRAINT "FK_MUNICIPIO_USUARIO" FOREIGN KEY ("IDUSUARIOCREA")
	  REFERENCES "SYSTEM"."USUARIO" ("IDUSUARIO") ENABLE;
  ALTER TABLE "SYSTEM"."MUNICIPIO" ADD CONSTRAINT "FK_MUNICIPIO_USUARIO1" FOREIGN KEY ("IDUSUARIOMODIF")
	  REFERENCES "SYSTEM"."USUARIO" ("IDUSUARIO") ENABLE;
  ALTER TABLE "SYSTEM"."MUNICIPIO" ADD CONSTRAINT "FK_MUNICIPIO_ESTADO" FOREIGN KEY ("ESTADO")
	  REFERENCES "SYSTEM"."ESTADO" ("IDESTADO") ENABLE;
--------------------------------------------------------
--  Ref Constraints for Table DETALLEFACV
--------------------------------------------------------

  ALTER TABLE "SYSTEM"."DETALLEFACV" ADD CONSTRAINT "FK_DETALLEFACV_PRODUCTO" FOREIGN KEY ("PRODUCTO")
	  REFERENCES "SYSTEM"."INVENTARIO" ("IDPRODUCTO") ENABLE;
  ALTER TABLE "SYSTEM"."DETALLEFACV" ADD CONSTRAINT "FK_DETALLEFACV_USUARIO" FOREIGN KEY ("IDUSUARIOCREA")
	  REFERENCES "SYSTEM"."USUARIO" ("IDUSUARIO") ENABLE;
  ALTER TABLE "SYSTEM"."DETALLEFACV" ADD CONSTRAINT "FK_DETALLEFACV_USUARIO1" FOREIGN KEY ("IDUSUARIOMODIF")
	  REFERENCES "SYSTEM"."USUARIO" ("IDUSUARIO") ENABLE;
  ALTER TABLE "SYSTEM"."DETALLEFACV" ADD CONSTRAINT "FK_FACTURAV_DETALLEFACV" FOREIGN KEY ("IDFACV")
	  REFERENCES "SYSTEM"."FACTURAV" ("NUMFACV") ENABLE;
  ALTER TABLE "SYSTEM"."DETALLEFACV" ADD CONSTRAINT "FK_DETALLEFACV_ESTADO" FOREIGN KEY ("ESTADO")
	  REFERENCES "SYSTEM"."ESTADO" ("IDESTADO") ENABLE;
--------------------------------------------------------
--  Ref Constraints for Table ESTADO
--------------------------------------------------------

  ALTER TABLE "SYSTEM"."ESTADO" ADD CONSTRAINT "FK_ESTAOD_USUARIO" FOREIGN KEY ("IDUSUARIOCREA")
	  REFERENCES "SYSTEM"."USUARIO" ("IDUSUARIO") ENABLE;
  ALTER TABLE "SYSTEM"."ESTADO" ADD CONSTRAINT "FK_ESTAOD_USUARIO1" FOREIGN KEY ("IDUSUARIOMODIF")
	  REFERENCES "SYSTEM"."USUARIO" ("IDUSUARIO") ENABLE;
--------------------------------------------------------
--  Ref Constraints for Table ENVIO
--------------------------------------------------------

  ALTER TABLE "SYSTEM"."ENVIO" ADD CONSTRAINT "FK_ENVIO_FACV" FOREIGN KEY ("NOFACTURA")
	  REFERENCES "SYSTEM"."FACTURAV" ("NUMFACV") ENABLE;
  ALTER TABLE "SYSTEM"."ENVIO" ADD CONSTRAINT "FK_ENVIO_SUCURSAL" FOREIGN KEY ("ORIGENENVIO")
	  REFERENCES "SYSTEM"."SUCURSAL" ("IDSUCURSAL") ENABLE;
  ALTER TABLE "SYSTEM"."ENVIO" ADD CONSTRAINT "FK_ENVIO_COLA" FOREIGN KEY ("RESPONSABLE")
	  REFERENCES "SYSTEM"."COLABORADOR" ("IDCOLABORADOR") ENABLE;
  ALTER TABLE "SYSTEM"."ENVIO" ADD CONSTRAINT "FK_ENVIO_USUARIO" FOREIGN KEY ("IDUSUARIOCRE")
	  REFERENCES "SYSTEM"."USUARIO" ("IDUSUARIO") ENABLE;
  ALTER TABLE "SYSTEM"."ENVIO" ADD CONSTRAINT "FK_ENVIO_USUARIO1" FOREIGN KEY ("IDUSUARIOMOD")
	  REFERENCES "SYSTEM"."USUARIO" ("IDUSUARIO") ENABLE;
--------------------------------------------------------
--  Ref Constraints for Table USUARIO
--------------------------------------------------------

  ALTER TABLE "SYSTEM"."USUARIO" ADD CONSTRAINT "USUARIO_ROL" FOREIGN KEY ("ROL")
	  REFERENCES "SYSTEM"."ROL" ("IDROL") ENABLE;
  ALTER TABLE "SYSTEM"."USUARIO" ADD CONSTRAINT "FK_USUARIO_ESTADO" FOREIGN KEY ("ESTADO")
	  REFERENCES "SYSTEM"."ESTADO" ("IDESTADO") ENABLE;
